# Blender 5.1.1
# www.blender.org
mtllib Starter_Blocky_Rig.mtl
g Torso_Torso
v -0.900106 3.900106 0.480743
v -0.900106 2.099892 0.480742
v 0.900106 2.099892 0.480741
v 0.900106 3.900106 0.480741
v -0.980740 3.900105 0.423917
v -0.980740 2.099892 0.423917
v 0.980741 2.099892 0.423915
v -0.900106 3.980740 0.423917
v -0.980741 3.900103 -0.423914
v -0.980741 2.099895 -0.423914
v -0.900106 2.019257 0.423916
v -0.900106 2.019260 -0.423914
v 0.900106 2.019257 0.423915
v 0.900106 2.019260 -0.423915
v 0.980740 2.099895 -0.423915
v 0.980740 3.900103 -0.423915
v 0.980741 3.900105 0.423916
v 0.900106 3.980740 0.423916
v 0.900106 3.980738 -0.423915
v -0.900106 3.980738 -0.423914
v -0.900106 3.900103 -0.480739
v -0.900106 2.099895 -0.480739
v 0.900106 2.099895 -0.480741
v 0.900106 3.900103 -0.480740
v -0.133572 3.989164 -0.425118
v 0.133571 3.989164 -0.425118
v 0.400714 3.989164 -0.425118
v 0.667857 3.989164 -0.425119
v 0.667857 2.098688 0.489167
v 0.400715 2.098688 0.489167
v 0.133572 2.098688 0.489167
v -0.133571 2.098688 0.489168
v -0.400714 2.098688 0.489168
v -0.667857 2.098688 0.489168
v 0.667858 3.901309 0.489167
v 0.400715 3.901309 0.489168
v 0.133572 3.901309 0.489168
v -0.133571 3.901309 0.489168
v -0.400714 3.901309 0.489168
v -0.667857 3.901309 0.489168
v 0.989167 3.667857 0.425120
v 0.989167 3.400713 0.425121
v 0.989167 3.133570 0.425121
v 0.989167 2.866427 0.425121
v 0.989167 2.599284 0.425120
v 0.989167 2.332141 0.425120
v 0.901309 3.667855 -0.489166
v 0.901309 3.400712 -0.489165
v 0.901309 3.133570 -0.489165
v 0.901309 2.866428 -0.489165
v 0.901309 2.599285 -0.489165
v 0.901309 2.332143 -0.489166
v -0.901310 2.332143 -0.489165
v -0.901310 2.599285 -0.489164
v -0.901310 2.866428 -0.489164
v -0.901310 3.133570 -0.489164
v -0.901310 3.400712 -0.489164
v -0.901310 3.667854 -0.489164
v -0.989167 2.332143 -0.425117
v -0.989167 2.599285 -0.425117
v -0.989167 2.866428 -0.425116
v -0.989167 3.133570 -0.425116
v -0.989167 3.400712 -0.425116
v -0.989167 3.667855 -0.425117
v -0.989166 2.332141 0.425121
v -0.989166 2.599284 0.425122
v -0.989166 2.866427 0.425122
v -0.989166 3.133570 0.425122
v -0.989166 3.400713 0.425122
v -0.989166 3.667857 0.425121
v 0.989166 3.667855 -0.425118
v 0.989166 3.400712 -0.425118
v 0.989166 3.133570 -0.425117
v 0.989166 2.866428 -0.425117
v 0.989166 2.599285 -0.425118
v 0.989166 2.332143 -0.425118
v 0.901310 3.667857 0.489168
v 0.901310 3.400714 0.489168
v 0.901310 3.133570 0.489168
v 0.901310 2.866427 0.489168
v 0.901310 2.599284 0.489168
v 0.901310 2.332141 0.489168
v -0.901309 2.332141 0.489169
v -0.901309 2.599284 0.489169
v -0.901309 2.866427 0.489170
v -0.901309 3.133570 0.489170
v -0.901309 3.400714 0.489169
v -0.901309 3.667857 0.489169
v 0.667857 2.010834 -0.425119
v 0.400714 2.010834 -0.425119
v 0.133571 2.010834 -0.425119
v -0.133572 2.010834 -0.425119
v -0.400715 2.010834 -0.425118
v -0.667858 2.010834 -0.425118
v -0.667857 3.989166 0.425120
v -0.400714 3.989166 0.425120
v -0.133571 3.989166 0.425120
v 0.133572 3.989166 0.425120
v 0.400715 3.989166 0.425120
v 0.667858 3.989166 0.425120
v 0.667857 2.010831 0.425119
v 0.400715 2.010831 0.425119
v 0.133572 2.010831 0.425119
v -0.133571 2.010831 0.425120
v -0.400714 2.010831 0.425120
v -0.667857 2.010831 0.425120
v 0.667857 3.901306 -0.489166
v 0.400714 3.901306 -0.489166
v 0.133571 3.901306 -0.489166
v -0.133572 3.901306 -0.489165
v -0.400715 3.901306 -0.489165
v -0.667858 3.901306 -0.489165
v 0.667857 2.098691 -0.489166
v 0.400714 2.098691 -0.489166
v 0.133571 2.098691 -0.489166
v -0.133572 2.098691 -0.489166
v -0.400715 2.098691 -0.489166
v -0.667858 2.098691 -0.489166
v -0.667857 3.989164 -0.425118
v -0.400715 3.989164 -0.425118
v -0.667857 2.332141 0.500002
v -0.400714 2.332141 0.500002
v -0.133571 2.332141 0.500002
v 0.133572 2.332141 0.500001
v 0.400715 2.332141 0.500001
v 0.667857 2.332141 0.500001
v -0.667857 2.599284 0.500002
v -0.400714 2.599284 0.500002
v -0.133571 2.599284 0.500002
v 0.133572 2.599284 0.500002
v 0.400715 2.599284 0.500002
v 0.667858 2.599284 0.500002
v -0.667857 2.866427 0.500003
v -0.400714 2.866427 0.500003
v -0.133571 2.866427 0.500002
v 0.133572 2.866427 0.500002
v 0.400715 2.866427 0.500002
v 0.667858 2.866427 0.500002
v -0.667857 3.133570 0.500003
v -0.400714 3.133570 0.500003
v -0.133571 3.133570 0.500002
v 0.133572 3.133570 0.500002
v 0.400715 3.133570 0.500002
v 0.667858 3.133570 0.500002
v -0.667857 3.400714 0.500003
v -0.400714 3.400714 0.500002
v -0.133571 3.400714 0.500002
v 0.133572 3.400714 0.500002
v 0.400715 3.400714 0.500002
v 0.667858 3.400714 0.500002
v -0.667857 3.667857 0.500002
v -0.400714 3.667857 0.500002
v -0.133571 3.667857 0.500002
v 0.133572 3.667857 0.500002
v 0.400715 3.667857 0.500001
v 0.667858 3.667857 0.500001
v 0.667857 2.332143 -0.499999
v 0.400714 2.332143 -0.499999
v 0.133571 2.332143 -0.499999
v -0.133572 2.332143 -0.499999
v -0.400715 2.332143 -0.499998
v -0.667857 2.332143 -0.499998
v 0.667857 2.599285 -0.499999
v 0.400714 2.599285 -0.499998
v 0.133571 2.599285 -0.499998
v -0.133572 2.599285 -0.499998
v -0.400715 2.599285 -0.499998
v -0.667858 2.599285 -0.499998
v 0.667857 2.866428 -0.499998
v 0.400714 2.866428 -0.499998
v 0.133571 2.866428 -0.499998
v -0.133572 2.866428 -0.499998
v -0.400715 2.866428 -0.499998
v -0.667858 2.866428 -0.499997
v 0.667857 3.133570 -0.499998
v 0.400714 3.133570 -0.499998
v 0.133571 3.133570 -0.499998
v -0.133572 3.133570 -0.499998
v -0.400715 3.133570 -0.499997
v -0.667858 3.133570 -0.499997
v 0.667857 3.400712 -0.499998
v 0.400714 3.400712 -0.499998
v 0.133571 3.400712 -0.499998
v -0.133572 3.400712 -0.499998
v -0.400715 3.400712 -0.499998
v -0.667858 3.400712 -0.499998
v 0.667857 3.667854 -0.499999
v 0.400714 3.667854 -0.499999
v 0.133571 3.667854 -0.499998
v -0.133572 3.667854 -0.499998
v -0.400715 3.667854 -0.499998
v -0.667858 3.667854 -0.499998
v -0.989167 3.901309 0.310716
v -0.989167 3.901308 0.186430
v -0.989167 3.901308 0.062145
v -0.989167 3.901308 -0.062141
v -0.989167 3.901308 -0.186427
v -0.989167 3.901307 -0.310713
v -0.989167 2.098689 0.310716
v -0.989167 2.098689 0.186430
v -0.989167 2.098689 0.062144
v -0.989167 2.098690 -0.062141
v -0.989167 2.098690 -0.186427
v -0.989167 2.098691 -0.310713
v 0.989167 3.901307 -0.310714
v 0.989167 3.901308 -0.186428
v 0.989167 3.901308 -0.062142
v 0.989167 3.901308 0.062143
v 0.989167 3.901308 0.186429
v 0.989167 3.901309 0.310715
v -0.901309 3.989166 0.310716
v -0.901310 3.989165 0.186430
v -0.901310 3.989165 0.062144
v -0.901310 3.989165 -0.062141
v -0.901310 3.989165 -0.186427
v -0.901310 3.989164 -0.310713
v 0.901310 2.010831 0.310714
v 0.901310 2.010832 0.186429
v 0.901310 2.010832 0.062143
v 0.901310 2.010833 -0.062143
v 0.901310 2.010833 -0.186429
v 0.901309 2.010834 -0.310714
v 0.901310 3.989166 0.310715
v 0.901310 3.989165 0.186429
v 0.901310 3.989165 0.062143
v 0.901310 3.989165 -0.062143
v 0.901309 3.989165 -0.186428
v 0.901309 3.989164 -0.310714
v 0.989167 2.098691 -0.310714
v 0.989167 2.098690 -0.186428
v 0.989167 2.098690 -0.062143
v 0.989167 2.098689 0.062143
v 0.989167 2.098689 0.186429
v 0.989167 2.098689 0.310714
v -0.901310 2.010834 -0.310713
v -0.901310 2.010833 -0.186427
v -0.901310 2.010833 -0.062142
v -0.901310 2.010832 0.062144
v -0.901309 2.010832 0.186430
v -0.901309 2.010831 0.310715
v 1.000000 3.133570 0.310716
v 1.000000 3.133570 0.186430
v 1.000000 3.133570 0.062144
v 1.000000 3.133570 -0.062141
v 1.000000 3.133570 -0.186427
v 1.000000 3.133570 -0.310713
v 1.000000 2.332141 0.310715
v 1.000000 2.332141 0.186429
v 1.000000 2.332142 0.062144
v 1.000000 2.332142 -0.062142
v 1.000000 2.332143 -0.186428
v 1.000000 2.332143 -0.310714
v 1.000000 2.599284 0.310716
v 1.000000 2.599284 0.186430
v 1.000000 2.599285 0.062144
v 1.000000 2.599285 -0.062142
v 1.000000 2.599285 -0.186427
v 1.000000 2.599285 -0.310713
v 1.000000 2.866427 0.310716
v 1.000000 2.866427 0.186430
v 1.000000 2.866427 0.062144
v 1.000000 2.866427 -0.062141
v 1.000000 2.866428 -0.186427
v 1.000000 2.866428 -0.310713
v 1.000000 3.400713 0.310716
v 1.000000 3.400713 0.186430
v 1.000000 3.400713 0.062144
v 1.000000 3.400713 -0.062141
v 1.000000 3.400713 -0.186427
v 1.000000 3.400713 -0.310713
v 1.000000 3.667856 0.310715
v 1.000000 3.667856 0.186430
v 1.000000 3.667856 0.062144
v 1.000000 3.667856 -0.062142
v 1.000000 3.667855 -0.186428
v 1.000000 3.667855 -0.310713
v -1.000000 3.667856 0.310717
v -1.000000 3.667856 0.186431
v -1.000000 3.667856 0.062145
v -1.000000 3.667855 -0.062141
v -1.000000 3.667855 -0.186426
v -1.000000 3.667855 -0.310712
v -1.000000 3.400713 0.310717
v -1.000000 3.400713 0.186431
v -1.000000 3.400713 0.062146
v -1.000000 3.400713 -0.062140
v -1.000000 3.400713 -0.186426
v -1.000000 3.400713 -0.310712
v -1.000000 3.133570 0.310717
v -1.000000 3.133570 0.186432
v -1.000000 3.133570 0.062146
v -1.000000 3.133570 -0.062140
v -1.000000 3.133570 -0.186426
v -1.000000 3.133570 -0.310711
v -1.000000 2.866427 0.310717
v -1.000000 2.866427 0.186431
v -1.000000 2.866427 0.062146
v -1.000000 2.866427 -0.062140
v -1.000000 2.866428 -0.186426
v -1.000000 2.866428 -0.310711
v -1.000000 2.599284 0.310717
v -1.000000 2.599284 0.186431
v -1.000000 2.599284 0.062145
v -1.000000 2.599285 -0.062140
v -1.000000 2.599285 -0.186426
v -1.000000 2.599285 -0.310712
v -1.000000 2.332141 0.310716
v -1.000000 2.332141 0.186431
v -1.000000 2.332142 0.062145
v -1.000000 2.332142 -0.062141
v -1.000000 2.332143 -0.186427
v -1.000000 2.332143 -0.310712
v -0.667857 3.999999 0.310716
v -0.667857 3.999999 0.186430
v -0.667857 3.999999 0.062144
v -0.667857 3.999998 -0.062142
v -0.667857 3.999998 -0.186427
v -0.667857 3.999997 -0.310713
v -0.400714 3.999999 0.310715
v -0.400714 3.999999 0.186430
v -0.400714 3.999999 0.062144
v -0.400714 3.999998 -0.062142
v -0.400714 3.999998 -0.186427
v -0.400715 3.999997 -0.310713
v -0.133571 3.999999 0.310715
v -0.133571 3.999999 0.186430
v -0.133571 3.999999 0.062144
v -0.133571 3.999998 -0.062142
v -0.133572 3.999998 -0.186428
v -0.133572 3.999997 -0.310713
v 0.133572 3.999999 0.310715
v 0.133572 3.999999 0.186429
v 0.133572 3.999999 0.062144
v 0.133571 3.999998 -0.062142
v 0.133571 3.999998 -0.186428
v 0.133571 3.999997 -0.310713
v 0.400715 3.999999 0.310715
v 0.400714 3.999999 0.186429
v 0.400714 3.999999 0.062143
v 0.400714 3.999998 -0.062142
v 0.400714 3.999998 -0.186428
v 0.400714 3.999997 -0.310714
v 0.667857 3.999999 0.310715
v 0.667857 3.999999 0.186429
v 0.667857 3.999999 0.062143
v 0.667857 3.999998 -0.062142
v 0.667857 3.999998 -0.186428
v 0.667857 3.999997 -0.310714
v 0.667857 1.999998 0.310714
v 0.667857 1.999999 0.186429
v 0.667857 1.999999 0.062143
v 0.667857 1.999999 -0.062143
v 0.667857 2.000000 -0.186429
v 0.667857 2.000000 -0.310714
v 0.400714 1.999998 0.310715
v 0.400714 1.999999 0.186429
v 0.400714 1.999999 0.062143
v 0.400714 1.999999 -0.062143
v 0.400714 2.000000 -0.186428
v 0.400714 2.000000 -0.310714
v 0.133572 1.999998 0.310715
v 0.133572 1.999999 0.186429
v 0.133571 1.999999 0.062143
v 0.133571 1.999999 -0.062142
v 0.133571 2.000000 -0.186428
v 0.133571 2.000000 -0.310714
v -0.133571 1.999998 0.310715
v -0.133571 1.999999 0.186429
v -0.133571 1.999999 0.062143
v -0.133572 1.999999 -0.062142
v -0.133572 2.000000 -0.186428
v -0.133572 2.000000 -0.310714
v -0.400714 1.999998 0.310715
v -0.400714 1.999999 0.186429
v -0.400714 1.999999 0.062144
v -0.400714 1.999999 -0.062142
v -0.400714 2.000000 -0.186428
v -0.400715 2.000000 -0.310714
v -0.667857 1.999998 0.310715
v -0.667857 1.999999 0.186429
v -0.667857 1.999999 0.062144
v -0.667857 1.999999 -0.062142
v -0.667857 2.000000 -0.186428
v -0.667857 2.000000 -0.310713
v -0.957872 3.898601 0.460850
v 0.957872 2.101397 0.460848
v -0.957872 3.957871 0.422412
v -0.957872 2.042126 0.422412
v 0.957872 3.957871 0.422411
v -0.957872 2.101397 0.460850
v -0.957872 2.101399 -0.460847
v 0.957872 2.042129 -0.422411
v -0.988114 3.901156 -0.371470
v -0.988114 2.098841 -0.371470
v 0.957872 2.101399 -0.460848
v -0.957872 3.898598 -0.460846
v 0.988114 3.901158 0.371472
v 0.957872 3.898598 -0.460848
v -0.898601 3.957872 0.460850
v -0.898601 2.042126 0.460849
v 0.898602 3.957872 0.460849
v -0.901159 3.988111 -0.371470
v 0.901159 2.011887 -0.371472
v 0.957872 2.042126 0.422411
v 0.901159 3.988111 -0.371471
v -0.957872 3.957869 -0.422409
v -0.898602 3.957869 -0.460847
v -0.957872 2.042129 -0.422410
v 0.957872 3.957869 -0.422410
v 0.898602 2.042125 0.460848
v 0.988114 2.098839 0.371472
v 0.957872 3.898601 0.460849
v 0.898601 3.957869 -0.460848
v -0.901159 2.011884 0.371473
v -0.898602 2.042129 -0.460847
v 0.898601 2.042129 -0.460848
v -0.961935 2.332143 -0.464909
v 0.998646 3.133570 -0.371620
v 0.961934 2.599285 -0.464909
v 0.961934 3.667855 -0.464910
v 0.989167 2.732856 0.425121
v 0.901309 3.267141 -0.489165
v 0.901159 2.202934 -0.488113
v -0.901310 3.267141 -0.489164
v -0.989167 2.732857 -0.425116
v -0.988114 3.797064 -0.424967
v -0.989166 3.267142 0.425122
v 0.989166 3.267141 -0.425118
v 0.988113 2.202934 -0.424968
v 0.901310 2.732856 0.489168
v -0.901309 2.732856 0.489169
v -0.901159 3.797066 0.488115
v -0.961935 3.133570 -0.464908
v -0.961935 2.866428 -0.464908
v -0.961935 2.599285 -0.464908
v -0.901159 2.202931 0.488115
v 0.998646 2.332143 -0.371621
v 0.998646 2.599285 -0.371621
v 0.998646 2.866428 -0.371620
v 0.901160 3.797066 0.488114
v 0.998646 3.400712 -0.371621
v 0.998646 3.667855 -0.371621
v 0.961934 2.332143 -0.464910
v 0.988113 3.797064 -0.424968
v 0.961934 2.866428 -0.464909
v 0.961934 3.133570 -0.464909
v 0.961934 3.400712 -0.464909
v -0.988113 2.202931 0.424970
v 0.989167 3.534285 0.425120
v 0.989167 3.267142 0.425121
v 0.989167 2.999999 0.425121
v -0.988114 2.202934 -0.424967
v 0.989167 2.465713 0.425120
v 0.988114 2.202931 0.424969
v 0.901309 3.534283 -0.489165
v -0.901159 2.202934 -0.488112
v 0.901309 2.999999 -0.489165
v 0.901309 2.732857 -0.489165
v 0.901309 2.465714 -0.489166
v 0.901159 3.797064 -0.488113
v -0.901310 2.465714 -0.489164
v -0.901310 2.732857 -0.489164
v -0.901310 2.999999 -0.489164
v 0.988114 3.797066 0.424969
v -0.534286 2.599285 -0.499998
v -0.267143 2.599285 -0.499998
v -0.000000 2.599285 -0.499998
v 0.267143 2.599285 -0.499998
v 0.534286 2.599285 -0.499998
v 0.797217 2.599285 -0.498644
v -0.534286 2.332143 -0.499998
v -0.267143 2.332143 -0.499998
v -0.000000 2.332143 -0.499999
v 0.267143 2.332143 -0.499999
v 0.534286 2.332143 -0.499999
v 0.797217 2.332143 -0.498645
v 0.534286 3.667857 0.500001
v 0.267143 3.667857 0.500001
v 0.000000 3.667857 0.500002
v -0.267143 3.667857 0.500002
v -0.534285 3.667857 0.500002
v -0.797217 3.667857 0.498648
v 0.534286 3.400714 0.500002
v 0.267143 3.400714 0.500002
v 0.000000 3.400714 0.500002
v -0.267143 3.400714 0.500002
v -0.534286 3.400714 0.500003
v -0.797217 3.400713 0.498648
v 0.534286 3.133570 0.500002
v 0.267143 3.133570 0.500002
v 0.000000 3.133570 0.500002
v -0.267143 3.133570 0.500003
v -0.534286 3.133570 0.500003
v -0.797217 3.133570 0.498649
v 0.534286 2.866427 0.500002
v 0.267143 2.866427 0.500002
v -0.901310 3.534283 -0.489164
v -0.901159 3.797064 -0.488111
v -0.989167 2.465714 -0.425117
v 0.797067 3.901159 0.488114
v -0.989167 2.999999 -0.425116
v -0.989167 3.267141 -0.425116
v -0.989167 3.534283 -0.425117
v 0.797067 2.098838 0.488114
v -0.989166 2.465713 0.425121
v -0.989166 2.732856 0.425122
v -0.989166 2.999999 0.425122
v -0.797067 3.988111 -0.424967
v -0.989166 3.534285 0.425122
v -0.988113 3.797066 0.424971
v 0.989166 3.534283 -0.425118
v 0.797067 2.098842 -0.488113
v 0.989166 2.999999 -0.425117
v 0.989166 2.732857 -0.425118
v 0.989166 2.465714 -0.425118
v 0.797067 3.901156 -0.488113
v 0.901310 3.534285 0.489168
v 0.901310 3.267142 0.489168
v 0.901310 2.999999 0.489168
v 0.797067 2.011884 0.424969
v 0.901310 2.465713 0.489168
v 0.901159 2.202931 0.488114
v -0.901309 2.465713 0.489169
v -0.797067 3.988113 0.424970
v -0.901309 2.999999 0.489170
v -0.901309 3.267142 0.489169
v -0.901309 3.534285 0.489169
v 0.797067 2.011887 -0.424969
v 0.000000 2.866427 0.500002
v -0.267143 2.866427 0.500003
v -0.534285 2.866427 0.500003
v -0.797217 2.866427 0.498649
v 0.534286 2.599284 0.500002
v 0.267143 2.599284 0.500002
v 0.000000 2.599284 0.500002
v -0.267143 2.599284 0.500002
v -0.534285 2.599284 0.500002
v -0.797217 2.599284 0.498648
v 0.534286 2.332141 0.500001
v 0.267143 2.332141 0.500001
v 0.000000 2.332141 0.500001
v -0.267143 2.332141 0.500002
v -0.534285 2.332141 0.500002
v -0.797217 2.332141 0.498648
v 0.534285 2.010834 -0.425119
v 0.267143 2.010834 -0.425119
v -0.000000 2.010834 -0.425119
v -0.267143 2.010834 -0.425119
v -0.534286 2.010834 -0.425118
v -0.797067 2.011887 -0.424968
v -0.534285 3.989166 0.425120
v -0.267143 3.989166 0.425120
v 0.000000 3.989166 0.425120
v 0.267143 3.989166 0.425120
v 0.534286 3.989166 0.425120
v 0.797067 3.988113 0.424969
v 0.534286 2.010831 0.425119
v 0.267143 2.010831 0.425119
v 0.000000 2.010831 0.425120
v -0.267143 2.010831 0.425120
v -0.534285 2.010831 0.425120
v -0.797067 2.011884 0.424970
v 0.534285 3.901306 -0.489166
v 0.267143 3.901306 -0.489166
v -0.000000 3.901306 -0.489166
v -0.267143 3.901306 -0.489165
v -0.534286 3.901306 -0.489165
v -0.797067 3.901156 -0.488112
v 0.534285 2.098691 -0.489166
v 0.267143 2.098691 -0.489166
v -0.000000 2.098691 -0.489166
v -0.267143 2.098691 -0.489166
v -0.534286 2.098691 -0.489166
v -0.797067 2.098842 -0.488112
v -0.534286 3.989164 -0.425118
v -0.267143 3.989164 -0.425118
v -0.000000 3.989164 -0.425118
v 0.267143 3.989164 -0.425118
v 0.534285 3.989164 -0.425119
v 0.797067 3.988111 -0.424968
v 0.534286 2.098688 0.489167
v 0.267143 2.098688 0.489167
v 0.000000 2.098688 0.489167
v -0.267143 2.098688 0.489168
v -0.534285 2.098688 0.489168
v -0.797066 2.098838 0.488115
v 0.534286 3.901309 0.489167
v 0.267143 3.901309 0.489168
v 0.000000 3.901309 0.489168
v -0.267143 3.901309 0.489168
v -0.534285 3.901309 0.489168
v -0.797067 3.901159 0.488115
v 0.797218 2.332141 0.498647
v 0.797218 2.599284 0.498647
v 0.797218 2.866427 0.498648
v 0.797218 3.133570 0.498648
v 0.797218 3.400714 0.498647
v 0.797218 3.667857 0.498647
v -0.797218 2.332143 -0.498644
v -0.797218 2.599285 -0.498643
v -0.797218 2.866428 -0.498643
v -0.797218 3.133570 -0.498643
v -0.797218 3.400712 -0.498643
v -0.797218 3.667854 -0.498644
v -0.961934 3.667857 0.464913
v -0.961934 3.400714 0.464913
v -0.961934 3.133570 0.464914
v -0.961934 2.866427 0.464914
v -0.961934 2.599284 0.464913
v -0.961934 2.332141 0.464913
v 0.961935 2.332141 0.464912
v 0.961935 2.599284 0.464912
v 0.961935 2.866427 0.464912
v 0.961935 3.133570 0.464912
v 0.961935 3.400714 0.464912
v 0.961935 3.667857 0.464912
v -0.998646 3.667855 -0.371620
v -0.998646 3.400712 -0.371619
v -0.998646 3.133570 -0.371619
v -0.998646 2.866428 -0.371619
v -0.998646 2.599285 -0.371619
v -0.998646 2.332143 -0.371620
v -0.961935 3.667855 -0.464908
v -0.961935 3.400712 -0.464908
v 0.797217 2.866428 -0.498644
v 0.534286 2.866428 -0.499998
v 0.267143 2.866428 -0.499998
v -0.000000 2.866428 -0.499998
v -0.267143 2.866428 -0.499998
v -0.534286 2.866428 -0.499997
v 0.797217 3.133570 -0.498644
v 0.534285 3.133570 -0.499998
v 0.267143 3.133570 -0.499998
v -0.000000 3.133570 -0.499998
v -0.267143 3.133570 -0.499998
v -0.534286 3.133570 -0.499997
v 0.797217 3.400712 -0.498644
v 0.534285 3.400712 -0.499998
v 0.267143 3.400712 -0.499998
v -0.000000 3.400712 -0.499998
v -0.267143 3.400712 -0.499998
v -0.534286 3.400712 -0.499998
v 0.797217 3.667854 -0.498645
v 0.534285 3.667854 -0.499999
v 0.267143 3.667854 -0.499999
v -0.000000 3.667854 -0.499998
v -0.267143 3.667854 -0.499998
v -0.534286 3.667854 -0.499998
v 0.667857 2.038063 0.464911
v 0.400715 2.038063 0.464911
v 0.133572 2.038063 0.464911
v -0.133571 2.038063 0.464911
v -0.400714 2.038063 0.464912
v -0.667857 2.038063 0.464912
v -0.667857 3.998643 -0.371621
v -0.400715 3.998643 -0.371621
v -0.133572 3.998643 -0.371621
v 0.133571 3.998643 -0.371621
v 0.400714 3.998643 -0.371621
v 0.667857 3.998643 -0.371622
v 0.667858 3.267142 0.500002
v 0.400715 3.267142 0.500002
v 0.133572 3.267142 0.500002
v -0.133571 3.267142 0.500002
v -0.400714 3.267142 0.500003
v -0.667857 3.267142 0.500003
v 0.667857 2.038066 -0.464911
v 0.400714 2.038066 -0.464910
v 0.133571 2.038066 -0.464910
v -0.133572 2.038066 -0.464910
v -0.400715 2.038066 -0.464910
v -0.667858 2.038066 -0.464910
v -0.667857 3.961934 0.464912
v -0.400714 3.961934 0.464912
v -0.133571 3.961934 0.464912
v 0.133572 3.961934 0.464912
v 0.400715 3.961934 0.464911
v 0.667858 3.961934 0.464911
v 0.667857 2.001355 -0.371622
v 0.400714 2.001355 -0.371622
v 0.133571 2.001355 -0.371622
v -0.133572 2.001355 -0.371622
v -0.400715 2.001355 -0.371621
v -0.667857 2.001355 -0.371621
v -0.667858 3.961931 -0.464909
v -0.400715 3.961931 -0.464909
v -0.133572 3.961931 -0.464910
v 0.133571 3.961931 -0.464910
v 0.400714 3.961931 -0.464910
v 0.667857 3.961931 -0.464910
v 0.667857 2.465712 0.500001
v 0.400715 2.465712 0.500002
v 0.133572 2.465712 0.500002
v -0.133571 2.465712 0.500002
v -0.400714 2.465712 0.500002
v -0.667857 2.465712 0.500002
v 0.667858 2.732856 0.500002
v 0.400715 2.732856 0.500002
v 0.133572 2.732856 0.500002
v -0.133571 2.732856 0.500002
v -0.400714 2.732856 0.500002
v -0.667857 2.732856 0.500003
v 0.667858 2.999999 0.500002
v 0.400715 2.999999 0.500002
v 0.133572 2.999999 0.500002
v -0.133571 2.999999 0.500002
v -0.400714 2.999999 0.500003
v -0.667857 2.999999 0.500003
v 0.667858 3.797217 0.498647
v 0.400715 3.797217 0.498647
v 0.133572 3.797217 0.498647
v -0.133571 3.797217 0.498647
v -0.400714 3.797217 0.498648
v -0.667857 3.797217 0.498648
v -0.667857 2.465714 -0.499998
v -0.400715 2.465714 -0.499998
v -0.133572 2.465714 -0.499998
v 0.133571 2.465714 -0.499998
v 0.400714 2.465714 -0.499999
v 0.667857 2.465714 -0.499999
v -0.667858 2.732857 -0.499997
v -0.400715 2.732857 -0.499998
v -0.133572 2.732857 -0.499998
v 0.133571 2.732857 -0.499998
v 0.400714 2.732857 -0.499998
v 0.667857 2.732857 -0.499998
v -0.667858 3.267141 -0.499997
v -0.400715 3.267141 -0.499998
v -0.133572 3.267141 -0.499998
v 0.133571 3.267141 -0.499998
v 0.400714 3.267141 -0.499998
v 0.667857 3.267141 -0.499998
v -0.667858 3.534283 -0.499998
v -0.400715 3.534283 -0.499998
v -0.133572 3.534283 -0.499998
v 0.133571 3.534283 -0.499998
v 0.400714 3.534283 -0.499998
v 0.667857 3.534283 -0.499999
v -0.667858 3.797214 -0.498644
v -0.400715 3.797214 -0.498644
v -0.133572 3.797214 -0.498644
v 0.133571 3.797214 -0.498645
v 0.400714 3.797214 -0.498645
v 0.667857 3.797214 -0.498645
v -0.667858 2.999999 -0.499997
v -0.400715 2.999999 -0.499997
v -0.133572 2.999999 -0.499998
v 0.133571 2.999999 -0.499998
v 0.400714 2.999999 -0.499998
v 0.667857 2.999999 -0.499998
v 0.667858 3.534285 0.500001
v 0.400715 3.534285 0.500002
v 0.133572 3.534285 0.500002
v -0.133571 3.534285 0.500002
v -0.400714 3.534285 0.500002
v -0.667857 3.534285 0.500002
v -0.667857 2.202783 -0.498644
v -0.400715 2.202783 -0.498645
v -0.133572 2.202783 -0.498645
v 0.133571 2.202783 -0.498645
v 0.400714 2.202783 -0.498645
v 0.667857 2.202783 -0.498645
v 0.667857 2.202780 0.498647
v 0.400715 2.202780 0.498647
v 0.133572 2.202780 0.498647
v -0.133571 2.202780 0.498647
v -0.400714 2.202780 0.498647
v -0.667857 2.202780 0.498647
v -0.988113 3.901158 0.371473
v -0.989167 3.901309 0.248573
v -0.989167 3.901308 0.124288
v -0.989167 3.901308 0.000002
v -0.989167 3.901308 -0.124284
v -0.989167 3.901307 -0.248570
v -0.988113 2.098839 0.371473
v -0.989167 2.098689 0.248573
v -0.989167 2.098689 0.124287
v -0.989167 2.098690 0.000001
v -0.989167 2.098690 -0.124284
v -0.989167 2.098691 -0.248570
v 0.988113 3.901156 -0.371471
v 0.989167 3.901307 -0.248571
v 0.989167 3.901308 -0.124285
v 0.989167 3.901308 0.000001
v 0.989167 3.901308 0.124286
v 0.989167 3.901309 0.248572
v -0.901159 3.988113 0.371473
v -0.901309 3.989166 0.248573
v -0.901309 3.989165 0.124287
v -0.901309 3.989165 0.000001
v -0.901310 3.989165 -0.124284
v -0.901310 3.989164 -0.248570
v 0.901159 2.011884 0.371472
v 0.901310 2.010832 0.248571
v 0.901310 2.010832 0.124286
v 0.901309 2.010833 -0.000000
v 0.901309 2.010833 -0.124286
v 0.901309 2.010833 -0.248572
v 0.901159 3.988113 0.371472
v 0.901310 3.989166 0.248572
v 0.901310 3.989165 0.124286
v 0.901310 3.989165 0.000000
v 0.901309 3.989165 -0.124285
v 0.901309 3.989164 -0.248571
v 0.988113 2.098841 -0.371471
v 0.989167 2.098691 -0.248571
v 0.989167 2.098690 -0.124286
v 0.989167 2.098690 0.000000
v 0.989167 2.098689 0.124286
v 0.989167 2.098689 0.248572
v -0.901159 2.011887 -0.371471
v -0.901310 2.010833 -0.248570
v -0.901310 2.010833 -0.124285
v -0.901310 2.010833 0.000001
v -0.901309 2.010832 0.124287
v -0.901309 2.010832 0.248573
v 0.998646 3.133570 0.371624
v 1.000000 3.133570 0.248573
v 1.000000 3.133570 0.124287
v 1.000000 3.133570 0.000002
v 1.000000 3.133570 -0.124284
v 1.000000 3.133570 -0.248570
v 0.998646 2.332141 0.371623
v 1.000000 2.332141 0.248572
v 1.000000 2.332142 0.124286
v 1.000000 2.332142 0.000001
v 1.000000 2.332142 -0.124285
v 1.000000 2.332143 -0.248571
v 0.998646 2.599284 0.371623
v 1.000000 2.599284 0.248573
v 1.000000 2.599284 0.124287
v 1.000000 2.599285 0.000001
v 1.000000 2.599285 -0.124284
v 1.000000 2.599285 -0.248570
v 0.998646 2.866427 0.371624
v 1.000000 2.866427 0.248573
v 1.000000 2.866427 0.124287
v 1.000000 2.866427 0.000002
v 1.000000 2.866427 -0.124284
v 1.000000 2.866428 -0.248570
v 0.998646 3.400713 0.371623
v 1.000000 3.400713 0.248573
v 1.000000 3.400713 0.124287
v 1.000000 3.400713 0.000001
v 1.000000 3.400713 -0.124284
v 1.000000 3.400713 -0.248570
v 0.998646 3.667856 0.371623
v 1.000000 3.667856 0.248572
v 1.000000 3.667856 0.124287
v 1.000000 3.667856 0.000001
v 1.000000 3.667855 -0.124285
v 1.000000 3.667855 -0.248570
v -0.998646 3.667856 0.371624
v -1.000000 3.667856 0.248574
v -1.000000 3.667856 0.124288
v -1.000000 3.667856 0.000002
v -1.000000 3.667856 -0.124283
v -1.000000 3.667855 -0.248569
v -0.998646 3.400713 0.371625
v -1.000000 3.400713 0.248574
v -1.000000 3.400713 0.124288
v -1.000000 3.400713 0.000003
v -1.000000 3.400713 -0.124283
v -1.000000 3.400713 -0.248569
v -0.998646 3.133570 0.371625
v -1.000000 3.133570 0.248574
v -1.000000 3.133570 0.124289
v -1.000000 3.133570 0.000003
v -1.000000 3.133570 -0.124283
v -1.000000 3.133570 -0.248569
v -0.998646 2.866427 0.371625
v -1.000000 2.866427 0.248574
v -1.000000 2.866427 0.124289
v -1.000000 2.866427 0.000003
v -1.000000 2.866427 -0.124283
v -1.000000 2.866428 -0.248569
v -0.998646 2.599284 0.371625
v -1.000000 2.599284 0.248574
v -1.000000 2.599284 0.124288
v -1.000000 2.599285 0.000003
v -1.000000 2.599285 -0.124283
v -1.000000 2.599285 -0.248569
v -0.998646 2.332141 0.371624
v -1.000000 2.332141 0.248574
v -1.000000 2.332141 0.124288
v -1.000000 2.332142 0.000002
v -1.000000 2.332142 -0.124284
v -1.000000 2.332143 -0.248569
v -0.667857 3.998645 0.371623
v -0.667857 3.999999 0.248573
v -0.667857 3.999999 0.124287
v -0.667857 3.999999 0.000001
v -0.667857 3.999998 -0.124284
v -0.667857 3.999998 -0.248570
v -0.400714 3.998645 0.371623
v -0.400714 3.999999 0.248573
v -0.400714 3.999999 0.124287
v -0.400714 3.999999 0.000001
v -0.400714 3.999998 -0.124285
v -0.400714 3.999998 -0.248570
v -0.133571 3.998645 0.371623
v -0.133571 3.999999 0.248572
v -0.133571 3.999999 0.124287
v -0.133571 3.999999 0.000001
v -0.133572 3.999998 -0.124285
v -0.133572 3.999998 -0.248571
v 0.133572 3.998645 0.371623
v 0.133572 3.999999 0.248572
v 0.133572 3.999999 0.124286
v 0.133571 3.999999 0.000001
v 0.133571 3.999998 -0.124285
v 0.133571 3.999998 -0.248571
v 0.400715 3.998645 0.371623
v 0.400714 3.999999 0.248572
v 0.400714 3.999999 0.124286
v 0.400714 3.999999 0.000001
v 0.400714 3.999998 -0.124285
v 0.400714 3.999998 -0.248571
v 0.667857 3.998645 0.371623
v 0.667857 3.999999 0.248572
v 0.667857 3.999999 0.124286
v 0.667857 3.999999 0.000000
v 0.667857 3.999998 -0.124285
v 0.667857 3.999998 -0.248571
v 0.667857 2.001352 0.371622
v 0.667857 1.999998 0.248571
v 0.667857 1.999999 0.124286
v 0.667857 1.999999 0.000000
v 0.667857 2.000000 -0.124286
v 0.667857 2.000000 -0.248571
v 0.400715 2.001352 0.371622
v 0.400714 1.999998 0.248572
v 0.400714 1.999999 0.124286
v 0.400714 1.999999 0.000000
v 0.400714 2.000000 -0.124286
v 0.400714 2.000000 -0.248571
v 0.133572 2.001352 0.371622
v 0.133572 1.999998 0.248572
v 0.133572 1.999999 0.124286
v 0.133571 1.999999 0.000000
v 0.133571 2.000000 -0.124285
v 0.133571 2.000000 -0.248571
v -0.133571 2.001352 0.371623
v -0.133571 1.999998 0.248572
v -0.133571 1.999999 0.124286
v -0.133571 1.999999 0.000001
v -0.133572 2.000000 -0.124285
v -0.133572 2.000000 -0.248571
v -0.400714 2.001352 0.371623
v -0.400714 1.999998 0.248572
v -0.400714 1.999999 0.124286
v -0.400714 1.999999 0.000001
v -0.400714 2.000000 -0.124285
v -0.400714 2.000000 -0.248571
v -0.667857 2.001352 0.371623
v -0.667857 1.999998 0.248572
v -0.667857 1.999999 0.124287
v -0.667857 1.999999 0.000001
v -0.667857 1.999999 -0.124285
v -0.667857 2.000000 -0.248571
v 0.797217 3.998645 0.310715
v 0.797217 3.998645 0.186429
v 0.797217 3.998644 0.062143
v 0.797217 3.998644 -0.062143
v 0.797217 3.998644 -0.186428
v 0.797217 3.998643 -0.310714
v 1.000000 3.267142 0.310716
v 1.000000 3.267142 0.186430
v 1.000000 3.267142 0.062144
v 1.000000 3.267142 -0.062141
v 1.000000 3.267142 -0.186427
v 1.000000 3.267141 -0.310713
v 0.998646 3.797216 0.310715
v 0.998646 3.797216 0.186429
v 0.998646 3.797216 0.062144
v 0.998646 3.797215 -0.062142
v 0.998646 3.797215 -0.186428
v 0.998646 3.797215 -0.310714
v 1.000000 2.999999 0.310716
v 1.000000 2.999999 0.186430
v 1.000000 2.999999 0.062144
v 1.000000 2.999999 -0.062141
v 1.000000 2.999999 -0.186427
v 1.000000 2.999999 -0.310713
v 1.000000 2.732856 0.310716
v 1.000000 2.732856 0.186430
v 1.000000 2.732856 0.062144
v 1.000000 2.732856 -0.062141
v 1.000000 2.732856 -0.186427
v 1.000000 2.732857 -0.310713
v -0.797217 2.001352 0.310715
v -0.797217 2.001353 0.186430
v -0.797217 2.001353 0.062144
v -0.797217 2.001354 -0.062142
v -0.797217 2.001354 -0.186428
v -0.797217 2.001354 -0.310713
v -1.000000 2.732856 0.310717
v -1.000000 2.732856 0.186431
v -1.000000 2.732856 0.062146
v -1.000000 2.732856 -0.062140
v -1.000000 2.732856 -0.186426
v -1.000000 2.732857 -0.310712
v -0.998646 2.202781 0.310716
v -0.998646 2.202781 0.186430
v -0.998646 2.202782 0.062145
v -0.998646 2.202782 -0.062141
v -0.998646 2.202782 -0.186427
v -0.998646 2.202783 -0.310713
v -1.000000 2.999999 0.310717
v -1.000000 2.999999 0.186432
v -1.000000 2.999999 0.062146
v -1.000000 2.999999 -0.062140
v -1.000000 2.999999 -0.186426
v -1.000000 2.999999 -0.310711
v -1.000000 3.267142 0.310717
v -1.000000 3.267142 0.186431
v -1.000000 3.267142 0.062146
v -1.000000 3.267142 -0.062140
v -1.000000 3.267142 -0.186426
v -1.000000 3.267141 -0.310711
v 0.267143 3.999999 0.310715
v 0.267143 3.999999 0.186429
v 0.267143 3.999999 0.062144
v 0.267143 3.999998 -0.062142
v 0.267143 3.999998 -0.186428
v 0.267143 3.999997 -0.310714
v 0.000000 3.999999 0.310715
v 0.000000 3.999999 0.186429
v 0.000000 3.999999 0.062144
v -0.000000 3.999998 -0.062142
v -0.000000 3.999998 -0.186428
v -0.000000 3.999997 -0.310713
v -0.267143 3.999999 0.310715
v -0.267143 3.999999 0.186430
v -0.267143 3.999999 0.062144
v -0.267143 3.999998 -0.062142
v -0.267143 3.999998 -0.186428
v -0.267143 3.999997 -0.310713
v -0.797217 3.998645 0.310716
v -0.797217 3.998645 0.186430
v -0.797217 3.998644 0.062144
v -0.797217 3.998644 -0.062141
v -0.797217 3.998644 -0.186427
v -0.797218 3.998643 -0.310713
v -1.000000 3.534285 0.310717
v -1.000000 3.534285 0.186431
v -1.000000 3.534284 0.062145
v -1.000000 3.534284 -0.062140
v -1.000000 3.534284 -0.186426
v -1.000000 3.534284 -0.310712
v 0.998646 2.202781 0.310715
v 0.998646 2.202781 0.186429
v 0.998646 2.202782 0.062143
v 0.998646 2.202782 -0.062142
v 0.998646 2.202783 -0.186428
v 0.998646 2.202783 -0.310714
v -0.998646 3.797216 0.310716
v -0.998646 3.797216 0.186431
v -0.998646 3.797216 0.062145
v -0.998646 3.797215 -0.062141
v -0.998646 3.797215 -0.186427
v -0.998646 3.797215 -0.310712
v 0.267143 1.999998 0.310715
v 0.267143 1.999999 0.186429
v 0.267143 1.999999 0.062143
v 0.267143 1.999999 -0.062143
v 0.267143 2.000000 -0.186428
v 0.267143 2.000000 -0.310714
v 0.797217 2.001352 0.310714
v 0.797217 2.001353 0.186429
v 0.797217 2.001353 0.062143
v 0.797217 2.001354 -0.062143
v 0.797217 2.001354 -0.186429
v 0.797217 2.001354 -0.310714
v 0.000000 1.999998 0.310715
v 0.000000 1.999999 0.186429
v 0.000000 1.999999 0.062143
v -0.000000 1.999999 -0.062142
v -0.000000 2.000000 -0.186428
v -0.000000 2.000000 -0.310714
v -0.267143 1.999998 0.310715
v -0.267143 1.999999 0.186429
v -0.267143 1.999999 0.062143
v -0.267143 1.999999 -0.062142
v -0.267143 2.000000 -0.186428
v -0.267143 2.000000 -0.310714
v -0.534286 3.999999 0.310715
v -0.534286 3.999999 0.186430
v -0.534286 3.999999 0.062144
v -0.534286 3.999998 -0.062142
v -0.534286 3.999998 -0.186427
v -0.534286 3.999997 -0.310713
v 0.534286 3.999999 0.310715
v 0.534286 3.999999 0.186429
v 0.534286 3.999999 0.062143
v 0.534286 3.999998 -0.062142
v 0.534286 3.999998 -0.186428
v 0.534286 3.999997 -0.310714
v -1.000000 2.465713 0.310717
v -1.000000 2.465713 0.186431
v -1.000000 2.465713 0.062145
v -1.000000 2.465713 -0.062140
v -1.000000 2.465714 -0.186426
v -1.000000 2.465714 -0.310712
v 1.000000 2.465713 0.310715
v 1.000000 2.465713 0.186430
v 1.000000 2.465713 0.062144
v 1.000000 2.465714 -0.062142
v 1.000000 2.465714 -0.186428
v 1.000000 2.465714 -0.310713
v 1.000000 3.534285 0.310716
v 1.000000 3.534285 0.186430
v 1.000000 3.534285 0.062144
v 1.000000 3.534284 -0.062142
v 1.000000 3.534284 -0.186427
v 1.000000 3.534284 -0.310713
v -0.534286 1.999998 0.310715
v -0.534286 1.999999 0.186429
v -0.534286 1.999999 0.062144
v -0.534286 1.999999 -0.062142
v -0.534286 2.000000 -0.186428
v -0.534286 2.000000 -0.310714
v 0.534286 1.999998 0.310714
v 0.534286 1.999999 0.186429
v 0.534286 1.999999 0.062143
v 0.534286 1.999999 -0.062143
v 0.534286 2.000000 -0.186428
v 0.534286 2.000000 -0.310714
v 0.961935 3.961932 -0.310714
v 0.961935 3.961932 -0.186428
v 0.961935 3.961933 -0.062142
v 0.961935 3.961933 0.062143
v 0.961935 3.961933 0.186429
v 0.961935 3.961934 0.310715
v 0.961934 2.038066 -0.310714
v 0.961935 2.038065 -0.186429
v 0.961935 2.038065 -0.062143
v 0.961935 2.038064 0.062143
v 0.961935 2.038064 0.186429
v 0.961935 2.038064 0.310714
v -0.961935 2.038066 -0.310713
v -0.961935 2.038065 -0.186427
v -0.961935 2.038065 -0.062142
v -0.961935 2.038064 0.062144
v -0.961935 2.038064 0.186430
v -0.961935 2.038064 0.310715
v -0.961934 3.961934 0.310716
v -0.961934 3.961933 0.186430
v -0.961935 3.961933 0.062144
v -0.961935 3.961933 -0.062141
v -0.961935 3.961932 -0.186427
v -0.961935 3.961932 -0.310713
v -0.948318 3.948318 0.452784
v -0.961427 3.961424 -0.371282
v -0.948318 2.051679 0.452784
v 0.948319 2.051679 0.452783
v -0.961427 2.038571 0.371285
v 0.948319 3.948318 0.452783
v 0.961427 2.038571 0.371283
v 0.961427 3.961426 0.371284
v -0.948319 3.948315 -0.452781
v -0.948319 2.051682 -0.452782
v 0.948318 2.051682 -0.452783
v 0.948318 3.948315 -0.452782
v 0.797218 3.267142 0.498648
v 0.534285 2.038066 -0.464911
v -0.534286 2.038066 -0.464910
v 0.000000 3.961934 0.464912
v 0.534286 2.001355 -0.371622
v -0.534286 2.001355 -0.371621
v 0.961426 3.796876 -0.464402
v 0.961934 2.999999 -0.464909
v -0.797198 2.202799 0.497331
v 0.797198 2.202802 -0.497329
v 0.998646 3.534284 -0.371621
v 0.998646 2.465714 -0.371621
v -0.961935 2.999999 -0.464908
v -0.998646 2.465714 -0.371620
v 0.534286 3.998643 -0.371622
v -0.267143 3.267142 0.500002
v -0.534286 3.998643 -0.371621
v 0.000000 2.038063 0.464911
v -0.797217 3.534285 0.498648
v 0.796879 2.038571 0.464403
v 0.797217 2.999999 -0.498644
v -0.961934 3.534285 0.464913
v -0.267143 3.961931 -0.464910
v 0.267143 3.961931 -0.464910
v -0.534286 3.961931 -0.464909
v -0.961426 3.796878 0.464405
v -0.267143 2.001355 -0.371621
v -0.796879 3.961424 -0.464401
v -0.000000 2.001355 -0.371622
v 0.961427 2.203119 0.464403
v 0.797198 2.002671 -0.371603
v 0.267143 2.001355 -0.371622
v 0.534286 3.961934 0.464911
v -0.997330 3.797196 -0.371601
v -0.267143 3.961934 0.464912
v 0.267143 3.961934 0.464912
v -0.534285 3.961934 0.464912
v -0.961427 3.796876 -0.464401
v -0.267143 2.038066 -0.464910
v -0.796879 3.961426 0.464404
v -0.000000 2.038066 -0.464910
v 0.997329 2.202802 -0.371603
v 0.796879 2.038574 -0.464403
v 0.267143 2.038066 -0.464910
v -0.534285 3.267142 0.500003
v 0.961426 2.203122 -0.464402
v -0.961427 2.203119 0.464405
v 0.961935 2.999999 0.464912
v -0.961934 2.999999 0.464914
v -0.961934 3.267142 0.464914
v 0.534285 3.961931 -0.464910
v 0.797198 3.797195 -0.497328
v 0.797217 3.534283 -0.498644
v 0.797217 3.267141 -0.498644
v 0.797218 2.465713 0.498647
v 0.797217 2.732857 -0.498644
v 0.797217 2.465714 -0.498645
v -0.797198 3.797198 0.497331
v 0.267143 2.465713 0.500002
v -0.797217 2.999999 0.498649
v -0.797217 2.732856 0.498649
v -0.797217 2.465713 0.498648
v 0.961935 3.267142 0.464912
v -0.998646 3.534284 -0.371620
v 0.534286 2.038063 0.464911
v 0.267143 2.038063 0.464911
v 0.000000 2.465713 0.500002
v -0.267143 2.038063 0.464911
v -0.534285 2.038063 0.464912
v -0.797199 3.997327 -0.371602
v -0.267143 2.465712 0.500002
v -0.267143 3.998643 -0.371621
v -0.000000 3.998643 -0.371621
v 0.267143 3.998643 -0.371621
v 0.797218 2.732856 0.498647
v 0.534286 3.267142 0.500002
v 0.267143 3.267142 0.500002
v 0.000000 3.267142 0.500002
v -0.998646 3.267141 -0.371619
v 0.961427 3.796878 0.464404
v -0.998646 2.999999 -0.371619
v 0.796879 3.961424 -0.464402
v -0.997330 2.202802 -0.371602
v -0.998646 2.732857 -0.371619
v -0.961935 3.534283 -0.464908
v -0.797199 2.002671 -0.371602
v -0.961935 2.732857 -0.464908
v -0.961935 3.267141 -0.464908
v -0.961935 2.465714 -0.464908
v 0.796879 3.961426 0.464403
v 0.998646 2.732857 -0.371621
v -0.961427 2.203122 -0.464401
v 0.998646 2.999999 -0.371620
v -0.796879 2.038574 -0.464402
v 0.534286 2.465712 0.500001
v -0.797217 3.267142 0.498649
v 0.961935 2.732856 0.464912
v 0.961935 3.534285 0.464912
v -0.000000 3.961931 -0.464910
v -0.961934 2.465713 0.464913
v -0.961934 2.732856 0.464914
v 0.961935 2.465713 0.464912
v 0.997329 3.797196 -0.371603
v 0.998646 3.267141 -0.371621
v 0.961934 2.465714 -0.464910
v 0.797198 3.997327 -0.371603
v 0.961934 3.267141 -0.464909
v 0.961934 2.732857 -0.464909
v 0.961934 3.534283 -0.464909
v -0.796879 2.038571 0.464404
v -0.534285 2.465712 0.500002
v 0.534286 2.732856 0.500002
v 0.267143 2.732856 0.500002
v 0.000000 2.732856 0.500002
v -0.267143 2.732856 0.500002
v -0.534285 2.732856 0.500003
v 0.797218 2.999999 0.498648
v 0.534286 2.999999 0.500002
v 0.267143 2.999999 0.500002
v 0.000000 2.999999 0.500002
v -0.267143 2.999999 0.500003
v -0.534285 2.999999 0.500003
v 0.797199 3.797198 0.497330
v 0.534286 3.797217 0.498647
v 0.267143 3.797217 0.498647
v 0.000000 3.797217 0.498647
v -0.267143 3.797217 0.498647
v -0.534285 3.797217 0.498648
v -0.797218 2.465714 -0.498644
v -0.534286 2.465714 -0.499998
v -0.267143 2.465714 -0.499998
v -0.000000 2.465714 -0.499998
v 0.267143 2.465714 -0.499999
v 0.534285 2.465714 -0.499999
v -0.797218 2.732857 -0.498643
v -0.534286 2.732857 -0.499998
v -0.267143 2.732857 -0.499998
v -0.000000 2.732857 -0.499998
v 0.267143 2.732857 -0.499998
v 0.534285 2.732857 -0.499998
v -0.797218 3.267141 -0.498643
v -0.534286 3.267141 -0.499997
v -0.267143 3.267141 -0.499998
v -0.000000 3.267141 -0.499998
v 0.267143 3.267141 -0.499998
v 0.534285 3.267141 -0.499998
v -0.797218 3.534283 -0.498643
v -0.534286 3.534283 -0.499998
v -0.267143 3.534283 -0.499998
v -0.000000 3.534283 -0.499998
v 0.267143 3.534283 -0.499998
v 0.534285 3.534283 -0.499998
v -0.797199 3.797195 -0.497327
v -0.534286 3.797214 -0.498644
v -0.267143 3.797214 -0.498644
v -0.000000 3.797214 -0.498645
v 0.267143 3.797214 -0.498645
v 0.534285 3.797214 -0.498645
v -0.797218 2.999999 -0.498643
v -0.534286 2.999999 -0.499997
v -0.267143 2.999999 -0.499998
v -0.000000 2.999999 -0.499998
v 0.267143 2.999999 -0.499998
v 0.534285 2.999999 -0.499998
v 0.797218 3.534285 0.498647
v 0.534286 3.534285 0.500002
v 0.267143 3.534285 0.500002
v 0.000000 3.534285 0.500002
v -0.267143 3.534285 0.500002
v -0.534285 3.534285 0.500002
v -0.797199 2.202802 -0.497328
v -0.534286 2.202783 -0.498645
v -0.267143 2.202783 -0.498645
v -0.000000 2.202783 -0.498645
v 0.267143 2.202783 -0.498645
v 0.534285 2.202783 -0.498645
v 0.797199 2.202799 0.497330
v 0.534286 2.202780 0.498647
v 0.267143 2.202780 0.498647
v 0.000000 2.202780 0.498647
v -0.267143 2.202780 0.498647
v -0.534285 2.202780 0.498647
v 0.797199 3.997329 0.371604
v 0.797217 3.998645 0.248572
v 0.797217 3.998644 0.124286
v 0.797217 3.998644 0.000000
v 0.797217 3.998644 -0.124285
v 0.797217 3.998643 -0.248571
v 0.998646 3.267142 0.371624
v 1.000000 3.267142 0.248573
v 1.000000 3.267142 0.124287
v 1.000000 3.267142 0.000002
v 1.000000 3.267142 -0.124284
v 1.000000 3.267141 -0.248570
v 0.997330 3.797198 0.371604
v 0.998646 3.797216 0.248572
v 0.998646 3.797216 0.124286
v 0.998646 3.797215 0.000001
v 0.998646 3.797215 -0.124285
v 0.998646 3.797215 -0.248571
v 0.998646 2.999999 0.371624
v 1.000000 2.999999 0.248573
v 1.000000 2.999999 0.124287
v 1.000000 2.999999 0.000002
v 1.000000 2.999999 -0.124284
v 1.000000 2.999999 -0.248570
v 0.998646 2.732856 0.371624
v 1.000000 2.732856 0.248573
v 1.000000 2.732856 0.124287
v 1.000000 2.732856 0.000001
v 1.000000 2.732856 -0.124284
v 1.000000 2.732857 -0.248570
v -0.797198 2.002669 0.371604
v -0.797217 2.001352 0.248572
v -0.797217 2.001353 0.124287
v -0.797217 2.001353 0.000001
v -0.797217 2.001354 -0.124285
v -0.797217 2.001354 -0.248570
v -0.998646 2.732856 0.371625
v -1.000000 2.732856 0.248574
v -1.000000 2.732856 0.124288
v -1.000000 2.732856 0.000003
v -1.000000 2.732856 -0.124283
v -1.000000 2.732856 -0.248569
v -0.997329 2.202800 0.371605
v -0.998646 2.202781 0.248573
v -0.998646 2.202781 0.124287
v -0.998646 2.202782 0.000002
v -0.998646 2.202782 -0.124284
v -0.998646 2.202783 -0.248570
v -0.998646 2.999999 0.371625
v -1.000000 2.999999 0.248574
v -1.000000 2.999999 0.124289
v -1.000000 2.999999 0.000003
v -1.000000 2.999999 -0.124283
v -1.000000 2.999999 -0.248569
v -0.998646 3.267142 0.371625
v -1.000000 3.267142 0.248574
v -1.000000 3.267142 0.124289
v -1.000000 3.267142 0.000003
v -1.000000 3.267142 -0.124283
v -1.000000 3.267141 -0.248569
v 0.267143 3.998645 0.371623
v 0.267143 3.999999 0.248572
v 0.267143 3.999999 0.124286
v 0.267143 3.999999 0.000001
v 0.267143 3.999998 -0.124285
v 0.267143 3.999998 -0.248571
v 0.000000 3.998645 0.371623
v 0.000000 3.999999 0.248572
v 0.000000 3.999999 0.124287
v 0.000000 3.999999 0.000001
v -0.000000 3.999998 -0.124285
v -0.000000 3.999998 -0.248571
v -0.267143 3.998645 0.371623
v -0.267143 3.999999 0.248572
v -0.267143 3.999999 0.124287
v -0.267143 3.999999 0.000001
v -0.267143 3.999998 -0.124285
v -0.267143 3.999998 -0.248570
v -0.797198 3.997329 0.371605
v -0.797217 3.998645 0.248573
v -0.797217 3.998644 0.124287
v -0.797217 3.998644 0.000001
v -0.797217 3.998644 -0.124284
v -0.797218 3.998643 -0.248570
v -0.998646 3.534285 0.371625
v -1.000000 3.534285 0.248574
v -1.000000 3.534284 0.124288
v -1.000000 3.534284 0.000003
v -1.000000 3.534284 -0.124283
v -1.000000 3.534284 -0.248569
v 0.997330 2.202800 0.371604
v 0.998646 2.202781 0.248572
v 0.998646 2.202781 0.124286
v 0.998646 2.202782 0.000000
v 0.998646 2.202782 -0.124285
v 0.998646 2.202783 -0.248571
v -0.997329 3.797198 0.371605
v -0.998646 3.797216 0.248573
v -0.998646 3.797216 0.124288
v -0.998646 3.797215 0.000002
v -0.998646 3.797215 -0.124284
v -0.998646 3.797215 -0.248569
v 0.267143 2.001352 0.371622
v 0.267143 1.999998 0.248572
v 0.267143 1.999999 0.124286
v 0.267143 1.999999 0.000000
v 0.267143 2.000000 -0.124285
v 0.267143 2.000000 -0.248571
v 0.797199 2.002669 0.371603
v 0.797218 2.001353 0.248571
v 0.797217 2.001353 0.124286
v 0.797217 2.001353 -0.000000
v 0.797217 2.001354 -0.124286
v 0.797217 2.001354 -0.248572
v 0.000000 2.001352 0.371623
v 0.000000 1.999998 0.248572
v 0.000000 1.999999 0.124286
v -0.000000 1.999999 0.000000
v -0.000000 2.000000 -0.124285
v -0.000000 2.000000 -0.248571
v -0.267143 2.001352 0.371623
v -0.267143 1.999998 0.248572
v -0.267143 1.999999 0.124286
v -0.267143 1.999999 0.000001
v -0.267143 2.000000 -0.124285
v -0.267143 2.000000 -0.248571
v -0.534286 3.998645 0.371623
v -0.534286 3.999999 0.248573
v -0.534286 3.999999 0.124287
v -0.534286 3.999999 0.000001
v -0.534286 3.999998 -0.124285
v -0.534286 3.999998 -0.248570
v 0.534286 3.998645 0.371623
v 0.534286 3.999999 0.248572
v 0.534286 3.999999 0.124286
v 0.534286 3.999999 0.000001
v 0.534286 3.999998 -0.124285
v 0.534286 3.999998 -0.248571
v -0.998646 2.465713 0.371624
v -1.000000 2.465713 0.248574
v -1.000000 2.465713 0.124288
v -1.000000 2.465713 0.000002
v -1.000000 2.465714 -0.124283
v -1.000000 2.465714 -0.248569
v 0.998646 2.465713 0.371623
v 1.000000 2.465713 0.248573
v 1.000000 2.465713 0.124287
v 1.000000 2.465714 0.000001
v 1.000000 2.465714 -0.124285
v 1.000000 2.465714 -0.248570
v 0.998646 3.534285 0.371623
v 1.000000 3.534285 0.248573
v 1.000000 3.534285 0.124287
v 1.000000 3.534284 0.000001
v 1.000000 3.534284 -0.124284
v 1.000000 3.534284 -0.248570
v -0.534286 2.001352 0.371623
v -0.534286 1.999998 0.248572
v -0.534286 1.999999 0.124287
v -0.534286 1.999999 0.000001
v -0.534286 1.999999 -0.124285
v -0.534286 2.000000 -0.248571
v 0.534286 2.001352 0.371622
v 0.534286 1.999998 0.248572
v 0.534286 1.999999 0.124286
v 0.534286 1.999999 0.000000
v 0.534286 2.000000 -0.124286
v 0.534286 2.000000 -0.248571
v 0.961427 3.961424 -0.371283
v 0.961935 3.961932 -0.248571
v 0.961935 3.961933 -0.124285
v 0.961935 3.961933 0.000000
v 0.961935 3.961933 0.124286
v 0.961935 3.961933 0.248572
v 0.961427 2.038574 -0.371284
v 0.961934 2.038065 -0.248571
v 0.961935 2.038065 -0.124286
v 0.961935 2.038065 -0.000000
v 0.961935 2.038064 0.124286
v 0.961935 2.038064 0.248571
v -0.961427 2.038574 -0.371282
v -0.961935 2.038065 -0.248570
v -0.961935 2.038065 -0.124284
v -0.961935 2.038065 0.000001
v -0.961935 2.038064 0.124287
v -0.961935 2.038064 0.248573
v -0.961427 3.961426 0.371285
v -0.961934 3.961933 0.248573
v -0.961935 3.961933 0.124287
v -0.961935 3.961933 0.000002
v -0.961935 3.961933 -0.124284
v -0.961935 3.961932 -0.248570
vn -0.1632 0.1632 0.9730
vn -0.1364 0.5714 0.8093
vn -0.4889 0.4889 0.7225
vn -0.5714 0.1364 0.8093
vn -0.1722 0.9344 0.3118
vn -0.6807 0.6807 0.2705
vn -0.9344 0.1722 0.3118
vn -0.2165 0.9763 -0.0087
vn -0.2072 0.9754 -0.0749
vn -0.7057 0.7057 -0.0638
vn -0.7071 0.7071 -0.0075
vn -0.1722 0.9344 -0.3118
vn -0.6807 0.6807 -0.2705
vn -0.9344 0.1722 -0.3118
vn -0.9754 0.2072 -0.0749
vn -0.9763 0.2165 -0.0087
vn -0.1632 -0.1632 0.9730
vn -0.5714 -0.1364 0.8093
vn -0.4889 -0.4889 0.7225
vn -0.1364 -0.5714 0.8093
vn -0.9344 -0.1722 0.3118
vn -0.6807 -0.6807 0.2705
vn -0.1722 -0.9344 0.3118
vn 0.1632 -0.1632 0.9730
vn 0.1364 -0.5714 0.8093
vn 0.4889 -0.4889 0.7225
vn 0.5714 -0.1364 0.8093
vn 0.1722 -0.9344 0.3118
vn 0.6807 -0.6807 0.2705
vn 0.9344 -0.1722 0.3118
vn -0.2165 -0.9763 0.0087
vn -0.2072 -0.9754 0.0749
vn -0.7057 -0.7057 0.0637
vn -0.7071 -0.7071 0.0075
vn -0.9754 -0.2072 0.0749
vn -0.9763 -0.2165 0.0087
vn 0.1632 0.1632 0.9730
vn 0.5714 0.1364 0.8093
vn 0.4889 0.4889 0.7225
vn 0.1364 0.5714 0.8093
vn 0.9344 0.1722 0.3118
vn 0.6807 0.6807 0.2705
vn 0.1722 0.9344 0.3118
vn 0.9763 -0.2165 0.0087
vn 0.9754 -0.2072 0.0749
vn 0.7057 -0.7057 0.0637
vn 0.7071 -0.7071 0.0075
vn 0.2072 -0.9754 0.0749
vn 0.2165 -0.9763 0.0087
vn 0.2165 0.9763 0.0087
vn 0.2072 0.9754 0.0749
vn 0.7057 0.7057 0.0637
vn 0.7071 0.7071 0.0075
vn 0.9754 0.2072 0.0749
vn 0.9763 0.2165 0.0087
vn -0.1364 0.5714 -0.8093
vn -0.4889 0.4889 -0.7225
vn -0.1632 0.1632 -0.9730
vn -0.5714 0.1364 -0.8093
vn -0.9344 -0.1722 -0.3118
vn -0.5714 -0.1364 -0.8093
vn -0.4889 -0.4889 -0.7225
vn -0.6807 -0.6807 -0.2705
vn -0.1632 -0.1632 -0.9730
vn -0.1364 -0.5714 -0.8093
vn -0.1722 -0.9344 -0.3118
vn 0.1722 -0.9344 -0.3118
vn 0.1364 -0.5714 -0.8093
vn 0.4889 -0.4889 -0.7225
vn 0.6807 -0.6807 -0.2705
vn 0.1632 -0.1632 -0.9730
vn 0.5714 -0.1364 -0.8093
vn 0.9344 -0.1722 -0.3118
vn 0.9344 0.1722 -0.3118
vn 0.5714 0.1364 -0.8093
vn 0.4889 0.4889 -0.7225
vn 0.6807 0.6807 -0.2705
vn 0.1632 0.1632 -0.9730
vn 0.1364 0.5714 -0.8093
vn 0.1722 0.9344 -0.3118
vn 0.2006 -0.0000 0.9797
vn 0.0464 -0.0000 0.9989
vn 0.0052 -0.0000 1.0000
vn 0.0040 -0.9311 -0.3648
vn -0.0000 -0.9305 -0.3662
vn -0.0000 -0.5891 -0.8081
vn 0.0033 -0.5887 -0.8083
vn -0.0000 -0.2006 -0.9797
vn 0.0041 -0.1996 -0.9799
vn -0.0040 -0.9311 -0.3648
vn -0.0033 -0.5887 -0.8083
vn -0.0041 -0.1996 -0.9799
vn -0.0000 0.2006 0.9797
vn -0.0000 0.5891 0.8081
vn -0.0000 0.9305 0.3662
vn 0.0050 -0.9999 -0.0108
vn -0.0000 -0.9999 -0.0111
vn -0.0000 -0.9955 -0.0943
vn 0.0048 -0.9956 -0.0937
vn -0.0052 -0.9999 -0.0110
vn -0.0048 -0.9956 -0.0937
vn 0.9348 0.0355 -0.3535
vn 0.5854 0.0299 -0.8102
vn 0.9311 0.0040 -0.3648
vn 0.5887 0.0033 -0.8083
vn 0.1996 0.0041 -0.9799
vn 0.1911 0.0365 -0.9809
vn 0.9305 -0.0000 -0.3662
vn 0.5891 -0.0000 -0.8081
vn 0.2006 -0.0000 -0.9797
vn -0.0052 -0.0052 1.0000
vn -0.0461 -0.0048 0.9989
vn -0.0435 -0.0435 0.9981
vn -0.0049 -0.0461 0.9989
vn -0.1996 -0.0041 0.9799
vn -0.1911 -0.0365 0.9809
vn -0.0365 -0.1911 0.9809
vn -0.0040 -0.1996 0.9799
vn 0.0052 -0.0052 -1.0000
vn 0.0461 -0.0048 -0.9989
vn 0.0435 -0.0435 -0.9981
vn 0.0049 -0.0461 -0.9989
vn 0.1996 -0.0041 -0.9799
vn 0.1911 -0.0365 -0.9809
vn 0.0365 -0.1911 -0.9809
vn 0.9999 0.0052 -0.0110
vn 0.9999 -0.0000 -0.0111
vn 0.9955 -0.0000 -0.0943
vn 0.9956 0.0048 -0.0936
vn 0.9999 -0.0052 -0.0110
vn 0.9956 -0.0048 -0.0936
vn 0.9311 -0.0040 -0.3648
vn -0.9305 -0.0000 -0.3662
vn -0.5891 -0.0000 -0.8081
vn -0.2006 -0.0000 -0.9797
vn -0.9999 -0.0052 -0.0110
vn -0.9999 -0.0000 -0.0111
vn -0.9955 -0.0000 -0.0942
vn -0.9956 -0.0048 -0.0936
vn -0.9311 -0.0040 -0.3649
vn -0.0000 0.9999 -0.0111
vn -0.0000 0.9955 -0.0943
vn -0.0000 0.9955 -0.0942
vn 0.0050 0.9999 -0.0108
vn 0.0048 0.9956 -0.0937
vn 0.0040 0.9311 -0.3648
vn -0.0000 0.9305 -0.3662
vn -0.0000 -0.0000 1.0000
vn -0.0050 0.9999 -0.0108
vn -0.0048 0.9956 -0.0936
vn -0.0040 0.9311 -0.3648
vn -0.0000 -0.2006 0.9797
vn -0.0000 -0.5891 0.8081
vn -0.0000 -0.9305 0.3662
vn -0.0052 0.0052 1.0000
vn -0.0461 0.0048 0.9989
vn -0.0464 -0.0000 0.9989
vn -0.0052 -0.0000 1.0000
vn -0.1996 0.0041 0.9799
vn -0.2006 -0.0000 0.9797
vn 0.0365 -0.1911 0.9809
vn 0.0299 -0.5854 0.8102
vn 0.0041 -0.1996 0.9799
vn 0.0033 -0.5887 0.8083
vn 0.0040 -0.9311 0.3649
vn 0.0355 -0.9348 0.3535
vn 0.0052 -0.0000 -1.0000
vn 0.0464 -0.0000 -0.9989
vn -0.5891 -0.0000 0.8081
vn -0.5887 0.0033 0.8083
vn -0.9311 0.0040 0.3648
vn -0.9305 -0.0000 0.3662
vn -0.0000 0.5891 -0.8081
vn -0.0000 0.2006 -0.9797
vn -0.0033 0.5887 -0.8083
vn -0.0041 0.1996 -0.9799
vn -0.1911 0.0365 0.9809
vn -0.5854 0.0299 0.8102
vn -0.9348 0.0355 0.3535
vn -0.0355 0.9348 -0.3535
vn -0.0299 0.5854 -0.8102
vn -0.0365 0.1911 -0.9809
vn -0.0000 -0.9955 -0.0942
vn 0.1996 -0.0041 0.9799
vn 0.1911 -0.0365 0.9809
vn 0.5854 -0.0299 0.8102
vn 0.5887 -0.0034 0.8083
vn 0.9348 -0.0355 0.3535
vn 0.9311 -0.0040 0.3648
vn 0.2165 -0.9763 -0.0085
vn 0.0460 -0.9989 -0.0103
vn 0.0433 -0.9951 -0.0886
vn 0.2072 -0.9754 -0.0749
vn 0.0355 -0.9348 -0.3535
vn 0.0041 0.1996 0.9799
vn 0.0033 0.5887 0.8083
vn 0.0040 0.9311 0.3648
vn -0.9999 0.0052 -0.0110
vn -0.9989 0.0460 -0.0103
vn -0.9951 0.0434 -0.0887
vn -0.9956 0.0048 -0.0936
vn -0.9348 0.0355 -0.3535
vn -0.9311 0.0040 -0.3648
vn -0.0041 0.1996 0.9799
vn -0.0034 0.5887 0.8083
vn -0.0040 0.9311 0.3648
vn -0.5854 0.0299 -0.8102
vn -0.5887 0.0033 -0.8083
vn -0.1911 0.0365 -0.9809
vn -0.1996 0.0041 -0.9799
vn -0.0365 0.1911 0.9809
vn -0.0299 0.5854 0.8102
vn -0.0355 0.9348 0.3535
vn 0.9989 -0.0460 -0.0103
vn 0.9951 -0.0434 -0.0887
vn 0.9763 -0.2165 -0.0087
vn 0.9754 -0.2072 -0.0749
vn 0.9348 -0.0355 -0.3535
vn 0.0299 -0.5854 -0.8102
vn 0.5854 -0.0299 -0.8102
vn 0.5887 -0.0033 -0.8083
vn -0.5854 -0.0299 0.8102
vn -0.5887 -0.0033 0.8083
vn -0.9311 -0.0040 0.3648
vn -0.9348 -0.0355 0.3535
vn 0.5891 -0.0000 0.8081
vn 0.9305 -0.0000 0.3662
vn 0.0033 0.5887 -0.8083
vn 0.0041 0.1996 -0.9799
vn 0.0365 0.1911 -0.9809
vn 0.0435 0.0435 -0.9981
vn 0.0048 0.0461 -0.9989
vn 0.0460 0.0048 -0.9989
vn 0.0052 0.0052 -1.0000
vn 0.0052 -0.0052 1.0000
vn 0.0461 -0.0048 0.9989
vn -0.0435 0.0435 0.9981
vn -0.0048 0.0461 0.9989
vn -0.0000 -0.0052 1.0000
vn -0.9955 -0.0000 -0.0943
vn -0.0033 -0.5887 0.8083
vn -0.0040 -0.9311 0.3648
vn -0.0460 0.9989 -0.0103
vn -0.0434 0.9951 -0.0887
vn -0.0000 0.9999 -0.0108
vn 0.1911 0.0365 0.9809
vn 0.5854 0.0299 0.8102
vn 0.1996 0.0041 0.9799
vn 0.5887 0.0033 0.8083
vn 0.9311 0.0040 0.3648
vn 0.9348 0.0355 0.3535
vn 0.0355 0.9348 -0.3535
vn 0.0299 0.5854 -0.8102
vn -0.9763 -0.2165 -0.0085
vn -0.9989 -0.0461 -0.0103
vn -0.9951 -0.0434 -0.0887
vn -0.9754 -0.2072 -0.0749
vn -0.9348 -0.0355 -0.3535
vn -0.0460 -0.9989 -0.0103
vn -0.0434 -0.9951 -0.0887
vn -0.2165 -0.9763 -0.0087
vn -0.2072 -0.9754 -0.0749
vn -0.0355 -0.9348 -0.3535
vn -0.5887 -0.0033 -0.8083
vn -0.1996 -0.0041 -0.9799
vn 0.0365 0.1911 0.9809
vn 0.0299 0.5854 0.8102
vn 0.0355 0.9348 0.3535
vn -0.5854 -0.0299 -0.8102
vn -0.1911 -0.0365 -0.9809
vn -0.0299 -0.5854 -0.8102
vn -0.0365 -0.1911 -0.9809
vn 0.9763 0.2165 -0.0085
vn 0.9989 0.0460 -0.0103
vn 0.9951 0.0433 -0.0886
vn 0.9754 0.2072 -0.0749
vn 0.9955 -0.0000 -0.0942
vn 0.0460 0.9989 -0.0103
vn 0.0433 0.9951 -0.0886
vn 0.2165 0.9763 -0.0087
vn 0.2072 0.9754 -0.0749
vn -0.0299 -0.5854 0.8102
vn -0.0355 -0.9348 0.3535
vn 0.0435 0.0435 0.9981
vn 0.0048 0.0460 0.9989
vn 0.0052 0.0052 1.0000
vn 0.0460 0.0048 0.9989
vn -0.0000 0.0464 0.9989
vn -0.0000 0.0052 1.0000
vn -0.0464 -0.0000 -0.9989
vn -0.0052 -0.0000 -1.0000
vn -0.0052 -0.0052 -1.0000
vn -0.0461 -0.0048 -0.9989
vn -0.0000 -0.0000 -1.0000
vn -0.0000 -0.0052 -1.0000
vn -0.0461 0.0048 -0.9989
vn -0.0052 0.0052 -1.0000
vn -0.0000 0.0052 -1.0000
vn -0.0435 0.0435 -0.9981
vn -0.0048 0.0461 -0.9989
vn -0.0000 0.0464 -0.9989
vn -0.0000 0.0463 -0.9989
vn -0.0435 -0.0435 -0.9981
vn -0.0048 -0.0461 -0.9989
vn -0.0000 -0.0463 -0.9989
vn 0.0435 -0.0435 0.9981
vn 0.0048 -0.0461 0.9989
vn -0.0000 -0.0464 0.9989
vn 0.0433 0.9951 0.0886
vn 0.0048 0.9956 0.0936
vn 0.0460 0.9989 0.0103
vn 0.0050 0.9999 0.0108
vn 0.0464 0.9989 -0.0000
vn 0.0052 1.0000 -0.0000
vn 0.2175 0.9760 -0.0000
vn 0.2176 0.9760 -0.0000
vn 0.9955 -0.0000 0.0943
vn 0.9999 -0.0000 0.0111
vn 1.0000 -0.0000 -0.0000
vn 0.9951 0.0434 0.0887
vn 0.9956 0.0048 0.0937
vn 0.9999 0.0052 0.0110
vn 0.9989 0.0460 0.0103
vn 0.9989 0.0464 -0.0000
vn 0.9760 0.2175 -0.0000
vn 1.0000 0.0052 -0.0000
vn 0.9760 0.2176 -0.0000
vn -0.0434 -0.9951 0.0887
vn -0.0048 -0.9956 0.0937
vn -0.0460 -0.9989 0.0103
vn -0.0050 -0.9999 0.0108
vn -0.0464 -0.9989 -0.0000
vn -0.0052 -1.0000 -0.0000
vn -0.2175 -0.9760 -0.0000
vn -0.2176 -0.9760 -0.0000
vn -0.0463 -0.9989 -0.0000
vn -0.9955 -0.0000 0.0943
vn -0.9999 -0.0000 0.0111
vn -1.0000 -0.0000 -0.0000
vn -0.9951 -0.0433 0.0886
vn -0.9956 -0.0048 0.0937
vn -0.9999 -0.0052 0.0110
vn -0.9989 -0.0460 0.0103
vn -0.9989 -0.0464 -0.0000
vn -0.9760 -0.2175 -0.0000
vn -1.0000 -0.0052 -0.0000
vn -0.9760 -0.2176 -0.0000
vn -0.9955 -0.0000 0.0942
vn -0.0000 0.9955 0.0943
vn -0.0000 0.9999 0.0111
vn -0.0000 1.0000 -0.0000
vn -0.0000 0.9999 0.0108
vn -0.0434 0.9951 0.0887
vn -0.2072 0.9754 0.0749
vn -0.0048 0.9956 0.0936
vn -0.0050 0.9999 0.0108
vn -0.0460 0.9989 0.0103
vn -0.2165 0.9763 0.0087
vn -0.0464 0.9989 -0.0000
vn -0.2176 0.9760 -0.0000
vn -0.0052 1.0000 -0.0000
vn -0.2175 0.9760 -0.0000
vn -0.9956 0.0048 0.0936
vn -0.9999 0.0052 0.0110
vn -1.0000 0.0052 -0.0000
vn 0.9951 -0.0433 0.0886
vn 0.9956 -0.0048 0.0937
vn 0.9989 -0.0460 0.0103
vn 0.9999 -0.0052 0.0110
vn 0.9989 -0.0464 -0.0000
vn 1.0000 -0.0052 -0.0000
vn 0.9760 -0.2176 -0.0000
vn 0.9760 -0.2175 -0.0000
vn -0.9951 0.0433 0.0886
vn -0.9754 0.2072 0.0749
vn -0.9763 0.2165 0.0085
vn -0.9989 0.0460 0.0103
vn -0.9989 0.0464 -0.0000
vn -0.9760 0.2176 -0.0000
vn -0.0000 -0.9955 0.0942
vn -0.0000 -0.9955 0.0943
vn -0.0000 -0.9999 0.0111
vn -0.0000 -1.0000 -0.0000
vn 0.0433 -0.9951 0.0886
vn 0.0048 -0.9956 0.0936
vn 0.0052 -0.9999 0.0110
vn 0.0460 -0.9989 0.0103
vn 0.0464 -0.9989 -0.0000
vn 0.2175 -0.9760 -0.0000
vn 0.0052 -1.0000 -0.0000
vn 0.2176 -0.9760 -0.0000
vn 0.0463 -0.9989 -0.0000
vn -0.0000 0.9955 0.0942
vn 0.7057 0.7057 -0.0638
vn 0.7071 0.7071 -0.0075
vn 0.7071 0.7071 -0.0000
vn 0.7057 -0.7057 -0.0637
vn 0.7071 -0.7071 -0.0075
vn 0.7071 -0.7071 -0.0000
vn -0.7057 -0.7057 -0.0637
vn -0.7071 -0.7071 -0.0075
vn -0.7071 -0.7071 -0.0000
vn -0.7057 0.7057 0.0638
vn -0.7071 0.7071 0.0075
vn -0.7071 0.7071 -0.0000
vt 0.113995 0.491485
vt 0.116822 0.491694
vt 0.116396 0.497889
vt 0.114073 0.499057
vt 0.118652 0.496094
vt 0.117188 0.500000
vt 0.116822 0.491694
vt 0.115723 0.503906
vt 0.114073 0.499057
vt 0.118652 0.604353
vt 0.118652 0.612723
vt 0.117013 0.612723
vt 0.116978 0.604353
vt 0.118652 0.621094
vt 0.117188 0.621094
vt 0.115723 0.621094
vt 0.114188 0.612692
vt 0.114049 0.604353
vt 0.026631 0.491485
vt 0.026552 0.499057
vt 0.024229 0.497889
vt 0.023803 0.491694
vt 0.024902 0.503906
vt 0.023437 0.500000
vt 0.026552 0.499057
vt 0.021973 0.496094
vt 0.023803 0.491694
vt 0.026631 0.258515
vt 0.023803 0.258306
vt 0.024229 0.252111
vt 0.026552 0.250974
vt 0.021973 0.253906
vt 0.023437 0.250000
vt 0.024902 0.246094
vt 0.026552 0.250974
vt 0.021973 0.520647
vt 0.021973 0.512277
vt 0.023612 0.512277
vt 0.023647 0.520647
vt 0.021973 0.503906
vt 0.023437 0.503906
vt 0.026437 0.512308
vt 0.026576 0.520647
vt 0.113995 0.258515
vt 0.114073 0.250974
vt 0.116396 0.252111
vt 0.116822 0.258306
vt 0.115723 0.246094
vt 0.117188 0.250000
vt 0.118652 0.253906
vt 0.116822 0.258306
vt 0.026576 0.979353
vt 0.026437 0.987724
vt 0.023612 0.987723
vt 0.023647 0.979353
vt 0.024902 0.996094
vt 0.023437 0.996094
vt 0.021973 0.996094
vt 0.021973 0.987724
vt 0.021973 0.979353
vt 0.118652 0.979353
vt 0.118652 0.987724
vt 0.117013 0.987724
vt 0.116978 0.979353
vt 0.118652 0.996094
vt 0.117188 0.996094
vt 0.115723 0.996094
vt 0.114188 0.987724
vt 0.114049 0.979353
vt 0.118652 0.628906
vt 0.116822 0.633306
vt 0.116396 0.627111
vt 0.117188 0.625000
vt 0.113995 0.633515
vt 0.114073 0.625943
vt 0.116822 0.633306
vt 0.114073 0.625943
vt 0.024902 0.621094
vt 0.026552 0.625943
vt 0.024229 0.627111
vt 0.023437 0.625000
vt 0.026631 0.633515
vt 0.023803 0.633306
vt 0.026552 0.625943
vt 0.021973 0.628906
vt 0.021973 0.871094
vt 0.023803 0.866694
vt 0.024229 0.872889
vt 0.023437 0.875000
vt 0.026631 0.866485
vt 0.026552 0.874057
vt 0.024902 0.878906
vt 0.023437 0.875000
vt 0.115723 0.878906
vt 0.114073 0.874057
vt 0.116396 0.872889
vt 0.117188 0.875000
vt 0.113995 0.866485
vt 0.116822 0.866694
vt 0.114073 0.874057
vt 0.118652 0.871094
vt 0.117188 0.875000
vt 0.089774 0.258370
vt 0.089774 0.271763
vt 0.083287 0.271763
vt 0.083287 0.258370
vt 0.089774 0.288504
vt 0.083287 0.288504
vt 0.076800 0.288504
vt 0.076800 0.271763
vt 0.076800 0.258370
vt 0.021973 0.836496
vt 0.021973 0.819197
vt 0.023647 0.819197
vt 0.023647 0.836496
vt 0.021973 0.801897
vt 0.023647 0.801897
vt 0.026576 0.801897
vt 0.026576 0.819197
vt 0.026576 0.836496
vt 0.021973 0.698103
vt 0.021973 0.680804
vt 0.023647 0.680803
vt 0.023647 0.698103
vt 0.021973 0.663504
vt 0.023647 0.663504
vt 0.026576 0.663504
vt 0.026576 0.680803
vt 0.026576 0.698103
vt 0.114049 0.392299
vt 0.114049 0.375000
vt 0.116978 0.375000
vt 0.116978 0.392299
vt 0.114049 0.357701
vt 0.116978 0.357701
vt 0.118652 0.357701
vt 0.118652 0.375000
vt 0.118652 0.392299
vt 0.259800 0.340681
vt 0.266287 0.340681
vt 0.266287 0.349051
vt 0.259800 0.349051
vt 0.272775 0.340681
vt 0.272775 0.349051
vt 0.272775 0.357422
vt 0.266287 0.357422
vt 0.259800 0.357422
vt 0.311697 0.340681
vt 0.318185 0.340681
vt 0.318185 0.349051
vt 0.311697 0.349051
vt 0.324672 0.340681
vt 0.324672 0.349051
vt 0.324672 0.357422
vt 0.318185 0.357422
vt 0.311697 0.357422
vt 0.109163 0.880261
vt 0.109047 0.874559
vt 0.114073 0.874057
vt 0.102749 0.880394
vt 0.102749 0.874628
vt 0.102749 0.866630
vt 0.109020 0.866612
vt 0.113995 0.866485
vt 0.076800 0.880394
vt 0.070313 0.880394
vt 0.070313 0.874628
vt 0.076800 0.874628
vt 0.063825 0.880394
vt 0.063825 0.874628
vt 0.063825 0.866630
vt 0.070313 0.866630
vt 0.076800 0.866630
vt 0.037877 0.461496
vt 0.037877 0.478237
vt 0.031600 0.478235
vt 0.031599 0.461496
vt 0.037877 0.491630
vt 0.031605 0.491612
vt 0.026583 0.478219
vt 0.026576 0.461496
vt 0.037877 0.836496
vt 0.037877 0.853237
vt 0.031600 0.853235
vt 0.031599 0.836496
vt 0.037877 0.866630
vt 0.031605 0.866612
vt 0.026631 0.866485
vt 0.026583 0.853219
vt 0.102749 0.895647
vt 0.096261 0.895647
vt 0.096261 0.887463
vt 0.102749 0.887463
vt 0.089774 0.895647
vt 0.089774 0.887463
vt 0.089774 0.880394
vt 0.096261 0.880394
vt 0.050851 0.895647
vt 0.044364 0.895647
vt 0.044364 0.887463
vt 0.050851 0.887463
vt 0.037877 0.895647
vt 0.037877 0.887463
vt 0.037877 0.880394
vt 0.044364 0.880394
vt 0.050851 0.880394
vt 0.063825 0.619606
vt 0.070313 0.619606
vt 0.070313 0.625372
vt 0.063825 0.625372
vt 0.076800 0.619606
vt 0.076800 0.625372
vt 0.076800 0.633370
vt 0.070313 0.633370
vt 0.063825 0.633370
vt 0.037877 0.604353
vt 0.044364 0.604353
vt 0.044364 0.612538
vt 0.037877 0.612537
vt 0.050851 0.604353
vt 0.050851 0.612537
vt 0.050851 0.619606
vt 0.044364 0.619606
vt 0.037877 0.619606
vt 0.173898 0.256975
vt 0.167411 0.256975
vt 0.167411 0.248605
vt 0.173898 0.248605
vt 0.160924 0.256975
vt 0.160924 0.248605
vt 0.160924 0.240234
vt 0.167411 0.240234
vt 0.173898 0.240234
vt 0.089774 0.392299
vt 0.089774 0.409598
vt 0.083287 0.409598
vt 0.083287 0.392299
vt 0.089774 0.426897
vt 0.083287 0.426897
vt 0.076800 0.426897
vt 0.076800 0.409598
vt 0.076800 0.392299
vt 0.225795 0.256975
vt 0.219308 0.256975
vt 0.219308 0.248605
vt 0.225795 0.248605
vt 0.212821 0.256975
vt 0.212821 0.248605
vt 0.212821 0.240234
vt 0.219308 0.240234
vt 0.225795 0.240234
vt 0.026576 0.357701
vt 0.026576 0.375000
vt 0.023647 0.375000
vt 0.023647 0.357701
vt 0.026576 0.392299
vt 0.023647 0.392299
vt 0.021973 0.392299
vt 0.021973 0.375000
vt 0.021973 0.357701
vt 0.102749 0.461496
vt 0.102749 0.478237
vt 0.096261 0.478237
vt 0.096261 0.461496
vt 0.102749 0.491630
vt 0.096261 0.491630
vt 0.089774 0.491630
vt 0.089774 0.478237
vt 0.089774 0.461496
vt 0.026631 0.258515
vt 0.026583 0.271781
vt 0.023661 0.271709
vt 0.023803 0.258306
vt 0.026576 0.288504
vt 0.023647 0.288504
vt 0.021973 0.288504
vt 0.021973 0.271205
vt 0.076800 0.836496
vt 0.076800 0.853237
vt 0.070313 0.853237
vt 0.070313 0.836496
vt 0.076800 0.866630
vt 0.063825 0.866630
vt 0.063825 0.853237
vt 0.063825 0.836496
vt 0.089774 0.491630
vt 0.096261 0.491630
vt 0.096261 0.499628
vt 0.089774 0.499628
vt 0.102749 0.491630
vt 0.102749 0.499628
vt 0.102749 0.505394
vt 0.096261 0.505394
vt 0.089774 0.505394
vt 0.118652 0.698103
vt 0.118652 0.715402
vt 0.116978 0.715402
vt 0.116978 0.698103
vt 0.118652 0.732701
vt 0.116978 0.732701
vt 0.114049 0.732701
vt 0.114049 0.715402
vt 0.114049 0.698103
vt 0.118652 0.767299
vt 0.118652 0.784598
vt 0.116978 0.784598
vt 0.116978 0.767299
vt 0.118652 0.801897
vt 0.116978 0.801897
vt 0.114049 0.801897
vt 0.114049 0.784598
vt 0.114049 0.767299
vt 0.118652 0.663504
vt 0.118652 0.680803
vt 0.116978 0.680803
vt 0.116978 0.663504
vt 0.114049 0.680804
vt 0.114049 0.663504
vt 0.102749 0.491630
vt 0.109020 0.491612
vt 0.109047 0.499559
vt 0.102749 0.499628
vt 0.109163 0.505261
vt 0.102749 0.505394
vt 0.298723 0.340681
vt 0.305210 0.340681
vt 0.305210 0.349051
vt 0.298723 0.349051
vt 0.305210 0.357422
vt 0.298723 0.357422
vt 0.118652 0.646205
vt 0.116964 0.646709
vt 0.116822 0.633306
vt 0.114042 0.646781
vt 0.113995 0.633515
vt 0.285749 0.340681
vt 0.292236 0.340681
vt 0.292236 0.349051
vt 0.285749 0.349051
vt 0.292236 0.357422
vt 0.285749 0.357422
vt 0.037877 0.258370
vt 0.031605 0.258388
vt 0.031578 0.250596
vt 0.037877 0.250558
vt 0.031389 0.246094
vt 0.037877 0.246094
vt 0.246826 0.340681
vt 0.253313 0.340681
vt 0.253313 0.349051
vt 0.246826 0.349051
vt 0.253313 0.357422
vt 0.246826 0.357422
vt 0.279262 0.340681
vt 0.279262 0.349051
vt 0.279262 0.357422
vt 0.114049 0.323103
vt 0.114049 0.305803
vt 0.116978 0.305803
vt 0.116978 0.323103
vt 0.114049 0.288504
vt 0.116978 0.288504
vt 0.118652 0.288504
vt 0.118652 0.305803
vt 0.118652 0.323103
vt 0.102749 0.604353
vt 0.109027 0.604353
vt 0.109061 0.612568
vt 0.102749 0.612537
vt 0.114188 0.612692
vt 0.109163 0.619739
vt 0.102749 0.619606
vt 0.114049 0.426897
vt 0.114049 0.409598
vt 0.116978 0.409598
vt 0.116978 0.426897
vt 0.118652 0.409598
vt 0.118652 0.426897
vt 0.114049 0.340402
vt 0.116978 0.340402
vt 0.118652 0.340402
vt 0.114049 0.461496
vt 0.114049 0.444197
vt 0.116978 0.444197
vt 0.116978 0.461496
vt 0.118652 0.444197
vt 0.118652 0.461496
vt 0.109047 0.625442
vt 0.102749 0.625372
vt 0.114073 0.625943
vt 0.113995 0.633515
vt 0.109020 0.633388
vt 0.102749 0.633370
vt 0.021973 0.732701
vt 0.021973 0.715402
vt 0.023647 0.715402
vt 0.023647 0.732701
vt 0.026576 0.715402
vt 0.026576 0.732701
vt 0.113995 0.491485
vt 0.114042 0.478219
vt 0.116964 0.478291
vt 0.118652 0.478795
vt 0.021973 0.767299
vt 0.021973 0.750000
vt 0.023647 0.750000
vt 0.023647 0.767299
vt 0.026576 0.750000
vt 0.026576 0.767299
vt 0.031599 0.895647
vt 0.031564 0.887432
vt 0.026576 0.895647
vt 0.026437 0.887308
vt 0.031463 0.880261
vt 0.021973 0.853795
vt 0.023661 0.853291
vt 0.026631 0.866485
vt 0.021973 0.784598
vt 0.023647 0.784598
vt 0.026576 0.784598
vt 0.089774 0.444197
vt 0.083287 0.444197
vt 0.083287 0.461496
vt 0.076800 0.461496
vt 0.076800 0.444197
vt 0.031578 0.874559
vt 0.037877 0.874628
vt 0.026552 0.874057
vt 0.026631 0.866485
vt 0.037877 0.866630
vt 0.026631 0.491485
vt 0.031578 0.499559
vt 0.026552 0.499057
vt 0.037877 0.491630
vt 0.037877 0.499628
vt 0.037877 0.505394
vt 0.031463 0.505261
vt 0.070313 0.258370
vt 0.070313 0.250558
vt 0.076800 0.250558
vt 0.063825 0.258370
vt 0.063825 0.250558
vt 0.063825 0.246094
vt 0.070313 0.246094
vt 0.076800 0.246094
vt 0.063825 0.491630
vt 0.070313 0.491630
vt 0.070313 0.499628
vt 0.063825 0.499628
vt 0.076800 0.491630
vt 0.076800 0.499628
vt 0.076800 0.505394
vt 0.070313 0.505394
vt 0.063825 0.505394
vt 0.076800 0.491630
vt 0.083287 0.491630
vt 0.083287 0.499628
vt 0.076800 0.499628
vt 0.083287 0.505394
vt 0.118652 0.819197
vt 0.116978 0.819197
vt 0.118652 0.836496
vt 0.116978 0.836496
vt 0.114049 0.836496
vt 0.114049 0.819197
vt 0.114042 0.853219
vt 0.109026 0.853235
vt 0.109027 0.836496
vt 0.113995 0.866485
vt 0.109020 0.866612
vt 0.102749 0.866630
vt 0.102749 0.853237
vt 0.102749 0.836496
vt 0.096261 0.853237
vt 0.096261 0.836496
vt 0.096261 0.866630
vt 0.089774 0.866630
vt 0.089774 0.853237
vt 0.089774 0.836496
vt 0.083287 0.853237
vt 0.083287 0.836496
vt 0.083287 0.866630
vt 0.050851 0.258370
vt 0.050851 0.271763
vt 0.044364 0.271763
vt 0.044364 0.258370
vt 0.050851 0.288504
vt 0.044364 0.288504
vt 0.037877 0.288504
vt 0.037877 0.271763
vt 0.063825 0.836496
vt 0.063825 0.853237
vt 0.057338 0.853237
vt 0.057338 0.836496
vt 0.063825 0.866630
vt 0.057338 0.866630
vt 0.050851 0.866630
vt 0.050851 0.853237
vt 0.050851 0.836496
vt 0.044364 0.853237
vt 0.044364 0.836496
vt 0.044364 0.866630
vt 0.037877 0.866630
vt 0.037877 0.853237
vt 0.114049 0.461496
vt 0.114042 0.478219
vt 0.109026 0.478235
vt 0.109027 0.461496
vt 0.109020 0.491612
vt 0.102749 0.491630
vt 0.102749 0.461496
vt 0.050851 0.323103
vt 0.050851 0.340402
vt 0.044364 0.340402
vt 0.044364 0.323103
vt 0.050851 0.357701
vt 0.044364 0.357701
vt 0.037877 0.357701
vt 0.037877 0.340402
vt 0.037877 0.323103
vt 0.076800 0.461496
vt 0.076800 0.478237
vt 0.070313 0.478237
vt 0.070313 0.461496
vt 0.076800 0.491630
vt 0.070313 0.491630
vt 0.063825 0.491630
vt 0.063825 0.478237
vt 0.063825 0.461496
vt 0.057338 0.478237
vt 0.057338 0.461496
vt 0.057338 0.491630
vt 0.050851 0.491630
vt 0.050851 0.478237
vt 0.050851 0.461496
vt 0.044364 0.478237
vt 0.044364 0.461496
vt 0.044364 0.491630
vt 0.089774 0.258370
vt 0.083287 0.258370
vt 0.083287 0.250558
vt 0.089774 0.250558
vt 0.083287 0.246094
vt 0.089774 0.246094
vt 0.089774 0.604353
vt 0.096261 0.604353
vt 0.096261 0.612537
vt 0.089774 0.612537
vt 0.096261 0.619606
vt 0.089774 0.619606
vt 0.026576 0.305803
vt 0.023647 0.305803
vt 0.026576 0.323103
vt 0.023647 0.323103
vt 0.021973 0.323103
vt 0.021973 0.305803
vt 0.026576 0.340402
vt 0.023647 0.340402
vt 0.021973 0.340402
vt 0.050851 0.375000
vt 0.044364 0.375000
vt 0.050851 0.392299
vt 0.044364 0.392299
vt 0.037877 0.392299
vt 0.037877 0.375000
vt 0.026576 0.409598
vt 0.023647 0.409598
vt 0.026576 0.426897
vt 0.023647 0.426897
vt 0.021973 0.426897
vt 0.021973 0.409598
vt 0.026576 0.444197
vt 0.023647 0.444197
vt 0.023647 0.461496
vt 0.021973 0.461496
vt 0.021973 0.444197
vt 0.238769 0.256975
vt 0.232282 0.256975
vt 0.232282 0.248605
vt 0.238769 0.248605
vt 0.232282 0.240234
vt 0.238769 0.240234
vt 0.050851 0.392299
vt 0.050851 0.409598
vt 0.044364 0.409598
vt 0.044364 0.392299
vt 0.050851 0.426897
vt 0.044364 0.426897
vt 0.037877 0.426897
vt 0.037877 0.409598
vt 0.037877 0.392299
vt 0.206334 0.256975
vt 0.206334 0.248605
vt 0.199847 0.256975
vt 0.199847 0.248605
vt 0.199847 0.240234
vt 0.206334 0.240234
vt 0.193360 0.256975
vt 0.193360 0.248605
vt 0.186872 0.256975
vt 0.186872 0.248605
vt 0.186872 0.240234
vt 0.193360 0.240234
vt 0.180385 0.256975
vt 0.180385 0.248605
vt 0.180385 0.240234
vt 0.063825 0.258370
vt 0.063825 0.271763
vt 0.057338 0.271763
vt 0.057338 0.258370
vt 0.063825 0.288504
vt 0.057338 0.288504
vt 0.050851 0.288504
vt 0.050851 0.271763
vt 0.050851 0.258370
vt 0.089774 0.305803
vt 0.083287 0.305803
vt 0.089774 0.323103
vt 0.083287 0.323103
vt 0.076800 0.323103
vt 0.076800 0.305803
vt 0.089774 0.340402
vt 0.083287 0.340402
vt 0.089774 0.357701
vt 0.083287 0.357701
vt 0.076800 0.357701
vt 0.076800 0.340402
vt 0.089774 0.375000
vt 0.083287 0.375000
vt 0.076800 0.375000
vt 0.076800 0.604353
vt 0.083287 0.604353
vt 0.083287 0.612538
vt 0.076800 0.612537
vt 0.089774 0.604353
vt 0.089774 0.619606
vt 0.083287 0.619606
vt 0.109020 0.258388
vt 0.109047 0.250597
vt 0.114073 0.250974
vt 0.102749 0.258370
vt 0.102749 0.250558
vt 0.102749 0.246094
vt 0.109236 0.246094
vt 0.063825 0.604353
vt 0.070313 0.604353
vt 0.070313 0.612538
vt 0.063825 0.612537
vt 0.118652 0.853795
vt 0.116964 0.853292
vt 0.116822 0.866694
vt 0.026576 0.604353
vt 0.031599 0.604353
vt 0.031564 0.612568
vt 0.026437 0.612692
vt 0.037877 0.604353
vt 0.037877 0.612537
vt 0.037877 0.619606
vt 0.031463 0.619739
vt 0.057338 0.604353
vt 0.057338 0.612538
vt 0.057338 0.619606
vt 0.096261 0.625372
vt 0.089774 0.625372
vt 0.096261 0.633370
vt 0.089774 0.633370
vt 0.331159 0.340681
vt 0.331159 0.349051
vt 0.337646 0.340681
vt 0.337646 0.349051
vt 0.337646 0.357422
vt 0.331159 0.357422
vt 0.057338 0.625372
vt 0.050851 0.625372
vt 0.057338 0.633370
vt 0.050851 0.633370
vt 0.083287 0.625372
vt 0.089774 0.625372
vt 0.089774 0.633370
vt 0.083287 0.633370
vt 0.044364 0.625372
vt 0.037877 0.625372
vt 0.044364 0.633370
vt 0.037877 0.633370
vt 0.114042 0.271781
vt 0.116964 0.271709
vt 0.118652 0.271205
vt 0.063825 0.895647
vt 0.057338 0.895647
vt 0.057338 0.887463
vt 0.063825 0.887463
vt 0.050851 0.895647
vt 0.050851 0.880394
vt 0.057338 0.880394
vt 0.031578 0.625442
vt 0.026552 0.625943
vt 0.037877 0.625372
vt 0.037877 0.633370
vt 0.031605 0.633388
vt 0.026631 0.633515
vt 0.076800 0.895647
vt 0.070313 0.895647
vt 0.070313 0.887463
vt 0.076800 0.887463
vt 0.021973 0.646205
vt 0.023661 0.646709
vt 0.023803 0.633306
vt 0.026631 0.633515
vt 0.026583 0.646781
vt 0.050851 0.305803
vt 0.044364 0.305803
vt 0.050851 0.323103
vt 0.044364 0.323103
vt 0.037877 0.323103
vt 0.037877 0.305803
vt 0.083287 0.478237
vt 0.083287 0.491630
vt 0.076800 0.478237
vt 0.057338 0.258370
vt 0.057338 0.250558
vt 0.050851 0.258370
vt 0.050851 0.250558
vt 0.050851 0.246094
vt 0.057338 0.246094
vt 0.096261 0.258370
vt 0.096261 0.250558
vt 0.096261 0.246094
vt 0.118652 0.750000
vt 0.116978 0.750000
vt 0.114049 0.750000
vt 0.044364 0.491630
vt 0.044364 0.499628
vt 0.050851 0.491630
vt 0.050851 0.499628
vt 0.050851 0.505394
vt 0.044364 0.505394
vt 0.057338 0.491630
vt 0.057338 0.499628
vt 0.057338 0.505394
vt 0.044364 0.258370
vt 0.044364 0.250558
vt 0.044364 0.246094
vt 0.114049 0.895647
vt 0.109027 0.895647
vt 0.109061 0.887432
vt 0.114188 0.887308
vt 0.089774 0.895647
vt 0.083287 0.895647
vt 0.083287 0.887463
vt 0.089774 0.887463
vt 0.083287 0.880394
vt 0.089774 0.880394
vt 0.044364 0.880394
vt 0.044364 0.874628
vt 0.050851 0.874628
vt 0.037877 0.880394
vt 0.037877 0.874628
vt 0.044364 0.866630
vt 0.050851 0.866630
vt 0.154437 0.256975
vt 0.154437 0.248605
vt 0.147950 0.256975
vt 0.147950 0.248605
vt 0.147950 0.240234
vt 0.154437 0.240234
vt 0.083287 0.874628
vt 0.089774 0.874628
vt 0.089774 0.866630
vt 0.057338 0.874628
vt 0.057338 0.866630
vt 0.102749 0.880394
vt 0.096261 0.880394
vt 0.096261 0.874628
vt 0.023661 0.478291
vt 0.021973 0.478795
vt 0.050851 0.444197
vt 0.044364 0.444197
vt 0.037877 0.444197
vt 0.063825 0.305803
vt 0.057338 0.305803
vt 0.063825 0.323103
vt 0.057338 0.323103
vt 0.050851 0.305803
vt 0.063825 0.340402
vt 0.057338 0.340402
vt 0.063825 0.357701
vt 0.057338 0.357701
vt 0.063825 0.375000
vt 0.057338 0.375000
vt 0.063825 0.392299
vt 0.057338 0.392299
vt 0.063825 0.409598
vt 0.057338 0.409598
vt 0.063825 0.426897
vt 0.057338 0.426897
vt 0.050851 0.426897
vt 0.050851 0.409598
vt 0.063825 0.426897
vt 0.063825 0.444197
vt 0.057338 0.444197
vt 0.057338 0.426897
vt 0.070313 0.271763
vt 0.070313 0.258370
vt 0.070313 0.288504
vt 0.070313 0.305803
vt 0.070313 0.323103
vt 0.070313 0.340402
vt 0.070313 0.357701
vt 0.070313 0.375000
vt 0.070313 0.392299
vt 0.070313 0.409598
vt 0.070313 0.426897
vt 0.076800 0.426897
vt 0.076800 0.444197
vt 0.070313 0.444197
vt 0.070313 0.426897
vt 0.113995 0.258515
vt 0.114042 0.271781
vt 0.109026 0.271766
vt 0.109020 0.258389
vt 0.114049 0.288504
vt 0.109027 0.288504
vt 0.102749 0.288504
vt 0.102749 0.271763
vt 0.102749 0.258370
vt 0.114049 0.305803
vt 0.109027 0.305803
vt 0.114049 0.323103
vt 0.109027 0.323103
vt 0.102749 0.323103
vt 0.102749 0.305803
vt 0.114049 0.323103
vt 0.114049 0.340402
vt 0.109027 0.340402
vt 0.109027 0.323103
vt 0.114049 0.357701
vt 0.109027 0.357701
vt 0.102749 0.357701
vt 0.102749 0.340402
vt 0.102749 0.323103
vt 0.114049 0.375000
vt 0.109027 0.375000
vt 0.114049 0.392299
vt 0.109027 0.392299
vt 0.102749 0.392299
vt 0.102749 0.375000
vt 0.114049 0.409598
vt 0.109027 0.409598
vt 0.114049 0.426897
vt 0.109027 0.426897
vt 0.102749 0.426897
vt 0.102749 0.409598
vt 0.109027 0.444197
vt 0.109027 0.426897
vt 0.102749 0.444197
vt 0.102749 0.426897
vt 0.050851 0.633370
vt 0.050851 0.646763
vt 0.044364 0.646763
vt 0.044364 0.633370
vt 0.050851 0.663504
vt 0.044364 0.663504
vt 0.037877 0.663504
vt 0.037877 0.646763
vt 0.037877 0.633370
vt 0.050851 0.680804
vt 0.044364 0.680803
vt 0.050851 0.698103
vt 0.044364 0.698103
vt 0.037877 0.698103
vt 0.037877 0.680803
vt 0.050851 0.715402
vt 0.044364 0.715402
vt 0.050851 0.732701
vt 0.044364 0.732701
vt 0.037877 0.732701
vt 0.037877 0.715402
vt 0.050851 0.732701
vt 0.050851 0.750000
vt 0.044364 0.750000
vt 0.044364 0.732701
vt 0.050851 0.767299
vt 0.044364 0.767299
vt 0.037877 0.767299
vt 0.037877 0.750000
vt 0.037877 0.732701
vt 0.050851 0.784598
vt 0.044364 0.784598
vt 0.050851 0.801897
vt 0.044364 0.801897
vt 0.037877 0.801897
vt 0.037877 0.784598
vt 0.050851 0.819197
vt 0.044364 0.819197
vt 0.037877 0.819197
vt 0.063825 0.633370
vt 0.063825 0.646763
vt 0.057338 0.646763
vt 0.057338 0.633370
vt 0.063825 0.663504
vt 0.057338 0.663504
vt 0.050851 0.663504
vt 0.050851 0.646763
vt 0.050851 0.633370
vt 0.063825 0.680803
vt 0.057338 0.680803
vt 0.063825 0.698103
vt 0.057338 0.698103
vt 0.050851 0.698103
vt 0.050851 0.680803
vt 0.063825 0.715402
vt 0.057338 0.715402
vt 0.063825 0.732701
vt 0.057338 0.732701
vt 0.050851 0.715402
vt 0.063825 0.750000
vt 0.057338 0.750000
vt 0.063825 0.767299
vt 0.057338 0.767299
vt 0.063825 0.784598
vt 0.057338 0.784598
vt 0.063825 0.801897
vt 0.057338 0.801897
vt 0.063825 0.819197
vt 0.057338 0.819197
vt 0.089774 0.633370
vt 0.089774 0.646763
vt 0.083287 0.646763
vt 0.083287 0.633370
vt 0.089774 0.663504
vt 0.083287 0.663504
vt 0.076800 0.663504
vt 0.076800 0.646763
vt 0.076800 0.633370
vt 0.089774 0.680803
vt 0.083287 0.680803
vt 0.089774 0.698103
vt 0.083287 0.698103
vt 0.076800 0.698103
vt 0.076800 0.680803
vt 0.089774 0.715402
vt 0.083287 0.715402
vt 0.089774 0.732701
vt 0.083287 0.732701
vt 0.076800 0.732701
vt 0.076800 0.715402
vt 0.089774 0.750000
vt 0.083287 0.750000
vt 0.089774 0.767299
vt 0.083287 0.767299
vt 0.076800 0.767299
vt 0.076800 0.750000
vt 0.089774 0.784598
vt 0.083287 0.784598
vt 0.083287 0.767299
vt 0.089774 0.801897
vt 0.083287 0.801898
vt 0.076800 0.801897
vt 0.076800 0.784598
vt 0.076800 0.767299
vt 0.089774 0.819197
vt 0.083287 0.819197
vt 0.076800 0.819197
vt 0.102749 0.633370
vt 0.102749 0.646763
vt 0.096261 0.646763
vt 0.096261 0.633370
vt 0.102749 0.663504
vt 0.096261 0.663504
vt 0.102749 0.680803
vt 0.096261 0.680803
vt 0.102749 0.698103
vt 0.096261 0.698103
vt 0.102749 0.715402
vt 0.096261 0.715402
vt 0.102749 0.732701
vt 0.096261 0.732701
vt 0.102749 0.750000
vt 0.096261 0.750000
vt 0.102749 0.767299
vt 0.096261 0.767299
vt 0.102749 0.784598
vt 0.096261 0.784598
vt 0.096261 0.767299
vt 0.102749 0.801897
vt 0.096261 0.801898
vt 0.102749 0.819197
vt 0.096261 0.819197
vt 0.109026 0.646766
vt 0.109020 0.633389
vt 0.109027 0.663504
vt 0.102749 0.663504
vt 0.102749 0.646763
vt 0.102749 0.633370
vt 0.114049 0.680803
vt 0.109027 0.680803
vt 0.109027 0.663504
vt 0.114049 0.698103
vt 0.109027 0.698103
vt 0.114049 0.715402
vt 0.109027 0.715402
vt 0.114049 0.732701
vt 0.109027 0.732701
vt 0.114049 0.750000
vt 0.109027 0.750000
vt 0.109027 0.767299
vt 0.114049 0.784598
vt 0.109027 0.784598
vt 0.114049 0.801897
vt 0.109027 0.801897
vt 0.102749 0.784598
vt 0.114049 0.819197
vt 0.109027 0.819197
vt 0.109027 0.836496
vt 0.102749 0.819197
vt 0.070313 0.646763
vt 0.070313 0.633370
vt 0.070313 0.663504
vt 0.070313 0.680803
vt 0.070313 0.698103
vt 0.070313 0.715402
vt 0.070313 0.732701
vt 0.070313 0.750000
vt 0.070313 0.767299
vt 0.070313 0.784598
vt 0.070313 0.767299
vt 0.070313 0.801897
vt 0.063825 0.801897
vt 0.063825 0.784598
vt 0.063825 0.767299
vt 0.070313 0.819197
vt 0.063825 0.819197
vt 0.102749 0.258370
vt 0.096261 0.271763
vt 0.096261 0.258370
vt 0.102749 0.288504
vt 0.096261 0.288504
vt 0.102749 0.305803
vt 0.096261 0.305803
vt 0.096261 0.323103
vt 0.096261 0.340402
vt 0.096261 0.357701
vt 0.096261 0.375000
vt 0.096261 0.392299
vt 0.096261 0.409598
vt 0.096261 0.426897
vt 0.102749 0.444197
vt 0.096261 0.444197
vt 0.031600 0.646765
vt 0.031605 0.633389
vt 0.031599 0.663504
vt 0.026583 0.646781
vt 0.031599 0.680803
vt 0.031599 0.698103
vt 0.026576 0.698103
vt 0.026576 0.680803
vt 0.031599 0.715402
vt 0.031599 0.732701
vt 0.026576 0.732701
vt 0.026576 0.715402
vt 0.031599 0.750000
vt 0.031599 0.767299
vt 0.026576 0.750000
vt 0.031599 0.784598
vt 0.031599 0.801897
vt 0.026576 0.801897
vt 0.026576 0.784598
vt 0.031599 0.819197
vt 0.031599 0.836496
vt 0.026576 0.836496
vt 0.026576 0.819197
vt 0.031600 0.271765
vt 0.031605 0.258389
vt 0.031599 0.288504
vt 0.031599 0.305803
vt 0.031599 0.323103
vt 0.031599 0.340402
vt 0.031599 0.323103
vt 0.031599 0.357701
vt 0.026576 0.357701
vt 0.026576 0.340402
vt 0.026576 0.323103
vt 0.031599 0.375000
vt 0.031599 0.392299
vt 0.026576 0.375000
vt 0.031599 0.409598
vt 0.031599 0.392299
vt 0.031599 0.426897
vt 0.031599 0.444197
vt 0.160924 0.357422
vt 0.154437 0.357422
vt 0.154437 0.349051
vt 0.160924 0.349051
vt 0.147950 0.357422
vt 0.147950 0.349051
vt 0.147950 0.340681
vt 0.154437 0.340681
vt 0.160924 0.340681
vt 0.154437 0.332310
vt 0.160924 0.332310
vt 0.147950 0.332310
vt 0.147950 0.323940
vt 0.154437 0.323940
vt 0.160924 0.323940
vt 0.154437 0.315569
vt 0.160924 0.315569
vt 0.147950 0.315569
vt 0.147950 0.307199
vt 0.154437 0.307199
vt 0.160924 0.307199
vt 0.154437 0.298828
vt 0.160924 0.298828
vt 0.147950 0.298828
vt 0.147950 0.290457
vt 0.154437 0.290457
vt 0.160924 0.290457
vt 0.154437 0.282087
vt 0.160924 0.282087
vt 0.147950 0.282087
vt 0.147950 0.273716
vt 0.154437 0.273716
vt 0.160924 0.273716
vt 0.154437 0.265346
vt 0.160924 0.265346
vt 0.147950 0.265346
vt 0.089774 0.996094
vt 0.083287 0.996094
vt 0.083287 0.987724
vt 0.089774 0.987724
vt 0.076800 0.996094
vt 0.076800 0.987724
vt 0.076800 0.979353
vt 0.083287 0.979353
vt 0.089774 0.979353
vt 0.083287 0.970982
vt 0.089774 0.970982
vt 0.076800 0.970982
vt 0.076800 0.962612
vt 0.083287 0.962612
vt 0.089774 0.962612
vt 0.083287 0.954241
vt 0.089774 0.954241
vt 0.076800 0.954241
vt 0.076800 0.945871
vt 0.083287 0.945871
vt 0.089774 0.945871
vt 0.083287 0.937500
vt 0.089774 0.937500
vt 0.076800 0.937500
vt 0.076800 0.929129
vt 0.083287 0.929129
vt 0.089774 0.929129
vt 0.083287 0.920759
vt 0.089774 0.920759
vt 0.076800 0.920759
vt 0.076800 0.912388
vt 0.083287 0.912388
vt 0.089774 0.912388
vt 0.083287 0.904018
vt 0.089774 0.904018
vt 0.076800 0.904018
vt 0.076800 0.895647
vt 0.109236 0.996094
vt 0.109061 0.987724
vt 0.114188 0.987724
vt 0.102749 0.996094
vt 0.102749 0.987724
vt 0.102749 0.979353
vt 0.109027 0.979353
vt 0.114049 0.979353
vt 0.109027 0.970983
vt 0.114049 0.970982
vt 0.102749 0.970982
vt 0.102749 0.962612
vt 0.109027 0.962612
vt 0.114049 0.962612
vt 0.114049 0.962612
vt 0.109027 0.962612
vt 0.109027 0.954241
vt 0.114049 0.954241
vt 0.102749 0.954241
vt 0.102749 0.945871
vt 0.109027 0.945871
vt 0.114049 0.945871
vt 0.114049 0.945871
vt 0.109027 0.945871
vt 0.109027 0.937500
vt 0.114049 0.937500
vt 0.102749 0.945871
vt 0.102749 0.937500
vt 0.102749 0.929130
vt 0.109027 0.929129
vt 0.114049 0.929129
vt 0.109027 0.920759
vt 0.114049 0.920759
vt 0.102749 0.920759
vt 0.102749 0.912389
vt 0.109027 0.912388
vt 0.114049 0.912388
vt 0.109027 0.904018
vt 0.114049 0.904018
vt 0.102749 0.904018
vt 0.070313 0.996094
vt 0.070313 0.987724
vt 0.063825 0.996094
vt 0.063825 0.987724
vt 0.063825 0.979353
vt 0.070313 0.979353
vt 0.070313 0.970983
vt 0.063825 0.970982
vt 0.063825 0.962612
vt 0.070313 0.962612
vt 0.070313 0.954241
vt 0.063825 0.954241
vt 0.063825 0.945871
vt 0.070313 0.945871
vt 0.076800 0.945871
vt 0.070313 0.945871
vt 0.070313 0.937500
vt 0.063825 0.945871
vt 0.063825 0.937500
vt 0.063825 0.929130
vt 0.070313 0.929130
vt 0.076800 0.929130
vt 0.070313 0.920759
vt 0.076800 0.920759
vt 0.063825 0.920759
vt 0.063825 0.912388
vt 0.070313 0.912388
vt 0.076800 0.912388
vt 0.070313 0.904018
vt 0.063825 0.904018
vt 0.057338 0.996094
vt 0.057338 0.987724
vt 0.050851 0.996094
vt 0.050851 0.987724
vt 0.050851 0.979353
vt 0.057338 0.979353
vt 0.057338 0.970982
vt 0.050851 0.970982
vt 0.050851 0.962612
vt 0.057338 0.962612
vt 0.057338 0.954241
vt 0.050851 0.954241
vt 0.050851 0.945871
vt 0.057338 0.945871
vt 0.057338 0.937500
vt 0.050851 0.945871
vt 0.050851 0.937500
vt 0.050851 0.929130
vt 0.057338 0.929130
vt 0.057338 0.920759
vt 0.050851 0.920759
vt 0.050851 0.912388
vt 0.057338 0.912388
vt 0.057338 0.904018
vt 0.050851 0.904018
vt 0.324672 0.240234
vt 0.331159 0.240234
vt 0.331159 0.248605
vt 0.324672 0.248605
vt 0.337646 0.240234
vt 0.337646 0.248605
vt 0.337646 0.256975
vt 0.331159 0.256975
vt 0.324672 0.256975
vt 0.331159 0.265346
vt 0.324672 0.265346
vt 0.337646 0.265346
vt 0.337646 0.273716
vt 0.331159 0.273716
vt 0.324672 0.273716
vt 0.331159 0.282087
vt 0.324672 0.282087
vt 0.337646 0.282087
vt 0.337646 0.290457
vt 0.331159 0.290457
vt 0.324672 0.290457
vt 0.331159 0.298828
vt 0.324672 0.298828
vt 0.337646 0.298828
vt 0.337646 0.307199
vt 0.331159 0.307199
vt 0.324672 0.307199
vt 0.331159 0.315569
vt 0.324672 0.315569
vt 0.337646 0.315569
vt 0.337646 0.323940
vt 0.331159 0.323940
vt 0.324672 0.323940
vt 0.331159 0.332310
vt 0.324672 0.332310
vt 0.337646 0.332310
vt 0.057338 0.512463
vt 0.050851 0.512463
vt 0.063825 0.512463
vt 0.063825 0.520647
vt 0.057338 0.520647
vt 0.050851 0.520647
vt 0.057338 0.529018
vt 0.050851 0.529018
vt 0.063825 0.529018
vt 0.063825 0.537388
vt 0.057338 0.537388
vt 0.050851 0.537388
vt 0.057338 0.545759
vt 0.050851 0.545759
vt 0.063825 0.545759
vt 0.063825 0.554130
vt 0.057338 0.554130
vt 0.050851 0.554130
vt 0.057338 0.554130
vt 0.057338 0.562500
vt 0.050851 0.562500
vt 0.063825 0.562500
vt 0.063825 0.570871
vt 0.057338 0.570871
vt 0.050851 0.570871
vt 0.057338 0.579241
vt 0.050851 0.579241
vt 0.063825 0.579241
vt 0.063825 0.587612
vt 0.057338 0.587612
vt 0.050851 0.587612
vt 0.057338 0.595982
vt 0.050851 0.595982
vt 0.063825 0.595982
vt 0.031564 0.512432
vt 0.026437 0.512308
vt 0.037877 0.512463
vt 0.037877 0.520647
vt 0.031599 0.520647
vt 0.026576 0.520647
vt 0.031599 0.529018
vt 0.026576 0.529018
vt 0.037877 0.529018
vt 0.037877 0.537388
vt 0.031599 0.537388
vt 0.026576 0.537388
vt 0.031599 0.545759
vt 0.026576 0.545759
vt 0.037877 0.545759
vt 0.037877 0.554130
vt 0.031599 0.554130
vt 0.026576 0.554130
vt 0.031599 0.554130
vt 0.031599 0.562500
vt 0.026576 0.562500
vt 0.037877 0.554130
vt 0.037877 0.562500
vt 0.037877 0.570871
vt 0.031599 0.570871
vt 0.026576 0.570871
vt 0.031599 0.570871
vt 0.031599 0.579241
vt 0.026576 0.579241
vt 0.037877 0.579241
vt 0.037877 0.587612
vt 0.031599 0.587612
vt 0.026576 0.587612
vt 0.031599 0.595982
vt 0.026576 0.595982
vt 0.037877 0.595982
vt 0.070313 0.512463
vt 0.076800 0.512463
vt 0.076800 0.520647
vt 0.070313 0.520647
vt 0.070313 0.529018
vt 0.076800 0.529018
vt 0.076800 0.537388
vt 0.070313 0.537388
vt 0.070313 0.545759
vt 0.076800 0.545759
vt 0.076800 0.554130
vt 0.070313 0.554130
vt 0.070313 0.554130
vt 0.070313 0.562500
vt 0.076800 0.562500
vt 0.076800 0.570871
vt 0.070313 0.570871
vt 0.070313 0.579241
vt 0.076800 0.579241
vt 0.076800 0.587612
vt 0.070313 0.587612
vt 0.070313 0.595982
vt 0.076800 0.595982
vt 0.083287 0.512463
vt 0.076800 0.512463
vt 0.089774 0.512463
vt 0.089774 0.520647
vt 0.083287 0.520647
vt 0.076800 0.520647
vt 0.083287 0.529018
vt 0.076800 0.529018
vt 0.089774 0.529018
vt 0.089774 0.537388
vt 0.083287 0.537388
vt 0.076800 0.537388
vt 0.083287 0.545759
vt 0.076800 0.545759
vt 0.089774 0.545759
vt 0.089774 0.554130
vt 0.083287 0.554130
vt 0.083287 0.562500
vt 0.089774 0.562500
vt 0.089774 0.570871
vt 0.083287 0.570871
vt 0.083287 0.579241
vt 0.089774 0.579241
vt 0.089774 0.587612
vt 0.083287 0.587612
vt 0.083287 0.595982
vt 0.089774 0.595982
vt 0.186872 0.357422
vt 0.180385 0.357422
vt 0.180385 0.349051
vt 0.186872 0.349051
vt 0.173898 0.357422
vt 0.173898 0.349051
vt 0.173898 0.340681
vt 0.180385 0.340681
vt 0.186872 0.340681
vt 0.180385 0.340681
vt 0.180385 0.332310
vt 0.186872 0.332310
vt 0.173898 0.332310
vt 0.173898 0.323940
vt 0.180385 0.323940
vt 0.186872 0.323940
vt 0.180385 0.315569
vt 0.186872 0.315569
vt 0.173898 0.315569
vt 0.173898 0.307199
vt 0.180385 0.307199
vt 0.186872 0.307199
vt 0.180385 0.298828
vt 0.186872 0.298828
vt 0.173898 0.298828
vt 0.173898 0.290457
vt 0.180385 0.290457
vt 0.186872 0.290457
vt 0.180385 0.282087
vt 0.186872 0.282087
vt 0.173898 0.282087
vt 0.173898 0.273716
vt 0.180385 0.273716
vt 0.186872 0.273716
vt 0.180385 0.265346
vt 0.186872 0.265346
vt 0.173898 0.265346
vt 0.186872 0.256975
vt 0.199847 0.357422
vt 0.193360 0.357422
vt 0.193360 0.349051
vt 0.199847 0.349051
vt 0.193360 0.340681
vt 0.199847 0.340681
vt 0.193360 0.332310
vt 0.199847 0.332310
vt 0.186872 0.332310
vt 0.186872 0.323940
vt 0.193360 0.323940
vt 0.199847 0.323940
vt 0.193360 0.315569
vt 0.199847 0.315569
vt 0.193360 0.307199
vt 0.199847 0.307199
vt 0.193360 0.298828
vt 0.199847 0.298828
vt 0.193360 0.290457
vt 0.199847 0.290457
vt 0.193360 0.282087
vt 0.199847 0.282087
vt 0.193360 0.273716
vt 0.199847 0.273716
vt 0.193360 0.265346
vt 0.199847 0.265346
vt 0.199847 0.256975
vt 0.212821 0.357422
vt 0.206334 0.357422
vt 0.206334 0.349052
vt 0.212821 0.349051
vt 0.206334 0.340681
vt 0.212821 0.340681
vt 0.206334 0.332310
vt 0.212821 0.332310
vt 0.206334 0.323940
vt 0.212821 0.323940
vt 0.206334 0.315569
vt 0.212821 0.315569
vt 0.206334 0.307199
vt 0.212821 0.307199
vt 0.212821 0.307199
vt 0.206334 0.307199
vt 0.206334 0.298828
vt 0.212821 0.298828
vt 0.206334 0.290457
vt 0.212821 0.290457
vt 0.206334 0.282087
vt 0.212821 0.282087
vt 0.206334 0.273716
vt 0.212821 0.273716
vt 0.206334 0.265346
vt 0.212821 0.265346
vt 0.206334 0.256975
vt 0.238769 0.357422
vt 0.232282 0.357422
vt 0.232282 0.349051
vt 0.238769 0.349051
vt 0.225795 0.357422
vt 0.225795 0.349051
vt 0.225795 0.340681
vt 0.232282 0.340681
vt 0.238769 0.340681
vt 0.232282 0.332310
vt 0.238769 0.332310
vt 0.225795 0.332310
vt 0.225795 0.323940
vt 0.232282 0.323940
vt 0.238769 0.323940
vt 0.232282 0.315569
vt 0.238769 0.315569
vt 0.225795 0.315569
vt 0.225795 0.307199
vt 0.232282 0.307199
vt 0.238769 0.307199
vt 0.232282 0.298828
vt 0.238769 0.298828
vt 0.225795 0.298828
vt 0.225795 0.290457
vt 0.232282 0.290457
vt 0.238769 0.290457
vt 0.232282 0.282087
vt 0.238769 0.282087
vt 0.225795 0.282087
vt 0.225795 0.273716
vt 0.232282 0.273716
vt 0.238769 0.273716
vt 0.232282 0.265346
vt 0.238769 0.265346
vt 0.225795 0.265346
vt 0.096261 0.512463
vt 0.102749 0.512463
vt 0.102749 0.520647
vt 0.096261 0.520647
vt 0.096261 0.529018
vt 0.102749 0.529018
vt 0.102749 0.537388
vt 0.096261 0.537388
vt 0.096261 0.545759
vt 0.102749 0.545759
vt 0.102749 0.554130
vt 0.096261 0.554130
vt 0.096261 0.562500
vt 0.102749 0.562500
vt 0.102749 0.570871
vt 0.096261 0.570871
vt 0.096261 0.579241
vt 0.102749 0.579241
vt 0.102749 0.587612
vt 0.096261 0.587612
vt 0.089774 0.587612
vt 0.096261 0.587612
vt 0.096261 0.595982
vt 0.089774 0.595982
vt 0.102749 0.587612
vt 0.102749 0.595982
vt 0.037877 0.996094
vt 0.031389 0.996094
vt 0.031564 0.987723
vt 0.037877 0.987724
vt 0.026437 0.987723
vt 0.026576 0.979353
vt 0.031599 0.979353
vt 0.037877 0.979353
vt 0.031599 0.970982
vt 0.037877 0.970982
vt 0.026576 0.970982
vt 0.026576 0.962612
vt 0.031599 0.962612
vt 0.037877 0.962612
vt 0.031599 0.954241
vt 0.037877 0.954241
vt 0.026576 0.954241
vt 0.026576 0.945871
vt 0.031599 0.945871
vt 0.037877 0.945871
vt 0.031599 0.945871
vt 0.031599 0.937500
vt 0.037877 0.937500
vt 0.026576 0.945871
vt 0.026576 0.937500
vt 0.026576 0.929130
vt 0.031599 0.929130
vt 0.037877 0.929130
vt 0.037877 0.929130
vt 0.031599 0.929130
vt 0.031599 0.920759
vt 0.037877 0.920759
vt 0.026576 0.929129
vt 0.026576 0.920759
vt 0.026576 0.912388
vt 0.031599 0.912388
vt 0.037877 0.912389
vt 0.031599 0.904018
vt 0.037877 0.904018
vt 0.026576 0.904018
vt 0.109061 0.512432
vt 0.102749 0.512463
vt 0.114188 0.512308
vt 0.114049 0.520647
vt 0.109027 0.520647
vt 0.102749 0.520647
vt 0.109027 0.520647
vt 0.109027 0.529018
vt 0.114049 0.520647
vt 0.114049 0.529018
vt 0.114049 0.537388
vt 0.109027 0.537388
vt 0.109027 0.545759
vt 0.114049 0.545759
vt 0.114049 0.554130
vt 0.109027 0.554130
vt 0.109027 0.562500
vt 0.114049 0.562500
vt 0.114049 0.570871
vt 0.109027 0.570871
vt 0.109027 0.579241
vt 0.114049 0.579241
vt 0.114049 0.587612
vt 0.109027 0.587612
vt 0.109027 0.587612
vt 0.109027 0.595982
vt 0.114049 0.587612
vt 0.114049 0.595982
vt 0.272775 0.240234
vt 0.279262 0.240234
vt 0.279262 0.248605
vt 0.272775 0.248605
vt 0.285749 0.240234
vt 0.285749 0.248605
vt 0.285749 0.256975
vt 0.279262 0.256975
vt 0.272775 0.256975
vt 0.279262 0.265346
vt 0.272775 0.265346
vt 0.285749 0.265346
vt 0.285749 0.273716
vt 0.279262 0.273716
vt 0.272775 0.273716
vt 0.279262 0.282087
vt 0.272775 0.282087
vt 0.285749 0.282087
vt 0.285749 0.290457
vt 0.279262 0.290457
vt 0.272775 0.290457
vt 0.272775 0.290457
vt 0.279262 0.290457
vt 0.279262 0.298828
vt 0.272775 0.298828
vt 0.285749 0.290457
vt 0.285749 0.298828
vt 0.285749 0.307199
vt 0.279262 0.307199
vt 0.272775 0.307199
vt 0.279262 0.315569
vt 0.272775 0.315569
vt 0.285749 0.315569
vt 0.285749 0.323940
vt 0.279262 0.323940
vt 0.272775 0.323940
vt 0.279262 0.332310
vt 0.272775 0.332310
vt 0.285749 0.332310
vt 0.285749 0.340681
vt 0.272775 0.340681
vt 0.246826 0.240234
vt 0.253313 0.240234
vt 0.253313 0.248605
vt 0.246826 0.248605
vt 0.259800 0.240234
vt 0.259800 0.248605
vt 0.259800 0.256975
vt 0.253313 0.256975
vt 0.246826 0.256975
vt 0.253313 0.265346
vt 0.246826 0.265346
vt 0.259800 0.265346
vt 0.259800 0.273716
vt 0.253313 0.273716
vt 0.246826 0.273716
vt 0.253313 0.282087
vt 0.246826 0.282087
vt 0.259800 0.282087
vt 0.259800 0.290457
vt 0.253313 0.290457
vt 0.246826 0.290457
vt 0.253313 0.298828
vt 0.246826 0.298828
vt 0.259800 0.298828
vt 0.259800 0.307199
vt 0.253313 0.307199
vt 0.246826 0.307199
vt 0.253313 0.315569
vt 0.246826 0.315569
vt 0.259800 0.315569
vt 0.259800 0.323940
vt 0.253313 0.323940
vt 0.246826 0.323940
vt 0.253313 0.332310
vt 0.246826 0.332310
vt 0.259800 0.332310
vt 0.292236 0.240234
vt 0.292236 0.248605
vt 0.298723 0.240234
vt 0.298723 0.248605
vt 0.298723 0.256975
vt 0.292236 0.256975
vt 0.292236 0.265346
vt 0.298723 0.265346
vt 0.298723 0.273716
vt 0.292236 0.273716
vt 0.292236 0.282087
vt 0.298723 0.282087
vt 0.298723 0.290457
vt 0.292236 0.290457
vt 0.292236 0.290457
vt 0.292236 0.298828
vt 0.298723 0.290457
vt 0.298723 0.298828
vt 0.298723 0.307199
vt 0.292236 0.307199
vt 0.292236 0.315569
vt 0.298723 0.315569
vt 0.298723 0.323940
vt 0.292236 0.323940
vt 0.292236 0.332310
vt 0.298723 0.332310
vt 0.298723 0.340681
vt 0.292236 0.340681
vt 0.305210 0.240234
vt 0.305210 0.248605
vt 0.311697 0.240234
vt 0.311697 0.248605
vt 0.311697 0.256975
vt 0.305210 0.256975
vt 0.305210 0.265346
vt 0.311697 0.265346
vt 0.311697 0.273716
vt 0.305210 0.273716
vt 0.305210 0.282087
vt 0.311697 0.282087
vt 0.311697 0.290457
vt 0.305210 0.290457
vt 0.305210 0.290457
vt 0.305210 0.298828
vt 0.311697 0.290457
vt 0.311697 0.298828
vt 0.311697 0.307199
vt 0.305210 0.307199
vt 0.305210 0.315569
vt 0.311697 0.315569
vt 0.311697 0.323940
vt 0.305210 0.323940
vt 0.305210 0.332310
vt 0.311697 0.332310
vt 0.311697 0.340681
vt 0.219308 0.357422
vt 0.219308 0.349052
vt 0.219308 0.340681
vt 0.219308 0.332310
vt 0.219308 0.323940
vt 0.219308 0.315569
vt 0.219308 0.307199
vt 0.225795 0.307199
vt 0.219308 0.298828
vt 0.225795 0.298828
vt 0.219308 0.290457
vt 0.225795 0.290457
vt 0.219308 0.282087
vt 0.225795 0.282087
vt 0.219308 0.273716
vt 0.225795 0.273716
vt 0.219308 0.265346
vt 0.225795 0.265346
vt 0.219308 0.256975
vt 0.225795 0.256975
vt 0.167411 0.357422
vt 0.167411 0.349052
vt 0.167411 0.340681
vt 0.167411 0.332310
vt 0.173898 0.332310
vt 0.167411 0.323940
vt 0.173898 0.323940
vt 0.167411 0.315569
vt 0.160924 0.323940
vt 0.160924 0.315569
vt 0.167411 0.307199
vt 0.167411 0.298828
vt 0.160924 0.298828
vt 0.160924 0.290457
vt 0.167411 0.290457
vt 0.167411 0.282087
vt 0.160924 0.282087
vt 0.160924 0.273716
vt 0.167411 0.273716
vt 0.173898 0.273716
vt 0.167411 0.273716
vt 0.167411 0.265346
vt 0.173898 0.265346
vt 0.044364 0.512463
vt 0.044364 0.520647
vt 0.044364 0.529018
vt 0.044364 0.537388
vt 0.044364 0.545759
vt 0.044364 0.554130
vt 0.044364 0.554130
vt 0.044364 0.562500
vt 0.044364 0.570871
vt 0.044364 0.579241
vt 0.037877 0.579241
vt 0.044364 0.587612
vt 0.037877 0.587612
vt 0.044364 0.595982
vt 0.037877 0.595982
vt 0.044364 0.996094
vt 0.044364 0.987724
vt 0.044364 0.979353
vt 0.044364 0.970982
vt 0.044364 0.962612
vt 0.044364 0.954241
vt 0.044364 0.945871
vt 0.044364 0.945871
vt 0.044364 0.937500
vt 0.044364 0.929130
vt 0.050851 0.929129
vt 0.044364 0.929130
vt 0.044364 0.920759
vt 0.044364 0.912388
vt 0.050851 0.912388
vt 0.044364 0.904018
vt 0.096261 0.996094
vt 0.096261 0.987724
vt 0.096261 0.979353
vt 0.096261 0.970982
vt 0.096261 0.962612
vt 0.096261 0.954241
vt 0.102749 0.954241
vt 0.096261 0.945871
vt 0.096261 0.937500
vt 0.096261 0.929130
vt 0.096261 0.920759
vt 0.096261 0.912388
vt 0.096261 0.904018
vt 0.318185 0.240234
vt 0.318185 0.248605
vt 0.318185 0.256975
vt 0.318185 0.265346
vt 0.318185 0.273716
vt 0.318185 0.282087
vt 0.318185 0.290457
vt 0.318185 0.290457
vt 0.318185 0.298828
vt 0.324672 0.290457
vt 0.324672 0.298828
vt 0.324672 0.307199
vt 0.318185 0.307199
vt 0.311697 0.307199
vt 0.318185 0.307199
vt 0.318185 0.315569
vt 0.311697 0.315569
vt 0.318185 0.323940
vt 0.311697 0.323940
vt 0.318185 0.332310
vt 0.311697 0.332310
vt 0.266287 0.240234
vt 0.266287 0.248605
vt 0.266287 0.256975
vt 0.266287 0.265346
vt 0.266287 0.273716
vt 0.266287 0.282087
vt 0.266287 0.290457
vt 0.259800 0.290457
vt 0.266287 0.290457
vt 0.266287 0.298828
vt 0.259800 0.298828
vt 0.266287 0.307199
vt 0.259800 0.307199
vt 0.266287 0.315569
vt 0.259800 0.315569
vt 0.266287 0.323940
vt 0.266287 0.332310
vt 0.259800 0.332310
vt 0.259800 0.340681
vt 0.118652 0.878906
vt 0.118652 0.887277
vt 0.117013 0.887277
vt 0.117188 0.878906
vt 0.118652 0.895647
vt 0.116978 0.895647
vt 0.114049 0.895647
vt 0.118652 0.904018
vt 0.116978 0.904018
vt 0.118652 0.912388
vt 0.116978 0.912388
vt 0.114049 0.912388
vt 0.114049 0.904018
vt 0.118652 0.920759
vt 0.116978 0.920759
vt 0.118652 0.929129
vt 0.116978 0.929129
vt 0.114049 0.929129
vt 0.114049 0.920759
vt 0.118652 0.937500
vt 0.116978 0.937500
vt 0.118652 0.945871
vt 0.116978 0.945871
vt 0.114049 0.937500
vt 0.118652 0.954241
vt 0.116978 0.954241
vt 0.118652 0.962612
vt 0.116978 0.962612
vt 0.114049 0.954241
vt 0.118652 0.970982
vt 0.116978 0.970982
vt 0.114049 0.970982
vt 0.026437 0.887308
vt 0.023612 0.887277
vt 0.023437 0.878906
vt 0.023647 0.895647
vt 0.021973 0.895647
vt 0.021973 0.887277
vt 0.021973 0.878906
vt 0.023647 0.904018
vt 0.023647 0.912388
vt 0.021973 0.912388
vt 0.021973 0.904018
vt 0.026576 0.920759
vt 0.023647 0.920759
vt 0.026576 0.929130
vt 0.023647 0.929130
vt 0.021973 0.929129
vt 0.021973 0.920759
vt 0.026576 0.937500
vt 0.023647 0.937500
vt 0.026576 0.945871
vt 0.023647 0.945871
vt 0.021973 0.945871
vt 0.021973 0.937500
vt 0.026576 0.954241
vt 0.023647 0.954241
vt 0.026576 0.962612
vt 0.023647 0.962612
vt 0.021973 0.962612
vt 0.021973 0.954241
vt 0.023647 0.970982
vt 0.021973 0.970982
vt 0.021973 0.621094
vt 0.021973 0.612723
vt 0.023612 0.612723
vt 0.023437 0.621094
vt 0.021973 0.604353
vt 0.023647 0.604353
vt 0.026576 0.604353
vt 0.026437 0.612692
vt 0.021973 0.595982
vt 0.023647 0.595982
vt 0.021973 0.587612
vt 0.023647 0.587612
vt 0.026576 0.595982
vt 0.021973 0.579241
vt 0.023647 0.579241
vt 0.021973 0.570871
vt 0.023647 0.570871
vt 0.021973 0.562500
vt 0.023647 0.562500
vt 0.021973 0.554129
vt 0.023647 0.554129
vt 0.026576 0.562500
vt 0.021973 0.545759
vt 0.023647 0.545759
vt 0.021973 0.537388
vt 0.023647 0.537388
vt 0.026576 0.537388
vt 0.026576 0.545759
vt 0.021973 0.529018
vt 0.023647 0.529018
vt 0.026576 0.529018
vt 0.118652 0.503906
vt 0.118652 0.512277
vt 0.117013 0.512277
vt 0.117188 0.503906
vt 0.118652 0.520647
vt 0.116978 0.520647
vt 0.114049 0.520647
vt 0.118652 0.529018
vt 0.116978 0.529018
vt 0.118652 0.537388
vt 0.116978 0.537388
vt 0.114049 0.537388
vt 0.114049 0.529018
vt 0.118652 0.545759
vt 0.116978 0.545759
vt 0.118652 0.554129
vt 0.116978 0.554129
vt 0.114049 0.554129
vt 0.114049 0.545759
vt 0.118652 0.562500
vt 0.116978 0.562500
vt 0.118652 0.570871
vt 0.116978 0.570871
vt 0.114049 0.570871
vt 0.114049 0.562500
vt 0.118652 0.579241
vt 0.116978 0.579241
vt 0.118652 0.587612
vt 0.116978 0.587612
vt 0.114049 0.587612
vt 0.114049 0.579241
vt 0.118652 0.595982
vt 0.116978 0.595982
vt 0.114049 0.595982
s 1
usemtl Starter_Blocky_Rig
f 1/1/1 399/2/2 1153/3/3 385/4/4
f 8/5/5 387/6/6 1153/3/3 399/7/2
f 5/8/7 385/9/4 1153/3/3 387/6/6
f 216/10/8 402/11/9 1154/12/10 1152/13/11
f 402/11/9 20/14/12 406/15/13 1154/12/10
f 1154/12/10 406/15/13 9/16/14 393/17/15
f 1152/13/11 1154/12/10 393/17/15 198/18/16
f 2/19/17 390/20/18 1155/21/19 400/22/20
f 6/23/21 388/24/22 1155/21/19 390/25/18
f 11/26/23 400/27/20 1155/21/19 388/24/22
f 3/28/24 410/29/25 1156/30/26 386/31/27
f 13/32/28 404/33/29 1156/30/26 410/29/25
f 7/34/30 386/35/27 1156/30/26 404/33/29
f 240/36/31 414/37/32 1157/38/33 1146/39/34
f 414/37/32 11/40/23 388/41/22 1157/38/33
f 1157/38/33 388/41/22 6/23/21 775/42/35
f 1146/39/34 1157/38/33 775/42/35 199/43/36
f 4/44/37 412/45/38 1158/46/39 401/47/40
f 17/48/41 389/49/42 1158/46/39 412/45/38
f 18/50/43 401/51/40 1158/46/39 389/49/42
f 234/52/44 411/53/45 1159/54/46 1140/55/47
f 411/53/45 7/56/30 404/57/29 1159/54/46
f 1159/54/46 404/57/29 13/58/28 793/59/48
f 1140/55/47 1159/54/46 793/59/48 217/60/49
f 223/61/50 799/62/51 1160/63/52 1134/64/53
f 799/62/51 18/65/43 389/66/42 1160/63/52
f 1160/63/52 389/66/42 17/67/41 397/68/54
f 1134/64/53 1160/63/52 397/68/54 210/69/55
f 20/70/12 407/71/56 1161/72/57 406/73/13
f 21/74/58 396/75/59 1161/72/57 407/76/56
f 9/16/14 406/73/13 1161/72/57 396/77/59
f 10/78/60 391/79/61 1162/80/62 408/81/63
f 22/82/64 415/83/65 1162/80/62 391/84/61
f 12/85/66 408/81/63 1162/80/62 415/83/65
f 14/86/67 416/87/68 1163/88/69 392/89/70
f 23/90/71 395/91/72 1163/88/69 416/87/68
f 15/92/73 392/93/70 1163/88/69 395/91/72
f 16/94/74 398/95/75 1164/96/76 409/97/77
f 24/98/78 413/99/79 1164/96/76 398/100/75
f 19/101/80 409/102/77 1164/96/76 413/99/79
f 78/103/81 597/104/82 1165/105/82 518/106/81
f 597/104/82 150/107/83 661/108/83 1165/105/82
f 1165/105/82 661/108/83 144/109/83 596/110/82
f 518/106/81 1165/105/82 596/110/82 79/111/81
f 89/112/84 545/113/85 1166/114/86 667/115/87
f 545/113/85 90/116/85 668/117/86 1166/114/86
f 1166/114/86 668/117/86 114/118/88 569/119/88
f 667/115/87 1166/114/86 569/119/88 113/120/89
f 93/121/85 549/122/85 1167/123/86 671/124/86
f 549/122/85 94/125/90 672/126/91 1167/123/86
f 1167/123/86 672/126/91 118/127/92 573/128/88
f 671/124/86 1167/123/86 573/128/88 117/129/88
f 38/130/93 589/131/93 1168/132/94 675/133/94
f 589/131/93 37/134/93 676/135/94 1168/132/94
f 1168/132/94 676/135/94 98/136/95 553/137/95
f 675/133/94 1168/132/94 553/137/95 97/138/95
f 354/139/96 1128/140/97 1169/141/98 679/142/99
f 1128/140/97 360/143/97 680/144/98 1169/141/98
f 1169/141/98 680/144/98 90/145/85 545/146/85
f 679/142/99 1169/141/98 545/146/85 89/147/84
f 378/148/97 1122/149/97 1170/150/98 683/151/98
f 1122/149/97 384/152/100 684/153/101 1170/150/98
f 1170/150/98 684/153/101 94/154/90 549/155/85
f 683/151/98 1170/150/98 549/155/85 93/156/85
f 16/94/74 444/157/102 1171/158/103 398/159/75
f 444/157/102 71/160/104 420/161/105 1171/158/103
f 1171/158/103 420/161/105 47/162/106 460/163/107
f 398/159/75 1171/158/103 460/163/107 24/164/78
f 73/165/108 513/166/108 1172/167/109 446/168/109
f 513/166/108 74/169/108 445/170/109 1172/167/109
f 1172/167/109 445/170/109 50/171/110 457/172/110
f 446/168/109 1172/167/109 457/172/110 49/173/110
f 121/174/111 544/175/112 1173/176/113 768/177/114
f 544/175/112 83/178/115 436/179/116 1173/176/113
f 1173/176/113 436/179/116 2/19/17 586/180/117
f 768/177/114 1173/176/113 586/180/117 34/181/118
f 157/182/119 476/183/120 1174/184/121 762/185/122
f 476/183/120 52/186/123 423/187/124 1174/184/121
f 1174/184/121 423/187/124 23/188/71 512/189/125
f 762/185/122 1174/184/121 512/189/125 113/120/89
f 276/190/126 1116/191/127 1175/192/128 442/193/129
f 1116/191/127 270/194/127 441/195/128 1175/192/128
f 1175/192/128 441/195/128 72/196/108 511/197/108
f 442/193/129 1175/192/128 511/197/108 71/160/104
f 258/198/127 1110/199/127 1176/200/128 438/201/128
f 1110/199/127 252/202/130 437/203/131 1176/200/128
f 1176/200/128 437/203/131 76/204/132 515/205/108
f 438/201/128 1176/200/128 515/205/108 75/206/108
f 61/207/133 501/208/133 1177/209/134 434/210/134
f 501/208/133 62/211/133 433/212/134 1177/209/134
f 1177/209/134 433/212/134 56/213/135 463/214/135
f 434/210/134 1177/209/134 463/214/135 55/215/135
f 312/216/136 1104/217/137 1178/218/138 622/219/139
f 1104/217/137 306/220/137 621/221/138 1178/218/138
f 1178/218/138 621/221/138 60/222/133 499/223/133
f 622/219/139 1178/218/138 499/223/133 59/224/140
f 342/225/141 1098/226/141 1179/227/142 659/228/143
f 1098/226/141 348/229/144 660/230/145 1179/227/142
f 1179/227/142 660/230/145 28/231/146 579/232/147
f 659/228/143 1179/227/142 579/232/147 27/233/147
f 147/234/148 486/235/148 1180/236/148 664/237/148
f 486/235/148 146/238/148 665/239/148 1180/236/148
f 1180/236/148 665/239/148 140/240/148 492/241/148
f 664/237/148 1180/236/148 492/241/148 141/242/148
f 318/243/149 1092/244/141 1181/245/143 655/246/150
f 1092/244/141 324/247/141 656/248/143 1181/245/143
f 1181/245/143 656/248/143 120/249/147 575/250/147
f 655/246/150 1181/245/143 575/250/147 119/251/151
f 31/252/152 583/253/152 1182/254/153 651/255/153
f 583/253/152 32/256/152 652/257/153 1182/254/153
f 1182/254/153 652/257/153 104/258/154 559/259/154
f 651/255/153 1182/254/153 559/259/154 103/260/154
f 151/261/155 482/262/156 1183/263/157 756/264/158
f 482/262/156 88/265/159 527/266/160 1183/263/157
f 1183/263/157 527/266/160 87/267/160 488/268/157
f 756/264/158 1183/263/157 488/268/157 145/269/158
f 3/270/24 504/271/161 1184/272/162 410/273/25
f 504/271/161 29/274/163 649/275/164 1184/272/162
f 1184/272/162 649/275/164 101/276/165 520/277/166
f 410/273/25 1184/272/162 520/277/166 13/32/28
f 175/278/167 631/279/168 1185/280/168 750/281/167
f 631/279/168 49/282/110 457/172/110 1185/280/168
f 1185/280/168 457/172/110 50/283/110 625/284/168
f 750/281/167 1185/280/168 625/284/168 169/285/167
f 87/286/160 527/287/160 1186/288/169 606/289/169
f 527/287/160 88/290/159 605/291/170 1186/288/169
f 1186/288/169 605/291/170 70/292/171 509/293/172
f 606/289/169 1186/288/169 509/293/172 69/294/172
f 120/295/147 576/296/147 1187/297/173 686/298/173
f 576/296/147 25/299/147 687/300/173 1187/297/173
f 1187/297/173 687/300/173 110/301/174 566/302/174
f 686/298/173 1187/297/173 566/302/174 111/303/174
f 26/304/147 578/305/147 1188/306/173 688/307/173
f 578/305/147 27/308/147 689/309/173 1188/306/173
f 1188/306/173 689/309/173 108/310/174 564/311/174
f 688/307/173 1188/306/173 564/311/174 109/312/174
f 119/313/151 575/314/147 1189/315/173 685/316/175
f 575/314/147 120/295/147 686/298/173 1189/315/173
f 1189/315/173 686/298/173 111/303/174 567/317/174
f 685/316/175 1189/315/173 567/317/174 112/318/176
f 88/319/159 432/320/177 1190/321/178 605/322/170
f 432/320/177 1/1/1 385/4/4 1190/321/178
f 1190/321/178 385/4/4 5/8/7 510/323/179
f 605/322/170 1190/321/178 510/323/179 70/324/171
f 372/325/97 1086/326/97 1191/327/98 682/328/98
f 1086/326/97 378/148/97 683/151/98 1191/327/98
f 1191/327/98 683/151/98 93/156/85 548/329/85
f 682/328/98 1191/327/98 548/329/85 92/330/85
f 20/70/12 508/331/180 1192/332/181 407/333/56
f 508/331/180 119/313/151 685/316/175 1192/332/181
f 1192/332/181 685/316/175 112/318/176 568/334/182
f 407/333/56 1192/332/181 568/334/182 21/335/58
f 366/336/97 1080/337/97 1193/338/98 681/339/183
f 1080/337/97 372/325/97 682/328/98 1193/338/98
f 1193/338/98 682/328/98 92/330/85 547/340/85
f 681/339/183 1193/338/98 547/340/85 91/341/85
f 82/342/184 522/343/185 1194/344/186 611/345/187
f 522/343/185 3/28/24 386/31/27 1194/344/186
f 1194/344/186 386/31/27 7/34/30 454/346/188
f 611/345/187 1194/344/186 454/346/188 46/347/189
f 222/348/190 1074/349/191 1195/350/192 403/351/193
f 1074/349/191 354/139/96 679/142/99 1195/350/192
f 1195/350/192 679/142/99 89/147/84 528/352/194
f 403/351/193 1195/350/192 528/352/194 14/353/67
f 360/143/97 1068/354/97 1196/355/183 680/144/98
f 1068/354/97 366/336/97 681/339/183 1196/355/183
f 1196/355/183 681/339/183 91/341/85 546/356/85
f 680/144/98 1196/355/183 546/356/85 90/145/85
f 36/357/93 587/358/93 1197/359/94 677/360/94
f 587/358/93 35/361/195 678/362/196 1197/359/94
f 1197/359/94 678/362/196 100/363/197 555/364/95
f 677/360/94 1197/359/94 555/364/95 99/365/95
f 282/366/198 1062/367/199 1198/368/200 617/369/201
f 1062/367/199 198/18/16 393/370/15 1198/368/200
f 1198/368/200 393/370/15 9/16/14 426/371/202
f 617/369/201 1198/368/200 426/371/202 64/372/203
f 39/373/93 590/374/93 1199/375/94 674/376/94
f 590/374/93 38/130/93 675/133/94 1199/375/94
f 1199/375/94 675/133/94 97/138/95 552/377/95
f 674/376/94 1199/375/94 552/377/95 96/378/95
f 37/134/93 588/379/93 1200/380/94 676/135/94
f 588/379/93 36/357/93 677/360/94 1200/380/94
f 1200/380/94 677/360/94 99/365/95 554/381/95
f 676/135/94 1200/380/94 554/381/95 98/136/95
f 40/382/204 591/383/93 1201/384/94 673/385/205
f 591/383/93 39/373/93 674/376/94 1201/384/94
f 1201/384/94 674/376/94 96/378/95 551/386/95
f 673/385/205 1201/384/94 551/386/95 95/387/206
f 64/372/203 426/371/202 1202/388/207 623/389/208
f 426/371/202 9/16/14 396/390/59 1202/388/207
f 1202/388/207 396/390/59 21/391/58 498/392/209
f 623/389/208 1202/388/207 498/392/209 58/393/210
f 92/394/85 548/395/85 1203/396/86 670/397/86
f 548/395/85 93/121/85 671/124/86 1203/396/86
f 1203/396/86 671/124/86 117/129/88 572/398/88
f 670/397/86 1203/396/86 572/398/88 116/399/88
f 1/400/1 592/401/211 1204/402/212 399/7/2
f 592/401/211 40/382/204 673/385/205 1204/402/212
f 1204/402/212 673/385/205 95/387/206 524/403/213
f 399/7/2 1204/402/212 524/403/213 8/5/5
f 91/404/85 547/405/85 1205/406/86 669/407/86
f 547/405/85 92/394/85 670/397/86 1205/406/86
f 1205/406/86 670/397/86 116/399/88 571/408/88
f 669/407/86 1205/406/86 571/408/88 115/409/88
f 252/202/130 1056/410/214 1206/411/215 437/203/131
f 1056/410/214 229/412/216 805/413/217 1206/411/215
f 1206/411/215 805/413/217 15/92/73 429/414/218
f 437/203/131 1206/411/215 429/414/218 76/204/132
f 14/86/67 528/415/194 1207/416/219 416/87/68
f 528/415/194 89/112/84 667/115/87 1207/416/219
f 1207/416/219 667/115/87 113/120/89 512/189/125
f 416/87/68 1207/416/219 512/189/125 23/417/71
f 90/116/85 546/418/85 1208/419/86 668/117/86
f 546/418/85 91/404/85 669/407/86 1208/419/86
f 1208/419/86 669/407/86 115/409/88 570/420/88
f 668/117/86 1208/419/86 570/420/88 114/118/88
f 146/238/148 487/421/148 1209/422/148 665/239/148
f 487/421/148 145/269/158 666/423/158 1209/422/148
f 1209/422/148 666/423/158 139/424/158 493/425/148
f 665/239/148 1209/422/148 493/425/148 140/240/148
f 76/204/132 429/414/218 1210/426/220 443/427/221
f 429/414/218 15/92/73 395/428/72 1210/426/220
f 1210/426/220 395/428/72 23/429/71 423/187/124
f 443/427/221 1210/426/220 423/187/124 52/430/123
f 2/431/17 436/179/116 1211/432/222 390/433/18
f 436/179/116 83/434/115 610/435/223 1211/432/222
f 1211/432/222 610/435/223 65/436/224 448/437/225
f 390/433/18 1211/432/222 448/437/225 6/23/21
f 79/111/81 519/438/81 1212/439/226 614/440/226
f 519/438/81 80/441/81 613/442/226 1212/439/226
f 1212/439/226 613/442/226 44/443/227 451/444/227
f 614/440/226 1212/439/226 451/444/227 43/445/227
f 85/446/160 525/447/160 1213/448/169 608/449/169
f 525/447/160 86/450/160 607/451/169 1213/448/169
f 1213/448/169 607/451/169 68/452/172 507/453/172
f 608/449/169 1213/448/169 507/453/172 67/454/172
f 86/455/160 526/456/160 1214/457/169 607/458/169
f 526/456/160 87/286/160 606/289/169 1214/457/169
f 1214/457/169 606/289/169 69/294/172 427/459/172
f 607/458/169 1214/457/169 427/459/172 68/452/172
f 27/308/147 579/460/147 1215/461/173 689/309/173
f 579/460/147 28/462/146 690/463/228 1215/461/173
f 1215/461/173 690/463/228 107/464/229 563/465/174
f 689/309/173 1215/461/173 563/465/174 108/310/174
f 107/464/229 516/466/230 1216/467/231 744/468/232
f 516/466/230 24/469/78 460/470/107 1216/467/231
f 1216/467/231 460/470/107 47/471/106 643/472/233
f 744/468/232 1216/467/231 643/472/233 187/473/234
f 187/473/234 643/472/233 1217/474/168 738/475/167
f 643/472/233 47/471/106 455/476/110 1217/474/168
f 1217/474/168 455/476/110 48/477/110 637/478/168
f 738/475/167 1217/474/168 637/478/168 181/479/167
f 181/479/167 637/478/168 1218/480/168 732/481/167
f 637/478/168 48/477/110 422/482/110 1218/480/168
f 1218/480/168 422/482/110 49/282/110 631/279/168
f 732/481/167 1218/480/168 631/279/168 175/278/167
f 81/483/81 594/484/82 1219/485/82 521/486/81
f 594/484/82 132/487/83 691/488/83 1219/485/82
f 1219/485/82 691/488/83 126/489/235 593/490/236
f 521/486/81 1219/485/82 593/490/236 82/342/184
f 169/491/167 625/492/168 1220/493/168 726/494/167
f 625/492/168 50/495/110 458/496/110 1220/493/168
f 1220/493/168 458/496/110 51/497/110 470/498/168
f 726/494/167 1220/493/168 470/498/168 163/499/167
f 163/499/167 470/498/168 1221/500/168 720/501/167
f 470/498/168 51/497/110 459/502/110 1221/500/168
f 1221/500/168 459/502/110 52/503/123 476/504/120
f 720/501/167 1221/500/168 476/504/120 157/182/119
f 40/505/204 592/506/211 1222/507/237 714/508/238
f 592/506/211 1/400/1 432/509/177 1222/507/237
f 1222/507/237 432/509/177 88/510/159 482/262/156
f 714/508/238 1222/507/237 482/262/156 151/511/155
f 131/512/148 534/513/148 1223/514/148 692/515/148
f 534/513/148 130/516/148 693/517/148 1223/514/148
f 1223/514/148 693/517/148 124/518/239 540/519/239
f 692/515/148 1223/514/148 540/519/239 125/520/239
f 139/521/158 494/522/157 1224/523/157 708/524/158
f 494/522/157 86/525/160 525/526/160 1224/523/157
f 1224/523/157 525/526/160 85/527/160 532/528/157
f 708/524/158 1224/523/157 532/528/157 133/529/158
f 133/529/158 532/528/157 1225/530/157 702/531/158
f 532/528/157 85/527/160 431/532/160 1225/530/157
f 1225/530/157 431/532/160 84/533/160 538/534/157
f 702/531/158 1225/530/157 538/534/157 127/535/158
f 127/535/158 538/534/157 1226/536/157 696/537/158
f 538/534/157 84/533/160 523/538/160 1226/536/157
f 1226/536/157 523/538/160 83/178/115 544/175/112
f 696/537/158 1226/536/157 544/175/112 121/174/111
f 78/539/81 518/540/81 1227/541/226 615/542/226
f 518/540/81 79/111/81 614/440/226 1227/541/226
f 1227/541/226 614/440/226 43/445/227 450/543/227
f 615/542/226 1227/541/226 450/543/227 42/544/227
f 288/545/137 1050/546/137 1228/547/138 618/548/240
f 1050/546/137 282/366/198 617/369/201 1228/547/138
f 1228/547/138 617/369/201 64/372/203 503/549/133
f 618/548/240 1228/547/138 503/549/133 63/550/133
f 29/274/163 581/551/152 1229/552/153 649/275/164
f 581/551/152 30/553/152 650/554/153 1229/552/153
f 1229/552/153 650/554/153 102/555/154 557/556/154
f 649/275/164 1229/552/153 557/556/154 101/276/165
f 30/553/152 582/557/152 1230/558/153 650/554/153
f 582/557/152 31/252/152 651/255/153 1230/558/153
f 1230/558/153 651/255/153 103/260/154 558/559/154
f 650/554/153 1230/558/153 558/559/154 102/555/154
f 130/516/148 535/560/148 1231/561/148 693/517/148
f 535/560/148 129/562/148 694/563/148 1231/561/148
f 1231/561/148 694/563/148 123/564/239 541/565/239
f 693/517/148 1231/561/148 541/565/239 124/518/239
f 32/256/152 584/566/152 1232/567/153 652/257/153
f 584/566/152 33/568/152 653/569/153 1232/567/153
f 1232/567/153 653/569/153 105/570/154 560/571/154
f 652/257/153 1232/567/153 560/571/154 104/258/154
f 33/568/152 585/572/152 1233/573/153 653/569/153
f 585/572/152 34/181/118 654/574/241 1233/573/153
f 1233/573/153 654/574/241 106/575/242 561/576/154
f 653/569/153 1233/573/153 561/576/154 105/570/154
f 216/577/8 1044/578/243 1234/579/244 402/580/9
f 1044/578/243 318/243/149 655/246/150 1234/579/244
f 1234/579/244 655/246/150 119/251/151 508/581/180
f 402/580/9 1234/579/244 508/581/180 20/582/12
f 129/583/148 536/584/148 1235/585/148 694/586/148
f 536/584/148 128/587/148 695/588/148 1235/585/148
f 1235/585/148 695/588/148 122/589/239 542/590/239
f 694/586/148 1235/585/148 542/590/239 123/591/239
f 324/247/141 1038/592/141 1236/593/143 656/248/143
f 1038/592/141 330/594/141 657/595/143 1236/593/143
f 1236/593/143 657/595/143 25/596/147 576/597/147
f 656/248/143 1236/593/143 576/597/147 120/249/147
f 330/594/141 1032/598/141 1237/599/143 657/595/143
f 1032/598/141 336/600/245 658/601/142 1237/599/143
f 1237/599/143 658/601/142 26/602/147 577/603/147
f 657/595/143 1237/599/143 577/603/147 25/596/147
f 336/600/245 1026/604/141 1238/605/143 658/601/142
f 1026/604/141 342/225/141 659/228/143 1238/605/143
f 1238/605/143 659/228/143 27/233/147 578/606/147
f 658/601/142 1238/605/143 578/606/147 26/602/147
f 80/607/81 595/608/82 1239/609/82 430/610/81
f 595/608/82 138/611/83 697/612/83 1239/609/82
f 1239/609/82 697/612/83 132/613/83 594/614/82
f 430/610/81 1239/609/82 594/614/82 81/615/81
f 150/107/83 483/616/148 1240/617/148 661/108/83
f 483/616/148 149/618/148 662/619/148 1240/617/148
f 1240/617/148 662/619/148 143/620/148 489/621/148
f 661/108/83 1240/617/148 489/621/148 144/109/83
f 149/618/148 484/622/148 1241/623/148 662/619/148
f 484/622/148 148/624/148 663/625/148 1241/623/148
f 1241/623/148 663/625/148 142/626/148 490/627/148
f 662/619/148 1241/623/148 490/627/148 143/620/148
f 148/624/148 485/628/148 1242/629/148 663/625/148
f 485/628/148 147/234/148 664/237/148 1242/629/148
f 1242/629/148 664/237/148 141/242/148 491/630/148
f 663/625/148 1242/629/148 491/630/148 142/626/148
f 294/631/137 1020/632/137 1243/633/138 619/634/240
f 1020/632/137 288/635/137 618/548/240 1243/633/138
f 1243/633/138 618/548/240 63/636/133 502/637/133
f 619/634/240 1243/633/138 502/637/133 62/211/133
f 4/44/37 440/638/246 1244/639/247 412/640/38
f 440/638/246 77/641/248 616/642/249 1244/639/247
f 1244/639/247 616/642/249 41/643/250 464/644/251
f 412/640/38 1244/639/247 464/644/251 17/48/41
f 300/645/137 1014/646/137 1245/647/138 620/648/240
f 1014/646/137 294/631/137 619/634/240 1245/647/138
f 1245/647/138 619/634/240 62/211/133 501/208/133
f 620/648/240 1245/647/138 501/208/133 61/207/133
f 28/462/146 580/649/252 1246/650/253 690/463/228
f 580/649/252 19/101/80 413/651/79 1246/650/253
f 1246/650/253 413/651/79 24/469/78 516/466/230
f 690/463/228 1246/650/253 516/466/230 107/464/229
f 204/652/254 1008/653/255 1247/654/256 394/655/257
f 1008/653/255 312/656/136 622/657/139 1247/654/256
f 1247/654/256 622/657/139 59/658/140 452/659/258
f 394/655/257 1247/654/256 452/659/258 10/78/60
f 306/220/137 1002/660/137 1248/661/138 621/221/138
f 1002/660/137 300/645/137 620/648/240 1248/661/138
f 1248/661/138 620/648/240 61/207/133 425/662/133
f 621/221/138 1248/661/138 425/662/133 60/222/133
f 63/550/133 503/549/133 1249/663/134 624/664/134
f 503/549/133 64/372/203 623/389/208 1249/663/134
f 1249/663/134 623/389/208 58/393/210 497/665/135
f 624/664/134 1249/663/134 497/665/135 57/666/135
f 384/152/100 996/667/259 1250/668/260 684/153/101
f 996/667/259 235/669/261 811/670/262 1250/668/260
f 1250/668/260 811/670/262 12/671/66 550/672/263
f 684/153/101 1250/668/260 550/672/263 94/154/90
f 60/222/133 425/662/133 1251/673/134 435/674/134
f 425/662/133 61/207/133 434/210/134 1251/673/134
f 1251/673/134 434/210/134 55/215/135 462/675/135
f 435/674/134 1251/673/134 462/675/135 54/676/135
f 62/211/133 502/637/133 1252/677/134 433/212/134
f 502/637/133 63/636/133 624/678/134 1252/677/134
f 1252/677/134 624/678/134 57/679/135 424/680/135
f 433/212/134 1252/677/134 424/680/135 56/213/135
f 59/224/140 499/223/133 1253/681/134 417/682/264
f 499/223/133 60/222/133 435/674/134 1253/681/134
f 1253/681/134 435/674/134 54/676/135 461/683/135
f 417/682/264 1253/681/134 461/683/135 53/684/265
f 35/361/195 500/685/266 1254/686/267 678/362/196
f 500/685/266 4/44/37 401/47/40 1254/686/267
f 1254/686/267 401/47/40 18/50/43 556/687/268
f 678/362/196 1254/686/267 556/687/268 100/363/197
f 264/688/127 990/689/127 1255/690/128 439/691/128
f 990/689/127 258/692/127 438/201/128 1255/690/128
f 1255/690/128 438/201/128 75/693/108 514/694/108
f 439/691/128 1255/690/128 514/694/108 74/169/108
f 10/78/60 452/659/258 1256/695/269 391/696/61
f 452/659/258 59/658/140 417/697/264 1256/695/269
f 1256/695/269 417/697/264 53/698/265 456/699/270
f 391/696/61 1256/695/269 456/699/270 22/700/64
f 246/701/127 984/702/127 1257/703/128 418/704/128
f 984/702/127 264/688/127 439/691/128 1257/703/128
f 1257/703/128 439/691/128 74/169/108 513/166/108
f 418/704/128 1257/703/128 513/166/108 73/165/108
f 94/125/90 550/705/263 1258/706/271 672/126/91
f 550/705/263 12/85/66 415/707/65 1258/706/271
f 1258/706/271 415/707/65 22/708/64 574/709/272
f 672/126/91 1258/706/271 574/709/272 118/127/92
f 132/487/83 533/710/148 1259/711/148 691/488/83
f 533/710/148 131/712/148 692/713/148 1259/711/148
f 1259/711/148 692/713/148 125/714/239 539/715/239
f 691/488/83 1259/711/148 539/715/239 126/489/235
f 145/269/158 488/268/157 1260/716/157 666/423/158
f 488/268/157 87/267/160 526/717/160 1260/716/157
f 1260/716/157 526/717/160 86/525/160 494/718/157
f 666/423/158 1260/716/157 494/718/157 139/424/158
f 80/441/81 430/719/81 1261/720/226 613/442/226
f 430/719/81 81/721/81 612/722/226 1261/720/226
f 1261/720/226 612/722/226 45/723/227 421/724/227
f 613/442/226 1261/720/226 421/724/227 44/443/227
f 77/641/248 517/725/81 1262/726/226 616/642/249
f 517/725/81 78/539/81 615/542/226 1262/726/226
f 1262/726/226 615/542/226 42/544/227 449/727/227
f 616/642/249 1262/726/226 449/727/227 41/643/250
f 25/299/147 577/728/147 1263/729/173 687/300/173
f 577/728/147 26/304/147 688/307/173 1263/729/173
f 1263/729/173 688/307/173 109/312/174 565/730/174
f 687/300/173 1263/729/173 565/730/174 110/301/174
f 83/434/115 523/731/160 1264/732/169 610/435/223
f 523/731/160 84/733/160 609/734/169 1264/732/169
f 1264/732/169 609/734/169 66/735/172 505/736/172
f 610/435/223 1264/732/169 505/736/172 65/436/224
f 84/733/160 431/737/160 1265/738/169 609/734/169
f 431/737/160 85/446/160 608/449/169 1265/738/169
f 1265/738/169 608/449/169 67/454/172 506/739/172
f 609/734/169 1265/738/169 506/739/172 66/735/172
f 81/721/81 521/740/81 1266/741/226 612/722/226
f 521/740/81 82/342/184 611/345/187 1266/741/226
f 1266/741/226 611/345/187 46/347/189 453/742/227
f 612/722/226 1266/741/226 453/742/227 45/723/227
f 205/743/273 978/744/274 1267/745/275 781/746/276
f 978/744/274 276/190/126 442/193/129 1267/745/275
f 1267/745/275 442/193/129 71/160/104 444/157/102
f 781/746/276 1267/745/275 444/157/102 16/94/74
f 270/747/127 972/748/127 1268/749/277 441/750/128
f 972/748/127 246/701/127 418/704/128 1268/749/277
f 1268/749/277 418/704/128 73/165/108 428/751/108
f 441/750/128 1268/749/277 428/751/108 72/752/108
f 75/693/108 515/753/108 1269/754/109 419/755/109
f 515/753/108 76/756/132 443/757/221 1269/754/109
f 1269/754/109 443/757/221 52/430/123 459/758/110
f 419/755/109 1269/754/109 459/758/110 51/759/110
f 348/229/144 966/760/278 1270/761/279 660/230/145
f 966/760/278 228/762/280 405/763/281 1270/761/279
f 1270/761/279 405/763/281 19/764/80 580/765/252
f 660/230/145 1270/761/279 580/765/252 28/231/146
f 72/752/108 428/751/108 1271/766/109 447/767/109
f 428/751/108 73/165/108 446/168/109 1271/766/109
f 1271/766/109 446/168/109 49/173/110 422/482/110
f 447/767/109 1271/766/109 422/482/110 48/768/110
f 74/169/108 514/694/108 1272/769/109 445/170/109
f 514/694/108 75/693/108 419/755/109 1272/769/109
f 1272/769/109 419/755/109 51/759/110 458/770/110
f 445/170/109 1272/769/109 458/770/110 50/171/110
f 71/771/104 511/772/108 1273/773/109 420/161/105
f 511/772/108 72/752/108 447/767/109 1273/773/109
f 1273/773/109 447/767/109 48/768/110 455/476/110
f 420/161/105 1273/773/109 455/476/110 47/471/106
f 34/181/118 586/180/117 1274/774/282 654/574/241
f 586/180/117 2/19/17 400/22/20 1274/774/282
f 1274/774/282 400/22/20 11/26/23 562/775/283
f 654/574/241 1274/774/282 562/775/283 106/575/242
f 128/587/148 537/776/148 1275/777/148 695/588/148
f 537/776/148 127/535/158 696/537/158 1275/777/148
f 1275/777/148 696/537/158 121/174/111 543/778/239
f 695/588/148 1275/777/148 543/778/239 122/589/239
f 138/611/83 495/779/148 1276/780/148 697/612/83
f 495/779/148 137/781/148 698/782/148 1276/780/148
f 1276/780/148 698/782/148 131/512/148 533/783/148
f 697/612/83 1276/780/148 533/783/148 132/613/83
f 137/781/148 496/784/148 1277/785/148 698/782/148
f 496/784/148 136/786/148 699/787/148 1277/785/148
f 1277/785/148 699/787/148 130/516/148 534/513/148
f 698/782/148 1277/785/148 534/513/148 131/512/148
f 136/786/148 529/788/148 1278/789/148 699/787/148
f 529/788/148 135/790/148 700/791/148 1278/789/148
f 1278/789/148 700/791/148 129/562/148 535/560/148
f 699/787/148 1278/789/148 535/560/148 130/516/148
f 135/790/148 530/792/148 1279/793/148 700/791/148
f 530/792/148 134/794/148 701/795/148 1279/793/148
f 1279/793/148 701/795/148 128/796/148 536/797/148
f 700/791/148 1279/793/148 536/797/148 129/562/148
f 134/798/148 531/799/148 1280/800/148 701/801/148
f 531/799/148 133/529/158 702/531/158 1280/800/148
f 1280/800/148 702/531/158 127/535/158 537/776/148
f 701/801/148 1280/800/148 537/776/148 128/587/148
f 79/111/81 596/110/82 1281/802/82 519/803/81
f 596/110/82 144/109/83 703/804/83 1281/802/82
f 1281/802/82 703/804/83 138/611/83 595/608/82
f 519/803/81 1281/802/82 595/608/82 80/607/81
f 144/109/83 489/621/148 1282/805/148 703/804/83
f 489/621/148 143/620/148 704/806/148 1282/805/148
f 1282/805/148 704/806/148 137/781/148 495/779/148
f 703/804/83 1282/805/148 495/779/148 138/611/83
f 143/620/148 490/627/148 1283/807/148 704/806/148
f 490/627/148 142/626/148 705/808/148 1283/807/148
f 1283/807/148 705/808/148 136/786/148 496/784/148
f 704/806/148 1283/807/148 496/784/148 137/781/148
f 142/626/148 491/630/148 1284/809/148 705/808/148
f 491/630/148 141/242/148 706/810/148 1284/809/148
f 1284/809/148 706/810/148 135/790/148 529/788/148
f 705/808/148 1284/809/148 529/788/148 136/786/148
f 141/242/148 492/241/148 1285/811/148 706/810/148
f 492/241/148 140/240/148 707/812/148 1285/811/148
f 1285/811/148 707/812/148 134/794/148 530/792/148
f 706/810/148 1285/811/148 530/792/148 135/790/148
f 140/813/148 493/814/148 1286/815/148 707/816/148
f 493/814/148 139/521/158 708/524/158 1286/815/148
f 1286/815/148 708/524/158 133/529/158 531/799/148
f 707/816/148 1286/815/148 531/799/148 134/798/148
f 4/817/37 500/818/266 1287/819/284 440/820/246
f 500/818/266 35/821/195 709/822/285 1287/819/284
f 1287/819/284 709/822/285 156/823/286 598/824/287
f 440/820/246 1287/819/284 598/824/287 77/825/248
f 35/821/195 587/826/93 1288/827/288 709/822/285
f 587/826/93 36/828/93 710/829/288 1288/827/288
f 1288/827/288 710/829/288 155/830/289 477/831/289
f 709/822/285 1288/827/288 477/831/289 156/823/286
f 36/832/93 588/833/93 1289/834/288 710/835/288
f 588/833/93 37/836/93 711/837/288 1289/834/288
f 1289/834/288 711/837/288 154/838/289 478/839/289
f 710/835/288 1289/834/288 478/839/289 155/840/289
f 37/836/93 589/841/93 1290/842/288 711/837/288
f 589/841/93 38/843/93 712/844/288 1290/842/288
f 1290/842/288 712/844/288 153/845/289 479/846/289
f 711/837/288 1290/842/288 479/846/289 154/838/289
f 38/843/93 590/847/93 1291/848/288 712/844/288
f 590/847/93 39/849/93 713/850/288 1291/848/288
f 1291/848/288 713/850/288 152/851/289 480/852/289
f 712/844/288 1291/848/288 480/852/289 153/845/289
f 39/849/93 591/383/93 1292/853/288 713/854/288
f 591/383/93 40/505/204 714/508/238 1292/853/288
f 1292/853/288 714/508/238 151/511/155 481/855/289
f 713/854/288 1292/853/288 481/855/289 152/856/289
f 54/857/135 600/858/290 1293/859/290 461/860/135
f 600/858/290 168/861/291 715/862/291 1293/859/290
f 1293/859/290 715/862/291 162/863/292 599/864/293
f 461/860/135 1293/859/290 599/864/293 53/865/265
f 168/861/291 465/866/294 1294/867/294 715/862/291
f 465/866/294 167/868/294 716/869/294 1294/867/294
f 1294/867/294 716/869/294 161/870/295 471/871/295
f 715/862/291 1294/867/294 471/871/295 162/863/292
f 167/868/294 466/872/294 1295/873/294 716/869/294
f 466/872/294 166/874/294 717/875/294 1295/873/294
f 1295/873/294 717/875/294 160/876/295 472/877/295
f 716/869/294 1295/873/294 472/877/295 161/870/295
f 166/878/294 467/879/294 1296/880/294 717/881/294
f 467/879/294 165/882/294 718/883/294 1296/880/294
f 1296/880/294 718/883/294 159/884/295 473/885/295
f 717/881/294 1296/880/294 473/885/295 160/886/295
f 165/882/294 468/887/294 1297/888/294 718/883/294
f 468/887/294 164/889/294 719/890/294 1297/888/294
f 1297/888/294 719/890/294 158/891/295 474/892/295
f 718/883/294 1297/888/294 474/892/295 159/884/295
f 164/889/294 469/893/294 1298/894/294 719/890/294
f 469/893/294 163/499/167 720/501/167 1298/894/294
f 1298/894/294 720/501/167 157/182/119 475/895/295
f 719/890/294 1298/894/294 475/895/295 158/891/295
f 55/896/135 601/897/290 1299/898/290 462/899/135
f 601/897/290 174/900/291 721/901/291 1299/898/290
f 1299/898/290 721/901/291 168/902/291 600/903/290
f 462/899/135 1299/898/290 600/903/290 54/904/135
f 174/900/291 630/905/294 1300/906/294 721/901/291
f 630/905/294 173/907/294 722/908/294 1300/906/294
f 1300/906/294 722/908/294 167/909/294 465/910/294
f 721/901/291 1300/906/294 465/910/294 168/902/291
f 173/907/294 629/911/294 1301/912/294 722/908/294
f 629/911/294 172/913/294 723/914/294 1301/912/294
f 1301/912/294 723/914/294 166/878/294 466/915/294
f 722/908/294 1301/912/294 466/915/294 167/909/294
f 172/913/294 628/916/294 1302/917/294 723/914/294
f 628/916/294 171/918/294 724/919/294 1302/917/294
f 1302/917/294 724/919/294 165/882/294 467/879/294
f 723/914/294 1302/917/294 467/879/294 166/878/294
f 171/918/294 627/920/294 1303/921/294 724/919/294
f 627/920/294 170/922/294 725/923/294 1303/921/294
f 1303/921/294 725/923/294 164/889/294 468/887/294
f 724/919/294 1303/921/294 468/887/294 165/882/294
f 170/922/294 626/924/294 1304/925/294 725/923/294
f 626/924/294 169/491/167 726/494/167 1304/925/294
f 1304/925/294 726/494/167 163/499/167 469/893/294
f 725/923/294 1304/925/294 469/893/294 164/889/294
f 57/926/135 603/927/290 1305/928/290 424/929/135
f 603/927/290 186/930/291 727/931/291 1305/928/290
f 1305/928/290 727/931/291 180/932/291 602/933/290
f 424/929/135 1305/928/290 602/933/290 56/934/135
f 186/930/291 642/935/294 1306/936/294 727/931/291
f 642/935/294 185/937/294 728/938/294 1306/936/294
f 1306/936/294 728/938/294 179/939/294 636/940/294
f 727/931/291 1306/936/294 636/940/294 180/932/291
f 185/937/294 641/941/294 1307/942/294 728/938/294
f 641/941/294 184/943/294 729/944/294 1307/942/294
f 1307/942/294 729/944/294 178/945/294 635/946/294
f 728/938/294 1307/942/294 635/946/294 179/939/294
f 184/943/294 640/947/294 1308/948/294 729/944/294
f 640/947/294 183/949/294 730/950/294 1308/948/294
f 1308/948/294 730/950/294 177/951/294 634/952/294
f 729/944/294 1308/948/294 634/952/294 178/945/294
f 183/949/294 639/953/294 1309/954/294 730/955/294
f 639/953/294 182/956/294 731/957/294 1309/954/294
f 1309/954/294 731/957/294 176/958/294 633/959/294
f 730/955/294 1309/954/294 633/959/294 177/960/294
f 182/956/294 638/961/294 1310/962/294 731/957/294
f 638/961/294 181/479/167 732/481/167 1310/962/294
f 1310/962/294 732/481/167 175/278/167 632/963/294
f 731/957/294 1310/962/294 632/963/294 176/958/294
f 58/964/210 604/965/296 1311/966/290 497/967/135
f 604/965/296 192/968/297 733/969/291 1311/966/290
f 1311/966/290 733/969/291 186/930/291 603/927/290
f 497/967/135 1311/966/290 603/927/290 57/926/135
f 192/968/297 648/970/298 1312/971/294 733/969/291
f 648/970/298 191/972/298 734/973/294 1312/971/294
f 1312/971/294 734/973/294 185/937/294 642/935/294
f 733/969/291 1312/971/294 642/935/294 186/930/291
f 191/972/298 647/974/298 1313/975/294 734/973/294
f 647/974/298 190/976/298 735/977/294 1313/975/294
f 1313/975/294 735/977/294 184/943/294 641/941/294
f 734/973/294 1313/975/294 641/941/294 185/937/294
f 190/976/298 646/978/298 1314/979/294 735/977/294
f 646/978/298 189/980/298 736/981/294 1314/979/294
f 1314/979/294 736/981/294 183/949/294 640/947/294
f 735/977/294 1314/979/294 640/947/294 184/943/294
f 189/980/298 645/982/298 1315/983/294 736/984/294
f 645/982/298 188/985/298 737/986/294 1315/983/294
f 1315/983/294 737/986/294 182/956/294 639/953/294
f 736/984/294 1315/983/294 639/953/294 183/949/294
f 188/985/298 644/987/298 1316/988/294 737/986/294
f 644/987/298 187/473/234 738/475/167 1316/988/294
f 1316/988/294 738/475/167 181/479/167 638/961/294
f 737/986/294 1316/988/294 638/961/294 182/956/294
f 21/335/58 568/334/182 1317/989/299 498/990/209
f 568/334/182 112/318/176 739/991/300 1317/989/299
f 1317/989/299 739/991/300 192/992/297 604/993/296
f 498/990/209 1317/989/299 604/993/296 58/994/210
f 112/318/176 567/995/174 1318/996/301 739/997/300
f 567/995/174 111/998/174 740/999/301 1318/996/301
f 1318/996/301 740/999/301 191/972/298 648/970/298
f 739/997/300 1318/996/301 648/970/298 192/968/297
f 111/998/174 566/1000/174 1319/1001/302 740/999/301
f 566/1000/174 110/1002/174 741/1003/302 1319/1001/302
f 1319/1001/302 741/1003/302 190/976/298 647/974/298
f 740/999/301 1319/1001/302 647/974/298 191/972/298
f 110/1002/174 565/1004/174 1320/1005/302 741/1003/302
f 565/1004/174 109/312/174 742/1006/302 1320/1005/302
f 1320/1005/302 742/1006/302 189/980/298 646/978/298
f 741/1003/302 1320/1005/302 646/978/298 190/976/298
f 109/312/174 564/1007/174 1321/1008/302 742/1006/302
f 564/1007/174 108/1009/174 743/1010/302 1321/1008/302
f 1321/1008/302 743/1010/302 188/985/298 645/1011/298
f 742/1006/302 1321/1008/302 645/1011/298 189/980/298
f 108/1009/174 563/1012/174 1322/1013/302 743/1010/302
f 563/1012/174 107/464/229 744/1014/232 1322/1013/302
f 1322/1013/302 744/1014/232 187/473/234 644/1015/298
f 743/1010/302 1322/1013/302 644/1015/298 188/985/298
f 56/934/135 602/933/290 1323/1016/290 463/1017/135
f 602/933/290 180/932/291 745/1018/291 1323/1016/290
f 1323/1016/290 745/1018/291 174/900/291 601/897/290
f 463/1017/135 1323/1016/290 601/897/290 55/896/135
f 180/932/291 636/940/294 1324/1019/294 745/1018/291
f 636/940/294 179/939/294 746/1020/294 1324/1019/294
f 1324/1019/294 746/1020/294 173/907/294 630/905/294
f 745/1018/291 1324/1019/294 630/905/294 174/900/291
f 179/939/294 635/946/294 1325/1021/294 746/1020/294
f 635/946/294 178/945/294 747/1022/294 1325/1021/294
f 1325/1021/294 747/1022/294 172/913/294 629/911/294
f 746/1020/294 1325/1021/294 629/911/294 173/907/294
f 178/945/294 634/952/294 1326/1023/294 747/1022/294
f 634/952/294 177/951/294 748/1024/294 1326/1023/294
f 1326/1023/294 748/1024/294 171/918/294 628/916/294
f 747/1022/294 1326/1023/294 628/916/294 172/913/294
f 177/960/294 633/959/294 1327/1025/294 748/1026/294
f 633/959/294 176/958/294 749/1027/294 1327/1025/294
f 1327/1025/294 749/1027/294 170/1028/294 627/1029/294
f 748/1026/294 1327/1025/294 627/1029/294 171/1030/294
f 176/958/294 632/963/294 1328/1031/294 749/1027/294
f 632/963/294 175/278/167 750/281/167 1328/1031/294
f 1328/1031/294 750/281/167 169/285/167 626/1032/294
f 749/1027/294 1328/1031/294 626/1032/294 170/1028/294
f 77/1033/248 598/824/287 1329/1034/82 517/1035/81
f 598/824/287 156/1036/286 751/1037/83 1329/1034/82
f 1329/1034/82 751/1037/83 150/107/83 597/104/82
f 517/1035/81 1329/1034/82 597/104/82 78/103/81
f 156/1036/286 477/1038/289 1330/1039/148 751/1037/83
f 477/1038/289 155/840/289 752/1040/148 1330/1039/148
f 1330/1039/148 752/1040/148 149/618/148 483/616/148
f 751/1037/83 1330/1039/148 483/616/148 150/107/83
f 155/840/289 478/839/289 1331/1041/148 752/1040/148
f 478/839/289 154/838/289 753/1042/148 1331/1041/148
f 1331/1041/148 753/1042/148 148/624/148 484/622/148
f 752/1040/148 1331/1041/148 484/622/148 149/618/148
f 154/838/289 479/846/289 1332/1043/148 753/1042/148
f 479/846/289 153/845/289 754/1044/148 1332/1043/148
f 1332/1043/148 754/1044/148 147/234/148 485/628/148
f 753/1042/148 1332/1043/148 485/628/148 148/624/148
f 153/845/289 480/852/289 1333/1045/148 754/1044/148
f 480/852/289 152/851/289 755/1046/148 1333/1045/148
f 1333/1045/148 755/1046/148 146/238/148 486/235/148
f 754/1044/148 1333/1045/148 486/235/148 147/234/148
f 152/851/289 481/1047/289 1334/1048/148 755/1046/148
f 481/1047/289 151/261/155 756/264/158 1334/1048/148
f 1334/1048/148 756/264/158 145/269/158 487/421/148
f 755/1046/148 1334/1048/148 487/421/148 146/238/148
f 53/865/265 599/864/293 1335/1049/303 456/1050/270
f 599/864/293 162/863/292 757/1051/304 1335/1049/303
f 1335/1049/303 757/1051/304 118/127/92 574/1052/272
f 456/1050/270 1335/1049/303 574/1052/272 22/700/64
f 162/863/292 471/871/295 1336/1053/305 757/1051/304
f 471/871/295 161/870/295 758/1054/305 1336/1053/305
f 1336/1053/305 758/1054/305 117/1055/88 573/1056/88
f 757/1051/304 1336/1053/305 573/1056/88 118/127/92
f 161/870/295 472/877/295 1337/1057/305 758/1054/305
f 472/877/295 160/876/295 759/1058/305 1337/1057/305
f 1337/1057/305 759/1058/305 116/1059/88 572/1060/88
f 758/1054/305 1337/1057/305 572/1060/88 117/1055/88
f 160/886/295 473/885/295 1338/1061/305 759/1058/305
f 473/885/295 159/884/295 760/1062/305 1338/1061/305
f 1338/1061/305 760/1062/305 115/409/88 571/1063/88
f 759/1058/305 1338/1061/305 571/1063/88 116/399/88
f 159/884/295 474/892/295 1339/1064/305 760/1062/305
f 474/892/295 158/891/295 761/1065/305 1339/1064/305
f 1339/1064/305 761/1065/305 114/1066/88 570/1067/88
f 760/1062/305 1339/1064/305 570/1067/88 115/409/88
f 158/891/295 475/895/295 1340/1068/305 761/1065/305
f 475/895/295 157/182/119 762/1069/122 1340/1068/305
f 1340/1068/305 762/1069/122 113/1070/89 569/1071/88
f 761/1065/305 1340/1068/305 569/1071/88 114/1066/88
f 82/342/184 593/490/236 1341/1072/306 522/1073/185
f 593/490/236 126/489/235 763/1074/307 1341/1072/306
f 1341/1072/306 763/1074/307 29/274/163 504/271/161
f 522/1073/185 1341/1072/306 504/271/161 3/270/24
f 126/489/235 539/715/239 1342/1075/308 763/1074/307
f 539/715/239 125/714/239 764/1076/308 1342/1075/308
f 1342/1075/308 764/1076/308 30/553/152 581/551/152
f 763/1074/307 1342/1075/308 581/551/152 29/274/163
f 125/520/239 540/519/239 1343/1077/308 764/1078/308
f 540/519/239 124/518/239 765/1079/308 1343/1077/308
f 1343/1077/308 765/1079/308 31/1080/152 582/1081/152
f 764/1078/308 1343/1077/308 582/1081/152 30/1082/152
f 124/518/239 541/565/239 1344/1083/308 765/1079/308
f 541/565/239 123/564/239 766/1084/308 1344/1083/308
f 1344/1083/308 766/1084/308 32/256/152 583/1085/152
f 765/1079/308 1344/1083/308 583/1085/152 31/1080/152
f 123/591/239 542/590/239 1345/1086/308 766/1087/308
f 542/590/239 122/589/239 767/1088/308 1345/1086/308
f 1345/1086/308 767/1088/308 33/568/152 584/566/152
f 766/1087/308 1345/1086/308 584/566/152 32/256/152
f 122/589/239 543/778/239 1346/1089/308 767/1088/308
f 543/778/239 121/174/111 768/177/114 1346/1089/308
f 1346/1089/308 768/177/114 34/181/118 585/572/152
f 767/1088/308 1346/1089/308 585/572/152 33/568/152
f 100/1090/197 556/1091/268 1347/1092/309 919/1093/310
f 556/1091/268 18/1094/43 799/1095/51 1347/1092/309
f 1347/1092/309 799/1095/51 223/1096/50 961/1097/311
f 919/1093/310 1347/1092/309 961/1097/311 343/1098/312
f 343/1098/312 961/1097/311 1348/1099/313 920/1100/314
f 961/1097/311 223/1096/50 800/1101/315 1348/1099/313
f 1348/1099/313 800/1101/315 224/1102/316 962/1103/313
f 920/1100/314 1348/1099/313 962/1103/313 344/1104/314
f 344/1104/314 962/1103/313 1349/1105/313 921/1106/314
f 962/1103/313 224/1102/316 801/1107/316 1349/1105/313
f 1349/1105/313 801/1107/316 225/1108/316 963/1109/313
f 921/1106/314 1349/1105/313 963/1109/313 345/1110/314
f 345/1110/314 963/1109/313 1350/1111/313 922/1112/314
f 963/1109/313 225/1108/316 802/1113/316 1350/1111/313
f 1350/1111/313 802/1113/316 226/1114/316 964/1115/313
f 922/1112/314 1350/1111/313 964/1115/313 346/1116/314
f 346/1116/314 964/1115/313 1351/1117/313 923/1118/314
f 964/1115/313 226/1114/316 803/1119/315 1351/1117/313
f 1351/1117/313 803/1119/315 227/1120/315 965/1121/313
f 923/1118/314 1351/1117/313 965/1121/313 347/1122/314
f 347/1122/314 965/1121/313 1352/1123/313 924/1124/314
f 965/1121/313 227/1120/315 804/1125/315 1352/1123/313
f 1352/1123/313 804/1125/315 228/762/280 966/760/278
f 924/1124/314 1352/1123/313 966/760/278 348/229/144
f 42/1126/227 450/1127/227 1353/1128/317 841/1129/317
f 450/1127/227 43/1130/227 817/1131/317 1353/1128/317
f 1353/1128/317 817/1131/317 241/1132/318 967/1133/318
f 841/1129/317 1353/1128/317 967/1133/318 265/1134/318
f 265/1134/318 967/1133/318 1354/1135/319 842/1136/319
f 967/1133/318 241/1132/318 818/1137/319 1354/1135/319
f 1354/1135/319 818/1137/319 242/1138/319 968/1139/319
f 842/1136/319 1354/1135/319 968/1139/319 266/1140/319
f 266/1140/319 968/1139/319 1355/1141/319 843/1142/319
f 968/1139/319 242/1138/319 819/1143/319 1355/1141/319
f 1355/1141/319 819/1143/319 243/1144/319 969/1145/319
f 843/1142/319 1355/1141/319 969/1145/319 267/1146/319
f 267/1146/319 969/1145/319 1356/1147/319 844/1148/319
f 969/1145/319 243/1144/319 820/1149/319 1356/1147/319
f 1356/1147/319 820/1149/319 244/1150/319 970/1151/319
f 844/1148/319 1356/1147/319 970/1151/319 268/1152/319
f 268/1152/319 970/1151/319 1357/1153/319 845/1154/319
f 970/1151/319 244/1150/319 821/1155/319 1357/1153/319
f 1357/1153/319 821/1155/319 245/1156/319 971/1157/319
f 845/1154/319 1357/1153/319 971/1157/319 269/1158/319
f 269/1158/319 971/1157/319 1358/1159/319 846/1160/319
f 971/1157/319 245/1156/319 822/1161/319 1358/1159/319
f 1358/1159/319 822/1161/319 246/1162/127 972/748/127
f 846/1160/319 1358/1159/319 972/748/127 270/194/127
f 17/67/41 464/1163/251 1359/1164/320 397/1165/54
f 464/1163/251 41/1166/250 847/1167/321 1359/1164/320
f 1359/1164/320 847/1167/321 271/1168/322 973/1169/323
f 397/1165/54 1359/1164/320 973/1169/323 210/1170/55
f 210/1170/55 973/1169/323 1360/1171/324 786/1172/325
f 973/1169/323 271/1168/322 848/1173/326 1360/1171/324
f 1360/1171/324 848/1173/326 272/1174/326 974/1175/324
f 786/1172/325 1360/1171/324 974/1175/324 209/1176/327
f 209/1177/327 974/1178/324 1361/1179/324 785/1180/327
f 974/1178/324 272/1174/326 849/1181/326 1361/1179/324
f 1361/1179/324 849/1181/326 273/1182/326 975/1183/324
f 785/1180/327 1361/1179/324 975/1183/324 208/1184/327
f 208/1185/327 975/1186/324 1362/1187/324 784/1188/327
f 975/1186/324 273/1189/326 850/1190/326 1362/1187/324
f 1362/1187/324 850/1190/326 274/1191/326 976/1192/324
f 784/1188/327 1362/1187/324 976/1192/324 207/1193/325
f 207/1193/325 976/1192/324 1363/1194/324 783/1195/325
f 976/1192/324 274/1191/326 851/1196/326 1363/1194/324
f 1363/1194/324 851/1196/326 275/1197/326 977/1198/324
f 783/1195/325 1363/1194/324 977/1198/324 206/1199/325
f 206/1199/325 977/1198/324 1364/1200/324 782/1201/325
f 977/1198/324 275/1197/326 852/1202/326 1364/1200/324
f 1364/1200/324 852/1202/326 276/190/126 978/744/274
f 782/1201/325 1364/1200/324 978/744/274 205/743/273
f 43/1130/227 451/1203/227 1365/1204/317 817/1131/317
f 451/1203/227 44/1205/227 835/1206/317 1365/1204/317
f 1365/1204/317 835/1206/317 259/1207/318 979/1208/318
f 817/1131/317 1365/1204/317 979/1208/318 241/1132/318
f 241/1132/318 979/1208/318 1366/1209/319 818/1137/319
f 979/1208/318 259/1207/318 836/1210/319 1366/1209/319
f 1366/1209/319 836/1210/319 260/1211/319 980/1212/319
f 818/1137/319 1366/1209/319 980/1212/319 242/1138/319
f 242/1138/319 980/1212/319 1367/1213/319 819/1143/319
f 980/1212/319 260/1211/319 837/1214/319 1367/1213/319
f 1367/1213/319 837/1214/319 261/1215/319 981/1216/319
f 819/1143/319 1367/1213/319 981/1216/319 243/1144/319
f 243/1217/319 981/1218/319 1368/1219/319 820/1149/319
f 981/1218/319 261/1220/319 838/1221/319 1368/1219/319
f 1368/1219/319 838/1221/319 262/1222/319 982/1223/319
f 820/1149/319 1368/1219/319 982/1223/319 244/1224/319
f 244/1224/319 982/1223/319 1369/1225/319 821/1226/319
f 982/1223/319 262/1222/319 839/1227/319 1369/1225/319
f 1369/1225/319 839/1227/319 263/1228/319 983/1229/319
f 821/1226/319 1369/1225/319 983/1229/319 245/1230/319
f 245/1230/319 983/1229/319 1370/1231/319 822/1161/319
f 983/1229/319 263/1228/319 840/1232/319 1370/1231/319
f 1370/1231/319 840/1232/319 264/688/127 984/702/127
f 822/1161/319 1370/1231/319 984/702/127 246/701/127
f 44/1205/227 421/1233/227 1371/1234/317 835/1206/317
f 421/1233/227 45/1235/227 829/1236/317 1371/1234/317
f 1371/1234/317 829/1236/317 253/1237/318 985/1238/318
f 835/1206/317 1371/1234/317 985/1238/318 259/1207/318
f 259/1207/318 985/1238/318 1372/1239/319 836/1210/319
f 985/1238/318 253/1237/318 830/1240/319 1372/1239/319
f 1372/1239/319 830/1240/319 254/1241/319 986/1242/319
f 836/1210/319 1372/1239/319 986/1242/319 260/1211/319
f 260/1211/319 986/1242/319 1373/1243/319 837/1214/319
f 986/1242/319 254/1241/319 831/1244/319 1373/1243/319
f 1373/1243/319 831/1244/319 255/1245/319 987/1246/319
f 837/1214/319 1373/1243/319 987/1246/319 261/1215/319
f 261/1220/319 987/1246/319 1374/1247/319 838/1221/319
f 987/1246/319 255/1248/319 832/1249/319 1374/1247/319
f 1374/1247/319 832/1249/319 256/1250/319 988/1251/319
f 838/1221/319 1374/1247/319 988/1251/319 262/1222/319
f 262/1222/319 988/1251/319 1375/1252/319 839/1227/319
f 988/1251/319 256/1250/319 833/1253/319 1375/1252/319
f 1375/1252/319 833/1253/319 257/1254/319 989/1255/319
f 839/1227/319 1375/1252/319 989/1255/319 263/1228/319
f 263/1228/319 989/1255/319 1376/1256/319 840/1232/319
f 989/1255/319 257/1254/319 834/1257/319 1376/1256/319
f 1376/1256/319 834/1257/319 258/692/127 990/689/127
f 840/1232/319 1376/1256/319 990/689/127 264/688/127
f 106/1258/242 562/1259/283 1377/1260/328 955/1261/329
f 562/1259/283 11/1262/23 414/1263/32 1377/1260/328
f 1377/1260/328 414/1263/32 240/1264/31 991/1265/330
f 955/1261/329 1377/1260/328 991/1265/330 379/1266/331
f 379/1266/331 991/1265/330 1378/1267/332 956/1268/333
f 991/1265/330 240/1264/31 816/1269/334 1378/1267/332
f 1378/1267/332 816/1269/334 239/1270/334 992/1271/332
f 956/1268/333 1378/1267/332 992/1271/332 380/1272/333
f 380/1272/333 992/1271/332 1379/1273/332 957/1274/333
f 992/1271/332 239/1270/334 815/1275/334 1379/1273/332
f 1379/1273/332 815/1275/334 238/1276/335 993/1277/332
f 957/1274/333 1379/1273/332 993/1277/332 381/1278/333
f 381/1278/333 993/1277/332 1380/1279/332 958/1280/333
f 993/1277/332 238/1276/335 814/1281/335 1380/1279/332
f 1380/1279/332 814/1281/335 237/1282/335 994/1283/336
f 958/1280/333 1380/1279/332 994/1283/336 382/1284/333
f 382/1284/333 994/1283/336 1381/1285/336 959/1286/333
f 994/1283/336 237/1282/335 813/1287/334 1381/1285/336
f 1381/1285/336 813/1287/334 236/1288/334 995/1289/332
f 959/1286/333 1381/1285/336 995/1289/332 383/1290/333
f 383/1290/333 995/1289/332 1382/1291/332 960/1292/333
f 995/1289/332 236/1288/334 812/1293/334 1382/1291/332
f 1382/1291/332 812/1293/334 235/669/261 996/667/259
f 960/1292/333 1382/1291/332 996/667/259 384/152/100
f 66/735/172 506/739/172 1383/1294/337 877/1295/337
f 506/739/172 67/454/172 871/1296/337 1383/1294/337
f 1383/1294/337 871/1296/337 295/1297/338 997/1298/338
f 877/1295/337 1383/1294/337 997/1298/338 301/1299/338
f 301/1299/338 997/1298/338 1384/1300/339 878/1301/339
f 997/1298/338 295/1297/338 872/1302/339 1384/1300/339
f 1384/1300/339 872/1302/339 296/1303/339 998/1304/339
f 878/1301/339 1384/1300/339 998/1304/339 302/1305/339
f 302/1305/339 998/1304/339 1385/1306/339 879/1307/339
f 998/1304/339 296/1303/339 873/1308/339 1385/1306/339
f 1385/1306/339 873/1308/339 297/1309/339 999/1310/339
f 879/1307/339 1385/1306/339 999/1310/339 303/1311/339
f 303/1311/339 999/1312/339 1386/1313/339 880/1314/339
f 999/1312/339 297/1309/339 874/1315/339 1386/1313/339
f 1386/1313/339 874/1315/339 298/1316/339 1000/1317/339
f 880/1314/339 1386/1313/339 1000/1317/339 304/1318/339
f 304/1318/339 1000/1317/339 1387/1319/339 881/1320/339
f 1000/1317/339 298/1316/339 875/1321/339 1387/1319/339
f 1387/1319/339 875/1321/339 299/1322/339 1001/1323/339
f 881/1320/339 1387/1319/339 1001/1323/339 305/1324/339
f 305/1324/339 1001/1323/339 1388/1325/339 882/1326/339
f 1001/1323/339 299/1322/339 876/1327/339 1388/1325/339
f 1388/1325/339 876/1327/339 300/645/137 1002/660/137
f 882/1326/339 1388/1325/339 1002/660/137 306/220/137
f 6/23/21 448/437/225 1389/1328/340 775/1329/35
f 448/437/225 65/436/224 883/1330/341 1389/1328/340
f 1389/1328/340 883/1330/341 307/1331/342 1003/1332/343
f 775/1329/35 1389/1328/340 1003/1332/343 199/1333/36
f 199/1333/36 1003/1332/343 1390/1334/344 776/1335/345
f 1003/1332/343 307/1331/342 884/1336/346 1390/1334/344
f 1390/1334/344 884/1336/346 308/1337/346 1004/1338/344
f 776/1335/345 1390/1334/344 1004/1338/344 200/1339/345
f 200/1339/345 1004/1338/344 1391/1340/344 777/1341/345
f 1004/1338/344 308/1337/346 885/1342/346 1391/1340/344
f 1391/1340/344 885/1342/346 309/1343/346 1005/1344/344
f 777/1341/345 1391/1340/344 1005/1344/344 201/1345/347
f 201/1345/347 1005/1346/344 1392/1347/344 778/1348/347
f 1005/1346/344 309/1349/346 886/1350/346 1392/1347/344
f 1392/1347/344 886/1350/346 310/1351/346 1006/1352/344
f 778/1348/347 1392/1347/344 1006/1352/344 202/1353/347
f 202/1353/347 1006/1354/344 1393/1355/344 779/1356/345
f 1006/1354/344 310/1351/346 887/1357/346 1393/1355/344
f 1393/1355/344 887/1357/346 311/1358/346 1007/1359/344
f 779/1356/345 1393/1355/344 1007/1359/344 203/1360/345
f 203/1360/345 1007/1359/344 1394/1361/344 780/1362/345
f 1007/1359/344 311/1358/346 888/1363/346 1394/1361/344
f 1394/1361/344 888/1363/346 312/656/136 1008/653/255
f 780/1362/345 1394/1361/344 1008/653/255 204/652/254
f 67/454/172 507/453/172 1395/1364/337 871/1296/337
f 507/453/172 68/452/172 865/1365/348 1395/1364/337
f 1395/1364/337 865/1365/348 289/1366/338 1009/1367/338
f 871/1296/337 1395/1364/337 1009/1367/338 295/1297/338
f 295/1297/338 1009/1367/338 1396/1368/339 872/1302/339
f 1009/1367/338 289/1366/338 866/1369/339 1396/1368/339
f 1396/1368/339 866/1369/339 290/1370/339 1010/1371/339
f 872/1302/339 1396/1368/339 1010/1371/339 296/1303/339
f 296/1303/339 1010/1371/339 1397/1372/339 873/1308/339
f 1010/1371/339 290/1370/339 867/1373/339 1397/1372/339
f 1397/1372/339 867/1373/339 291/1374/339 1011/1375/339
f 873/1308/339 1397/1372/339 1011/1375/339 297/1309/339
f 297/1309/339 1011/1376/339 1398/1377/339 874/1315/339
f 1011/1376/339 291/1374/339 868/1378/339 1398/1377/339
f 1398/1377/339 868/1378/339 292/1379/339 1012/1380/339
f 874/1315/339 1398/1377/339 1012/1380/339 298/1316/339
f 298/1316/339 1012/1380/339 1399/1381/339 875/1321/339
f 1012/1380/339 292/1379/339 869/1382/339 1399/1381/339
f 1399/1381/339 869/1382/339 293/1383/339 1013/1384/339
f 875/1321/339 1399/1381/339 1013/1384/339 299/1322/339
f 299/1322/339 1013/1384/339 1400/1385/339 876/1327/339
f 1013/1384/339 293/1383/339 870/1386/339 1400/1385/339
f 1400/1385/339 870/1386/339 294/631/137 1014/646/137
f 876/1327/339 1400/1385/339 1014/646/137 300/645/137
f 68/452/172 427/459/172 1401/1387/337 865/1388/348
f 427/459/172 69/294/172 859/1389/337 1401/1387/337
f 1401/1387/337 859/1389/337 283/1390/338 1015/1391/338
f 865/1388/348 1401/1387/337 1015/1391/338 289/1392/338
f 289/1392/338 1015/1391/338 1402/1393/339 866/1394/339
f 1015/1391/338 283/1390/338 860/1395/339 1402/1393/339
f 1402/1393/339 860/1395/339 284/1396/339 1016/1397/339
f 866/1394/339 1402/1393/339 1016/1397/339 290/1398/339
f 290/1398/339 1016/1397/339 1403/1399/339 867/1400/339
f 1016/1397/339 284/1396/339 861/1401/339 1403/1399/339
f 1403/1399/339 861/1401/339 285/1402/339 1017/1403/339
f 867/1400/339 1403/1399/339 1017/1403/339 291/1374/339
f 291/1374/339 1017/1403/339 1404/1404/339 868/1378/339
f 1017/1403/339 285/1402/339 862/1405/339 1404/1404/339
f 1404/1404/339 862/1405/339 286/1406/339 1018/1407/339
f 868/1378/339 1404/1404/339 1018/1407/339 292/1379/339
f 292/1379/339 1018/1407/339 1405/1408/339 869/1382/339
f 1018/1407/339 286/1406/339 863/1409/339 1405/1408/339
f 1405/1408/339 863/1409/339 287/1410/339 1019/1411/339
f 869/1382/339 1405/1408/339 1019/1411/339 293/1383/339
f 293/1383/339 1019/1411/339 1406/1412/339 870/1386/339
f 1019/1411/339 287/1410/339 864/1413/339 1406/1412/339
f 1406/1412/339 864/1413/339 288/635/137 1020/632/137
f 870/1386/339 1406/1412/339 1020/632/137 294/631/137
f 98/1414/95 554/1415/95 1407/1416/349 907/1417/349
f 554/1415/95 99/1418/95 913/1419/349 1407/1416/349
f 1407/1416/349 913/1419/349 337/1420/350 1021/1421/350
f 907/1417/349 1407/1416/349 1021/1421/350 331/1422/350
f 331/1422/350 1021/1423/350 1408/1424/351 908/1425/351
f 1021/1423/350 337/1420/350 914/1426/351 1408/1424/351
f 1408/1424/351 914/1426/351 338/1427/351 1022/1428/351
f 908/1425/351 1408/1424/351 1022/1428/351 332/1429/351
f 332/1429/351 1022/1428/351 1409/1430/351 909/1431/351
f 1022/1428/351 338/1427/351 915/1432/351 1409/1430/351
f 1409/1430/351 915/1432/351 339/1433/351 1023/1434/351
f 909/1431/351 1409/1430/351 1023/1434/351 333/1435/351
f 333/1435/351 1023/1434/351 1410/1436/351 910/1437/351
f 1023/1434/351 339/1433/351 916/1438/351 1410/1436/351
f 1410/1436/351 916/1438/351 340/1439/351 1024/1440/351
f 910/1437/351 1410/1436/351 1024/1440/351 334/1441/351
f 334/1441/351 1024/1440/351 1411/1442/351 911/1443/351
f 1024/1440/351 340/1439/351 917/1444/351 1411/1442/351
f 1411/1442/351 917/1444/351 341/1445/351 1025/1446/351
f 911/1443/351 1411/1442/351 1025/1446/351 335/1447/351
f 335/1447/351 1025/1446/351 1412/1448/351 912/1449/351
f 1025/1446/351 341/1445/351 918/1450/351 1412/1448/351
f 1412/1448/351 918/1450/351 342/225/141 1026/604/141
f 912/1449/351 1412/1448/351 1026/604/141 336/1451/245
f 97/1452/95 553/1453/95 1413/1454/349 901/1455/349
f 553/1453/95 98/1414/95 907/1417/349 1413/1454/349
f 1413/1454/349 907/1417/349 331/1422/350 1027/1456/350
f 901/1455/349 1413/1454/349 1027/1456/350 325/1457/350
f 325/1457/350 1027/1456/350 1414/1458/351 902/1459/351
f 1027/1456/350 331/1422/350 908/1460/351 1414/1458/351
f 1414/1458/351 908/1460/351 332/1461/351 1028/1462/351
f 902/1459/351 1414/1458/351 1028/1462/351 326/1463/351
f 326/1463/351 1028/1462/351 1415/1464/351 903/1465/351
f 1028/1462/351 332/1461/351 909/1431/351 1415/1464/351
f 1415/1464/351 909/1431/351 333/1435/351 1029/1466/351
f 903/1465/351 1415/1464/351 1029/1466/351 327/1467/351
f 327/1467/351 1029/1466/351 1416/1468/351 904/1469/351
f 1029/1466/351 333/1435/351 910/1437/351 1416/1468/351
f 1416/1468/351 910/1437/351 334/1441/351 1030/1470/351
f 904/1469/351 1416/1468/351 1030/1470/351 328/1471/351
f 328/1471/351 1030/1470/351 1417/1472/351 905/1473/351
f 1030/1470/351 334/1441/351 911/1443/351 1417/1472/351
f 1417/1472/351 911/1443/351 335/1447/351 1031/1474/351
f 905/1473/351 1417/1472/351 1031/1474/351 329/1475/351
f 329/1475/351 1031/1474/351 1418/1476/351 906/1477/351
f 1031/1474/351 335/1447/351 912/1449/351 1418/1476/351
f 1418/1476/351 912/1449/351 336/1451/245 1032/598/141
f 906/1477/351 1418/1476/351 1032/598/141 330/1478/141
f 96/1479/95 552/1480/95 1419/1481/349 895/1482/349
f 552/1480/95 97/1452/95 901/1455/349 1419/1481/349
f 1419/1481/349 901/1455/349 325/1457/350 1033/1483/350
f 895/1482/349 1419/1481/349 1033/1483/350 319/1484/352
f 319/1484/352 1033/1483/350 1420/1485/351 896/1486/351
f 1033/1483/350 325/1457/350 902/1459/351 1420/1485/351
f 1420/1485/351 902/1459/351 326/1463/351 1034/1487/351
f 896/1486/351 1420/1485/351 1034/1487/351 320/1488/351
f 320/1488/351 1034/1487/351 1421/1489/351 897/1490/351
f 1034/1487/351 326/1463/351 903/1465/351 1421/1489/351
f 1421/1489/351 903/1465/351 327/1467/351 1035/1491/351
f 897/1490/351 1421/1489/351 1035/1491/351 321/1492/351
f 321/1493/351 1035/1494/351 1422/1495/351 898/1496/351
f 1035/1494/351 327/1467/351 904/1469/351 1422/1495/351
f 1422/1495/351 904/1469/351 328/1471/351 1036/1497/351
f 898/1496/351 1422/1495/351 1036/1497/351 322/1498/351
f 322/1498/351 1036/1497/351 1423/1499/351 899/1500/351
f 1036/1497/351 328/1471/351 905/1473/351 1423/1499/351
f 1423/1499/351 905/1473/351 329/1475/351 1037/1501/351
f 899/1500/351 1423/1499/351 1037/1501/351 323/1502/351
f 323/1502/351 1037/1501/351 1424/1503/351 900/1504/351
f 1037/1501/351 329/1475/351 906/1477/351 1424/1503/351
f 1424/1503/351 906/1477/351 330/1478/141 1038/1505/141
f 900/1504/351 1424/1503/351 1038/1505/141 324/247/141
f 8/1506/5 524/1507/213 1425/1508/353 787/1509/354
f 524/1507/213 95/1510/206 889/1511/355 1425/1508/353
f 1425/1508/353 889/1511/355 313/1512/356 1039/1513/357
f 787/1509/354 1425/1508/353 1039/1513/357 211/1514/358
f 211/1514/358 1039/1513/357 1426/1515/359 788/1516/360
f 1039/1513/357 313/1512/356 890/1517/361 1426/1515/359
f 1426/1515/359 890/1517/361 314/1518/361 1040/1519/359
f 788/1516/360 1426/1515/359 1040/1519/359 212/1520/360
f 212/1520/360 1040/1519/359 1427/1521/359 789/1522/360
f 1040/1519/359 314/1518/361 891/1523/361 1427/1521/359
f 1427/1521/359 891/1523/361 315/1524/361 1041/1525/359
f 789/1522/360 1427/1521/359 1041/1525/359 213/1526/360
f 213/1526/360 1041/1525/359 1428/1527/359 790/1528/360
f 1041/1525/359 315/1524/361 892/1529/361 1428/1527/359
f 1428/1527/359 892/1529/361 316/1530/361 1042/1531/359
f 790/1528/360 1428/1527/359 1042/1531/359 214/1532/360
f 214/1532/360 1042/1531/359 1429/1533/359 791/1534/362
f 1042/1531/359 316/1530/361 893/1535/361 1429/1533/359
f 1429/1533/359 893/1535/361 317/1536/361 1043/1537/359
f 791/1534/362 1429/1533/359 1043/1537/359 215/1538/362
f 215/1538/362 1043/1537/359 1430/1539/359 792/1540/362
f 1043/1537/359 317/1536/361 894/1541/361 1430/1539/359
f 1430/1539/359 894/1541/361 318/243/149 1044/578/243
f 792/1540/362 1430/1539/359 1044/578/243 216/577/8
f 69/294/172 509/293/172 1431/1542/337 859/1389/337
f 509/293/172 70/292/171 853/1543/363 1431/1542/337
f 1431/1542/337 853/1543/363 277/1544/364 1045/1545/338
f 859/1389/337 1431/1542/337 1045/1545/338 283/1390/338
f 283/1390/338 1045/1545/338 1432/1546/339 860/1395/339
f 1045/1545/338 277/1544/364 854/1547/365 1432/1546/339
f 1432/1546/339 854/1547/365 278/1548/365 1046/1549/339
f 860/1395/339 1432/1546/339 1046/1549/339 284/1396/339
f 284/1396/339 1046/1549/339 1433/1550/339 861/1401/339
f 1046/1549/339 278/1548/365 855/1551/365 1433/1550/339
f 1433/1550/339 855/1551/365 279/1552/365 1047/1553/339
f 861/1401/339 1433/1550/339 1047/1553/339 285/1402/339
f 285/1402/339 1047/1553/339 1434/1554/339 862/1405/339
f 1047/1553/339 279/1552/365 856/1555/365 1434/1554/339
f 1434/1554/339 856/1555/365 280/1556/365 1048/1557/339
f 862/1405/339 1434/1554/339 1048/1557/339 286/1406/339
f 286/1406/339 1048/1557/339 1435/1558/339 863/1409/339
f 1048/1557/339 280/1556/365 857/1559/365 1435/1558/339
f 1435/1558/339 857/1559/365 281/1560/365 1049/1561/339
f 863/1409/339 1435/1558/339 1049/1561/339 287/1410/339
f 287/1562/339 1049/1563/339 1436/1564/339 864/1565/339
f 1049/1563/339 281/1566/365 858/1567/365 1436/1564/339
f 1436/1564/339 858/1567/365 282/366/198 1050/546/137
f 864/1565/339 1436/1564/339 1050/546/137 288/545/137
f 46/1568/189 454/1569/188 1437/1570/366 823/1571/367
f 454/1569/188 7/56/30 411/1572/45 1437/1570/366
f 1437/1570/366 411/1572/45 234/1573/44 1051/1574/368
f 823/1571/367 1437/1570/366 1051/1574/368 247/1575/369
f 247/1575/369 1051/1574/368 1438/1576/370 824/1577/371
f 1051/1574/368 234/1573/44 810/1578/372 1438/1576/370
f 1438/1576/370 810/1578/372 233/1579/372 1052/1580/370
f 824/1577/371 1438/1576/370 1052/1580/370 248/1581/371
f 248/1581/371 1052/1580/370 1439/1582/370 825/1583/371
f 1052/1580/370 233/1579/372 809/1584/373 1439/1582/370
f 1439/1582/370 809/1584/373 232/1585/372 1053/1586/370
f 825/1583/371 1439/1582/370 1053/1586/370 249/1587/371
f 249/1587/371 1053/1588/370 1440/1589/370 826/1590/371
f 1053/1588/370 232/1591/372 808/1592/373 1440/1589/370
f 1440/1589/370 808/1592/373 231/1593/372 1054/1594/370
f 826/1590/371 1440/1589/370 1054/1594/370 250/1595/371
f 250/1596/371 1054/1597/370 1441/1598/370 827/1599/371
f 1054/1597/370 231/1600/372 807/1601/373 1441/1598/370
f 1441/1598/370 807/1601/373 230/1602/372 1055/1603/370
f 827/1599/371 1441/1598/370 1055/1603/370 251/1604/371
f 251/1604/371 1055/1603/370 1442/1605/370 828/1606/371
f 1055/1603/370 230/1602/372 806/1607/372 1442/1605/370
f 1442/1605/370 806/1607/372 229/412/216 1056/410/214
f 828/1606/371 1442/1605/370 1056/410/214 252/202/130
f 70/324/171 510/323/179 1443/1608/374 853/1609/363
f 510/323/179 5/8/7 769/1610/375 1443/1608/374
f 1443/1608/374 769/1610/375 193/1611/376 1057/1612/377
f 853/1609/363 1443/1608/374 1057/1612/377 277/1613/364
f 277/1544/364 1057/1614/377 1444/1615/378 854/1547/365
f 1057/1614/377 193/1616/376 770/1617/379 1444/1615/378
f 1444/1615/378 770/1617/379 194/1618/379 1058/1619/378
f 854/1547/365 1444/1615/378 1058/1619/378 278/1548/365
f 278/1548/365 1058/1619/378 1445/1620/378 855/1551/365
f 1058/1619/378 194/1618/379 771/1621/379 1445/1620/378
f 1445/1620/378 771/1621/379 195/1622/379 1059/1623/378
f 855/1551/365 1445/1620/378 1059/1623/378 279/1552/365
f 279/1552/365 1059/1623/378 1446/1624/378 856/1555/365
f 1059/1623/378 195/1622/379 772/1625/379 1446/1624/378
f 1446/1624/378 772/1625/379 196/1626/379 1060/1627/378
f 856/1555/365 1446/1624/378 1060/1627/378 280/1556/365
f 280/1556/365 1060/1627/378 1447/1628/378 857/1559/365
f 1060/1627/378 196/1626/379 773/1629/379 1447/1628/378
f 1447/1628/378 773/1629/379 197/1630/379 1061/1631/378
f 857/1559/365 1447/1628/378 1061/1631/378 281/1560/365
f 281/1566/365 1061/1632/378 1448/1633/378 858/1567/365
f 1061/1632/378 197/1634/379 774/1635/379 1448/1633/378
f 1448/1633/378 774/1635/379 198/18/16 1062/367/199
f 858/1567/365 1448/1633/378 1062/367/199 282/366/198
f 102/1636/154 558/1637/154 1449/1638/380 931/1639/381
f 558/1637/154 103/1640/154 937/1641/380 1449/1638/380
f 1449/1638/380 937/1641/380 361/1642/382 1063/1643/382
f 931/1639/381 1449/1638/380 1063/1643/382 355/1644/382
f 355/1644/382 1063/1643/382 1450/1645/383 932/1646/383
f 1063/1643/382 361/1642/382 938/1647/383 1450/1645/383
f 1450/1645/383 938/1647/383 362/1648/383 1064/1649/383
f 932/1646/383 1450/1645/383 1064/1649/383 356/1650/383
f 356/1650/383 1064/1649/383 1451/1651/383 933/1652/383
f 1064/1649/383 362/1648/383 939/1653/383 1451/1651/383
f 1451/1651/383 939/1653/383 363/1654/383 1065/1655/383
f 933/1652/383 1451/1651/383 1065/1655/383 357/1656/383
f 357/1657/383 1065/1658/383 1452/1659/383 934/1660/383
f 1065/1658/383 363/1661/383 940/1662/383 1452/1659/383
f 1452/1659/383 940/1662/383 364/1663/383 1066/1664/383
f 934/1660/383 1452/1659/383 1066/1664/383 358/1665/383
f 358/1665/383 1066/1664/383 1453/1666/383 935/1667/383
f 1066/1664/383 364/1663/383 941/1668/383 1453/1666/383
f 1453/1666/383 941/1668/383 365/1669/383 1067/1670/383
f 935/1667/383 1453/1666/383 1067/1670/383 359/1671/383
f 359/1671/383 1067/1670/383 1454/1672/383 936/1673/383
f 1067/1670/383 365/1669/383 942/1674/383 1454/1672/383
f 1454/1672/383 942/1674/383 366/1675/97 1068/354/97
f 936/1673/383 1454/1672/383 1068/354/97 360/1676/97
f 13/1677/28 520/1678/166 1455/1679/384 793/1680/48
f 520/1678/166 101/1681/165 925/1682/385 1455/1679/384
f 1455/1679/384 925/1682/385 349/1683/386 1069/1684/387
f 793/1680/48 1455/1679/384 1069/1684/387 217/1685/49
f 217/1685/49 1069/1684/387 1456/1686/388 794/1687/389
f 1069/1684/387 349/1683/386 926/1688/390 1456/1686/388
f 1456/1686/388 926/1688/390 350/1689/390 1070/1690/388
f 794/1687/389 1456/1686/388 1070/1690/388 218/1691/389
f 218/1691/389 1070/1690/388 1457/1692/388 795/1693/389
f 1070/1690/388 350/1689/390 927/1694/390 1457/1692/388
f 1457/1692/388 927/1694/390 351/1695/390 1071/1696/388
f 795/1693/389 1457/1692/388 1071/1696/388 219/1697/391
f 219/1697/391 1071/1696/388 1458/1698/388 796/1699/389
f 1071/1696/388 351/1695/390 928/1700/390 1458/1698/388
f 1458/1698/388 928/1700/390 352/1701/390 1072/1702/392
f 796/1699/389 1458/1698/388 1072/1702/392 220/1703/391
f 220/1703/391 1072/1702/392 1459/1704/388 797/1705/391
f 1072/1702/392 352/1701/390 929/1706/390 1459/1704/388
f 1459/1704/388 929/1706/390 353/1707/390 1073/1708/388
f 797/1705/391 1459/1704/388 1073/1708/388 221/1709/391
f 221/1709/391 1073/1708/388 1460/1710/388 798/1711/389
f 1073/1708/388 353/1707/390 930/1712/390 1460/1710/388
f 1460/1710/388 930/1712/390 354/139/96 1074/349/191
f 798/1711/389 1460/1710/388 1074/349/191 222/348/190
f 103/1640/154 559/1713/154 1461/1714/381 937/1641/380
f 559/1713/154 104/1715/154 943/1716/380 1461/1714/381
f 1461/1714/381 943/1716/380 367/1717/382 1075/1718/382
f 937/1641/380 1461/1714/381 1075/1718/382 361/1642/382
f 361/1642/382 1075/1718/382 1462/1719/383 938/1647/383
f 1075/1718/382 367/1717/382 944/1720/383 1462/1719/383
f 1462/1719/383 944/1720/383 368/1721/383 1076/1722/383
f 938/1647/383 1462/1719/383 1076/1722/383 362/1648/383
f 362/1648/383 1076/1722/383 1463/1723/383 939/1653/383
f 1076/1722/383 368/1721/383 945/1724/383 1463/1723/383
f 1463/1723/383 945/1724/383 369/1725/383 1077/1726/383
f 939/1653/383 1463/1723/383 1077/1726/383 363/1654/383
f 363/1661/383 1077/1727/383 1464/1728/383 940/1662/383
f 1077/1727/383 369/1729/383 946/1730/383 1464/1728/383
f 1464/1728/383 946/1730/383 370/1731/383 1078/1732/383
f 940/1662/383 1464/1728/383 1078/1732/383 364/1663/383
f 364/1663/383 1078/1732/383 1465/1733/383 941/1668/383
f 1078/1732/383 370/1731/383 947/1734/383 1465/1733/383
f 1465/1733/383 947/1734/383 371/1735/383 1079/1736/383
f 941/1668/383 1465/1733/383 1079/1736/383 365/1669/383
f 365/1669/383 1079/1736/383 1466/1737/383 942/1674/383
f 1079/1736/383 371/1735/383 948/1738/383 1466/1737/383
f 1466/1737/383 948/1738/383 372/1739/97 1080/1740/97
f 942/1674/383 1466/1737/383 1080/1740/97 366/1675/97
f 104/1715/154 560/1741/154 1467/1742/381 943/1716/380
f 560/1741/154 105/1743/154 949/1744/380 1467/1742/381
f 1467/1742/381 949/1744/380 373/1745/382 1081/1746/382
f 943/1716/380 1467/1742/381 1081/1746/382 367/1717/382
f 367/1717/382 1081/1746/382 1468/1747/383 944/1720/383
f 1081/1746/382 373/1745/382 950/1748/383 1468/1747/383
f 1468/1747/383 950/1748/383 374/1749/383 1082/1750/383
f 944/1720/383 1468/1747/383 1082/1750/383 368/1721/383
f 368/1721/383 1082/1750/383 1469/1751/383 945/1724/383
f 1082/1750/383 374/1749/383 951/1752/383 1469/1751/383
f 1469/1751/383 951/1752/383 375/1753/383 1083/1754/383
f 945/1724/383 1469/1751/383 1083/1754/383 369/1725/383
f 369/1729/383 1083/1755/383 1470/1756/383 946/1730/383
f 1083/1755/383 375/1757/383 952/1758/383 1470/1756/383
f 1470/1756/383 952/1758/383 376/1759/383 1084/1760/383
f 946/1730/383 1470/1756/383 1084/1760/383 370/1731/383
f 370/1731/383 1084/1760/383 1471/1761/383 947/1734/383
f 1084/1760/383 376/1759/383 953/1762/383 1471/1761/383
f 1471/1761/383 953/1762/383 377/1763/383 1085/1764/383
f 947/1734/383 1471/1761/383 1085/1764/383 371/1735/383
f 371/1735/383 1085/1764/383 1472/1765/383 948/1738/383
f 1085/1764/383 377/1763/383 954/1766/383 1472/1765/383
f 1472/1765/383 954/1766/383 378/1767/97 1086/326/97
f 948/1738/383 1472/1765/383 1086/326/97 372/1739/97
f 95/1510/206 551/1768/95 1473/1769/349 889/1511/355
f 551/1768/95 96/1479/95 895/1482/349 1473/1769/349
f 1473/1769/349 895/1482/349 319/1484/352 1087/1770/350
f 889/1511/355 1473/1769/349 1087/1770/350 313/1512/356
f 313/1512/356 1087/1770/350 1474/1771/351 890/1517/361
f 1087/1770/350 319/1484/352 896/1486/351 1474/1771/351
f 1474/1771/351 896/1486/351 320/1488/351 1088/1772/351
f 890/1517/361 1474/1771/351 1088/1772/351 314/1518/361
f 314/1518/361 1088/1772/351 1475/1773/351 891/1523/361
f 1088/1772/351 320/1488/351 897/1490/351 1475/1773/351
f 1475/1773/351 897/1490/351 321/1492/351 1089/1774/351
f 891/1523/361 1475/1773/351 1089/1774/351 315/1524/361
f 315/1775/361 1089/1774/351 1476/1776/351 892/1777/361
f 1089/1774/351 321/1493/351 898/1496/351 1476/1776/351
f 1476/1776/351 898/1496/351 322/1498/351 1090/1778/351
f 892/1777/361 1476/1776/351 1090/1778/351 316/1779/361
f 316/1779/361 1090/1778/351 1477/1780/351 893/1781/361
f 1090/1778/351 322/1498/351 899/1500/351 1477/1780/351
f 1477/1780/351 899/1500/351 323/1502/351 1091/1782/351
f 893/1781/361 1477/1780/351 1091/1782/351 317/1783/361
f 317/1783/361 1091/1782/351 1478/1784/351 894/1785/361
f 1091/1782/351 323/1502/351 900/1504/351 1478/1784/351
f 1478/1784/351 900/1504/351 324/247/141 1092/1786/141
f 894/1785/361 1478/1784/351 1092/1786/141 318/1787/149
f 99/1418/95 555/1788/95 1479/1789/393 913/1419/349
f 555/1788/95 100/1090/197 919/1093/310 1479/1789/393
f 1479/1789/393 919/1093/310 343/1098/312 1093/1790/350
f 913/1419/349 1479/1789/393 1093/1790/350 337/1420/350
f 337/1420/350 1093/1790/350 1480/1791/351 914/1792/351
f 1093/1790/350 343/1098/312 920/1100/314 1480/1791/351
f 1480/1791/351 920/1100/314 344/1104/314 1094/1793/351
f 914/1792/351 1480/1791/351 1094/1793/351 338/1794/351
f 338/1427/351 1094/1793/351 1481/1795/351 915/1432/351
f 1094/1793/351 344/1796/314 921/1797/314 1481/1795/351
f 1481/1795/351 921/1797/314 345/1110/314 1095/1798/351
f 915/1432/351 1481/1795/351 1095/1798/351 339/1433/351
f 339/1433/351 1095/1798/351 1482/1799/351 916/1438/351
f 1095/1798/351 345/1110/314 922/1800/314 1482/1799/351
f 1482/1799/351 922/1800/314 346/1801/314 1096/1802/351
f 916/1438/351 1482/1799/351 1096/1802/351 340/1439/351
f 340/1439/351 1096/1802/351 1483/1803/351 917/1444/351
f 1096/1802/351 346/1801/314 923/1804/314 1483/1803/351
f 1483/1803/351 923/1804/314 347/1805/314 1097/1806/351
f 917/1444/351 1483/1803/351 1097/1806/351 341/1445/351
f 341/1807/351 1097/1808/351 1484/1809/351 918/1810/351
f 1097/1808/351 347/1122/314 924/1124/314 1484/1809/351
f 1484/1809/351 924/1124/314 348/229/144 1098/226/141
f 918/1810/351 1484/1809/351 1098/226/141 342/225/141
f 65/436/224 505/736/172 1485/1811/337 883/1330/341
f 505/736/172 66/735/172 877/1295/337 1485/1811/337
f 1485/1811/337 877/1295/337 301/1299/338 1099/1812/338
f 883/1330/341 1485/1811/337 1099/1812/338 307/1331/342
f 307/1331/342 1099/1812/338 1486/1813/339 884/1336/346
f 1099/1812/338 301/1299/338 878/1301/339 1486/1813/339
f 1486/1813/339 878/1301/339 302/1305/339 1100/1814/339
f 884/1336/346 1486/1813/339 1100/1814/339 308/1337/346
f 308/1337/346 1100/1814/339 1487/1815/339 885/1342/346
f 1100/1814/339 302/1305/339 879/1307/339 1487/1815/339
f 1487/1815/339 879/1307/339 303/1311/339 1101/1816/339
f 885/1342/346 1487/1815/339 1101/1816/339 309/1343/346
f 309/1349/346 1101/1817/339 1488/1818/339 886/1350/346
f 1101/1817/339 303/1311/339 880/1314/339 1488/1818/339
f 1488/1818/339 880/1314/339 304/1318/339 1102/1819/339
f 886/1350/346 1488/1818/339 1102/1819/339 310/1351/346
f 310/1351/346 1102/1819/339 1489/1820/339 887/1821/346
f 1102/1819/339 304/1318/339 881/1320/339 1489/1820/339
f 1489/1820/339 881/1320/339 305/1324/339 1103/1822/339
f 887/1821/346 1489/1820/339 1103/1822/339 311/1823/346
f 311/1823/346 1103/1822/339 1490/1824/339 888/1825/346
f 1103/1822/339 305/1324/339 882/1326/339 1490/1824/339
f 1490/1824/339 882/1326/339 306/220/137 1104/217/137
f 888/1825/346 1490/1824/339 1104/217/137 312/216/136
f 45/1235/227 453/1826/227 1491/1827/317 829/1236/317
f 453/1826/227 46/1568/189 823/1571/367 1491/1827/317
f 1491/1827/317 823/1571/367 247/1575/369 1105/1828/318
f 829/1236/317 1491/1827/317 1105/1828/318 253/1237/318
f 253/1237/318 1105/1828/318 1492/1829/319 830/1240/319
f 1105/1828/318 247/1575/369 824/1577/371 1492/1829/319
f 1492/1829/319 824/1577/371 248/1581/371 1106/1830/319
f 830/1240/319 1492/1829/319 1106/1830/319 254/1241/319
f 254/1241/319 1106/1830/319 1493/1831/319 831/1244/319
f 1106/1830/319 248/1581/371 825/1583/371 1493/1831/319
f 1493/1831/319 825/1583/371 249/1587/371 1107/1832/319
f 831/1244/319 1493/1831/319 1107/1832/319 255/1245/319
f 255/1248/319 1107/1833/319 1494/1834/319 832/1249/319
f 1107/1833/319 249/1587/371 826/1590/371 1494/1834/319
f 1494/1834/319 826/1590/371 250/1595/371 1108/1835/319
f 832/1249/319 1494/1834/319 1108/1835/319 256/1250/319
f 256/1836/319 1108/1837/319 1495/1838/319 833/1253/319
f 1108/1837/319 250/1596/371 827/1599/371 1495/1838/319
f 1495/1838/319 827/1599/371 251/1604/371 1109/1839/319
f 833/1253/319 1495/1838/319 1109/1839/319 257/1840/319
f 257/1840/319 1109/1839/319 1496/1841/319 834/1257/319
f 1109/1839/319 251/1604/371 828/1606/371 1496/1841/319
f 1496/1841/319 828/1606/371 252/202/130 1110/199/127
f 834/1257/319 1496/1841/319 1110/199/127 258/198/127
f 41/1166/250 449/1842/227 1497/1843/317 847/1167/321
f 449/1842/227 42/1126/227 841/1129/317 1497/1843/317
f 1497/1843/317 841/1129/317 265/1134/318 1111/1844/318
f 847/1167/321 1497/1843/317 1111/1844/318 271/1168/322
f 271/1168/322 1111/1844/318 1498/1845/319 848/1173/326
f 1111/1844/318 265/1134/318 842/1136/319 1498/1845/319
f 1498/1845/319 842/1136/319 266/1140/319 1112/1846/319
f 848/1173/326 1498/1845/319 1112/1846/319 272/1174/326
f 272/1174/326 1112/1846/319 1499/1847/319 849/1848/326
f 1112/1846/319 266/1140/319 843/1142/319 1499/1847/319
f 1499/1847/319 843/1142/319 267/1146/319 1113/1849/319
f 849/1848/326 1499/1847/319 1113/1849/319 273/1189/326
f 273/1189/326 1113/1849/319 1500/1850/319 850/1190/326
f 1113/1849/319 267/1146/319 844/1148/319 1500/1850/319
f 1500/1850/319 844/1148/319 268/1152/319 1114/1851/319
f 850/1190/326 1500/1850/319 1114/1851/319 274/1191/326
f 274/1191/326 1114/1851/319 1501/1852/319 851/1196/326
f 1114/1851/319 268/1152/319 845/1154/319 1501/1852/319
f 1501/1852/319 845/1154/319 269/1158/319 1115/1853/319
f 851/1196/326 1501/1852/319 1115/1853/319 275/1197/326
f 275/1197/326 1115/1853/319 1502/1854/319 852/1202/326
f 1115/1853/319 269/1158/319 846/1160/319 1502/1854/319
f 1502/1854/319 846/1160/319 270/194/127 1116/191/127
f 852/1202/326 1502/1854/319 1116/191/127 276/190/126
f 105/1743/154 561/1855/154 1503/1856/380 949/1744/380
f 561/1855/154 106/1258/242 955/1261/329 1503/1856/380
f 1503/1856/380 955/1261/329 379/1266/331 1117/1857/382
f 949/1744/380 1503/1856/380 1117/1857/382 373/1745/382
f 373/1745/382 1117/1857/382 1504/1858/383 950/1748/383
f 1117/1857/382 379/1266/331 956/1268/333 1504/1858/383
f 1504/1858/383 956/1268/333 380/1272/333 1118/1859/383
f 950/1748/383 1504/1858/383 1118/1859/383 374/1749/383
f 374/1749/383 1118/1859/383 1505/1860/383 951/1752/383
f 1118/1859/383 380/1272/333 957/1274/333 1505/1860/383
f 1505/1860/383 957/1274/333 381/1278/333 1119/1861/383
f 951/1752/383 1505/1860/383 1119/1861/383 375/1753/383
f 375/1757/383 1119/1862/383 1506/1863/383 952/1758/383
f 1119/1862/383 381/1864/333 958/1865/333 1506/1863/383
f 1506/1863/383 958/1865/333 382/1866/333 1120/1867/383
f 952/1758/383 1506/1863/383 1120/1867/383 376/1759/383
f 376/1868/383 1120/1869/383 1507/1870/383 953/1871/383
f 1120/1869/383 382/1284/333 959/1286/333 1507/1870/383
f 1507/1870/383 959/1286/333 383/1290/333 1121/1872/383
f 953/1871/383 1507/1870/383 1121/1872/383 377/1873/383
f 377/1873/383 1121/1872/383 1508/1874/383 954/1875/383
f 1121/1872/383 383/1290/333 960/1292/333 1508/1874/383
f 1508/1874/383 960/1292/333 384/152/100 1122/149/97
f 954/1875/383 1508/1874/383 1122/149/97 378/148/97
f 101/1681/165 557/1876/154 1509/1877/381 925/1682/385
f 557/1876/154 102/1636/154 931/1639/381 1509/1877/381
f 1509/1877/381 931/1639/381 355/1644/382 1123/1878/382
f 925/1682/385 1509/1877/381 1123/1878/382 349/1683/386
f 349/1683/386 1123/1878/382 1510/1879/383 926/1688/390
f 1123/1878/382 355/1644/382 932/1646/383 1510/1879/383
f 1510/1879/383 932/1646/383 356/1650/383 1124/1880/383
f 926/1688/390 1510/1879/383 1124/1880/383 350/1689/390
f 350/1689/390 1124/1880/383 1511/1881/383 927/1694/390
f 1124/1880/383 356/1650/383 933/1652/383 1511/1881/383
f 1511/1881/383 933/1652/383 357/1656/383 1125/1882/383
f 927/1694/390 1511/1881/383 1125/1882/383 351/1695/390
f 351/1883/390 1125/1884/383 1512/1885/383 928/1886/390
f 1125/1884/383 357/1657/383 934/1660/383 1512/1885/383
f 1512/1885/383 934/1660/383 358/1665/383 1126/1887/383
f 928/1886/390 1512/1885/383 1126/1887/383 352/1888/390
f 352/1888/390 1126/1887/383 1513/1889/383 929/1890/390
f 1126/1887/383 358/1665/383 935/1667/383 1513/1889/383
f 1513/1889/383 935/1667/383 359/1671/383 1127/1891/383
f 929/1890/390 1513/1889/383 1127/1891/383 353/1707/390
f 353/1707/390 1127/1891/383 1514/1892/383 930/1893/390
f 1127/1891/383 359/1671/383 936/1673/383 1514/1892/383
f 1514/1892/383 936/1673/383 360/1676/97 1128/140/97
f 930/1893/390 1514/1892/383 1128/140/97 354/1894/96
f 19/1895/80 405/1896/281 1515/1897/394 409/1898/77
f 405/1896/281 228/1899/280 1129/1900/395 1515/1897/394
f 1515/1897/394 1129/1900/395 205/1901/273 781/746/276
f 409/1898/77 1515/1897/394 781/746/276 16/94/74
f 228/1899/280 804/1902/315 1516/1903/396 1129/1900/395
f 804/1902/315 227/1904/315 1130/1905/396 1516/1903/396
f 1516/1903/396 1130/1905/396 206/1906/325 782/1907/325
f 1129/1900/395 1516/1903/396 782/1907/325 205/1901/273
f 227/1904/315 803/1908/315 1517/1909/396 1130/1905/396
f 803/1908/315 226/1910/316 1131/1911/396 1517/1909/396
f 1517/1909/396 1131/1911/396 207/1912/325 783/1913/325
f 1130/1905/396 1517/1909/396 783/1913/325 206/1906/325
f 226/1910/316 802/1914/316 1518/1915/396 1131/1911/396
f 802/1914/316 225/1916/316 1132/1917/396 1518/1915/396
f 1518/1915/396 1132/1917/396 208/1185/327 784/1918/327
f 1131/1911/396 1518/1915/396 784/1918/327 207/1912/325
f 225/1916/316 801/1919/316 1519/1920/396 1132/1917/396
f 801/1919/316 224/1921/316 1133/1922/396 1519/1920/396
f 1519/1920/396 1133/1922/396 209/1176/327 785/1923/327
f 1132/1917/396 1519/1920/396 785/1923/327 208/1185/327
f 224/1921/316 800/1924/315 1520/1925/396 1133/1922/396
f 800/1924/315 223/61/50 1134/64/53 1520/1925/396
f 1520/1925/396 1134/64/53 210/69/55 786/1926/325
f 1133/1922/396 1520/1925/396 786/1926/325 209/1176/327
f 15/92/73 805/1927/217 1521/1928/397 392/1929/70
f 805/1927/217 229/412/216 1135/1930/398 1521/1928/397
f 1521/1928/397 1135/1930/398 222/1931/190 403/1932/193
f 392/1929/70 1521/1928/397 403/1932/193 14/1933/67
f 229/412/216 806/1607/372 1522/1934/399 1135/1930/398
f 806/1607/372 230/1602/372 1136/1935/399 1522/1934/399
f 1522/1934/399 1136/1935/399 221/1936/391 798/1937/389
f 1135/1930/398 1522/1934/399 798/1937/389 222/1931/190
f 230/1602/372 807/1938/373 1523/1939/399 1136/1935/399
f 807/1938/373 231/1940/372 1137/1941/399 1523/1939/399
f 1523/1939/399 1137/1941/399 220/1942/391 797/1943/391
f 1136/1935/399 1523/1939/399 797/1943/391 221/1936/391
f 231/1940/372 808/1944/373 1524/1945/399 1137/1941/399
f 808/1944/373 232/1946/372 1138/1947/399 1524/1945/399
f 1524/1945/399 1138/1947/399 219/1948/391 796/1949/389
f 1137/1941/399 1524/1945/399 796/1949/389 220/1942/391
f 232/1946/372 809/1950/373 1525/1951/399 1138/1947/399
f 809/1950/373 233/1952/372 1139/1953/399 1525/1951/399
f 1525/1951/399 1139/1953/399 218/1954/389 795/1955/389
f 1138/1947/399 1525/1951/399 795/1955/389 219/1948/391
f 233/1952/372 810/1578/372 1526/1956/399 1139/1953/399
f 810/1578/372 234/52/44 1140/55/47 1526/1956/399
f 1526/1956/399 1140/55/47 217/60/49 794/1957/389
f 1139/1953/399 1526/1956/399 794/1957/389 218/1954/389
f 12/1958/66 811/1959/262 1527/1960/400 408/1961/63
f 811/1959/262 235/1962/261 1141/1963/401 1527/1960/400
f 1527/1960/400 1141/1963/401 204/1964/254 394/1965/257
f 408/1961/63 1527/1960/400 394/1965/257 10/78/60
f 235/1962/261 812/1966/334 1528/1967/402 1141/1963/401
f 812/1966/334 236/1968/334 1142/1969/402 1528/1967/402
f 1528/1967/402 1142/1969/402 203/1360/345 780/1970/345
f 1141/1963/401 1528/1967/402 780/1970/345 204/1964/254
f 236/1968/334 813/1971/334 1529/1972/402 1142/1969/402
f 813/1971/334 237/1973/335 1143/1974/402 1529/1972/402
f 1529/1972/402 1143/1974/402 202/1353/347 779/1356/345
f 1142/1969/402 1529/1972/402 779/1356/345 203/1360/345
f 237/1973/335 814/1975/335 1530/1976/402 1143/1974/402
f 814/1975/335 238/1977/335 1144/1978/402 1530/1976/402
f 1530/1976/402 1144/1978/402 201/1345/347 778/1979/347
f 1143/1974/402 1530/1976/402 778/1979/347 202/1353/347
f 238/1977/335 815/1980/334 1531/1981/402 1144/1978/402
f 815/1980/334 239/1982/334 1145/1983/402 1531/1981/402
f 1531/1981/402 1145/1983/402 200/1984/345 777/1985/345
f 1144/1978/402 1531/1981/402 777/1985/345 201/1345/347
f 239/1982/334 816/1986/334 1532/1987/402 1145/1983/402
f 816/1986/334 240/36/31 1146/39/34 1532/1987/402
f 1532/1987/402 1146/39/34 199/43/36 776/1988/345
f 1145/1983/402 1532/1987/402 776/1988/345 200/1984/345
f 8/1989/5 787/1990/354 1533/1991/403 387/1992/6
f 787/1990/354 211/1993/358 1147/1994/404 1533/1991/403
f 1533/1991/403 1147/1994/404 193/1995/376 769/1610/375
f 387/1992/6 1533/1991/403 769/1610/375 5/8/7
f 211/1993/358 788/1996/360 1534/1997/405 1147/1994/404
f 788/1996/360 212/1998/360 1148/1999/405 1534/1997/405
f 1534/1997/405 1148/1999/405 194/2000/379 770/2001/379
f 1147/1994/404 1534/1997/405 770/2001/379 193/1995/376
f 212/1998/360 789/2002/360 1535/2003/405 1148/1999/405
f 789/2002/360 213/2004/360 1149/2005/405 1535/2003/405
f 1535/2003/405 1149/2005/405 195/2006/379 771/2007/379
f 1148/1999/405 1535/2003/405 771/2007/379 194/2000/379
f 213/2004/360 790/2008/360 1536/2009/405 1149/2005/405
f 790/2008/360 214/2010/360 1150/2011/405 1536/2009/405
f 1536/2009/405 1150/2011/405 196/2012/379 772/2013/379
f 1149/2005/405 1536/2009/405 772/2013/379 195/2006/379
f 214/2010/360 791/2014/362 1537/2015/405 1150/2011/405
f 791/2014/362 215/2016/362 1151/2017/405 1537/2015/405
f 1537/2015/405 1151/2017/405 197/2018/379 773/2019/379
f 1150/2011/405 1537/2015/405 773/2019/379 196/2012/379
f 215/2016/362 792/2020/362 1538/2021/405 1151/2017/405
f 792/2020/362 216/10/8 1152/13/11 1538/2021/405
f 1538/2021/405 1152/13/11 198/18/16 774/2022/379
f 1151/2017/405 1538/2021/405 774/2022/379 197/2018/379
g Right_Leg_Right_Leg
v 0.091621 1.866712 0.480741
v 0.091621 0.133287 0.480741
v 0.908380 0.133287 0.480740
v 0.908380 1.866712 0.480741
v 0.980741 0.133287 0.372129
v 0.980741 1.866712 0.372129
v 0.091620 1.980740 -0.372129
v 0.019259 1.866712 -0.372129
v 0.019259 1.866712 0.372130
v 0.019259 0.133287 -0.372130
v 0.019259 0.133287 0.372130
v 0.091621 0.019259 0.372129
v 0.091620 0.019259 -0.372130
v 0.908380 0.019259 0.372129
v 0.980741 0.133287 -0.372130
v 0.980741 1.866712 -0.372130
v 0.908380 1.980740 0.372129
v 0.908379 1.980740 -0.372130
v 0.091620 1.980740 0.372130
v 0.091620 1.866712 -0.480740
v 0.091620 0.133287 -0.480741
v 0.908379 0.133287 -0.480741
v 0.908379 0.019259 -0.372130
v 0.908379 1.866712 -0.480741
v 0.090417 1.467499 0.489167
v 0.090417 0.999999 0.489167
v 0.090417 0.532499 0.489167
v 0.010834 1.467499 0.373334
v 0.010833 0.999999 0.373334
v 0.010834 0.532500 0.373333
v 0.909584 0.532500 0.489166
v 0.909584 0.999999 0.489166
v 0.909584 1.467499 0.489166
v 0.989167 0.532500 0.373333
v 0.989167 0.999999 0.373333
v 0.989167 1.467499 0.373333
v 0.989166 0.532500 -0.373334
v 0.989166 1.000000 -0.373334
v 0.989166 1.467499 -0.373334
v 0.010833 1.467499 -0.373333
v 0.010833 1.000000 -0.373333
v 0.010833 0.532500 -0.373333
v 0.090416 1.467500 -0.489166
v 0.090416 1.000000 -0.489167
v 0.090416 0.532500 -0.489167
v 0.909583 0.532500 -0.489167
v 0.909583 1.000000 -0.489167
v 0.909583 1.467500 -0.489167
v 0.282500 1.867916 0.489167
v 0.500000 1.867916 0.489167
v 0.717500 1.867916 0.489167
v 0.282500 0.132083 0.489166
v 0.500000 0.132083 0.489166
v 0.717500 0.132083 0.489166
v 0.282500 0.132083 -0.489167
v 0.500000 0.132083 -0.489167
v 0.717500 0.132083 -0.489167
v 0.282500 1.867916 -0.489166
v 0.500000 1.867916 -0.489167
v 0.717500 1.867916 -0.489167
v 0.282500 0.010833 0.373333
v 0.500000 0.010833 0.373333
v 0.717500 0.010833 0.373333
v 0.282500 0.010833 -0.373334
v 0.500000 0.010833 -0.373334
v 0.717500 0.010833 -0.373334
v 0.717500 1.989166 0.373333
v 0.500000 1.989166 0.373333
v 0.282500 1.989166 0.373334
v 0.717500 1.989166 -0.373333
v 0.500000 1.989166 -0.373333
v 0.282500 1.989166 -0.373333
v 0.717500 0.532499 0.500000
v 0.500000 0.532500 0.500000
v 0.282500 0.532499 0.500000
v 0.717500 0.999999 0.500000
v 0.500000 0.999999 0.500000
v 0.282500 0.999999 0.500000
v 0.717500 1.467499 0.500000
v 0.500000 1.467499 0.500000
v 0.282500 1.467499 0.500000
v 0.282500 0.532500 -0.500000
v 0.500000 0.532500 -0.500000
v 0.717500 0.532500 -0.500001
v 0.282500 1.000000 -0.500000
v 0.500000 1.000000 -0.500000
v 0.717500 1.000000 -0.500000
v 0.282500 1.467500 -0.500000
v 0.500000 1.467500 -0.500000
v 0.717500 1.467500 -0.500000
v 0.010833 1.867916 0.000000
v 0.989167 0.132083 -0.000001
v 0.010833 0.132083 -0.000000
v 0.989167 1.867916 -0.000000
v 0.090417 1.989166 0.000000
v 0.090417 0.010833 -0.000000
v 0.909583 0.010833 -0.000001
v 0.909583 1.989166 -0.000000
v 1.000000 1.467499 -0.000000
v 1.000000 0.999999 -0.000000
v 1.000000 0.532500 -0.000001
v -0.000000 0.532500 0.000000
v -0.000000 0.999999 0.000000
v -0.000000 1.467499 0.000000
v 0.282500 1.999999 0.000000
v 0.500000 1.999999 0.000000
v 0.717500 1.999999 -0.000000
v 0.717500 -0.000000 -0.000001
v 0.500000 -0.000000 -0.000000
v 0.282500 -0.000000 -0.000000
v 0.090567 0.307286 0.488113
v 0.958907 0.134791 0.454374
v 0.011887 0.307286 0.373183
v 0.958907 0.046302 0.370624
v 0.958906 1.953697 0.370625
v 0.909433 1.692713 0.488113
v 0.041093 0.134791 -0.454375
v 0.958907 1.865208 0.454375
v 0.988114 1.692713 0.373183
v 0.958906 0.134792 -0.454376
v 0.958906 0.046302 -0.370626
v 0.958906 1.865208 -0.454375
v 0.041093 1.865208 -0.454375
v 0.041093 1.953697 -0.370625
v 0.988113 1.692714 -0.373183
v 0.011886 0.307286 -0.373183
v 0.090567 0.307286 -0.488114
v 0.041094 0.046302 0.370625
v 0.906875 0.046302 -0.454376
v 0.909433 1.692714 -0.488114
v 0.093125 1.953697 0.454375
v 0.041094 1.865208 0.454375
v 0.093125 0.046302 0.454375
v 0.906875 1.953697 0.454375
v 0.041094 1.953697 0.370625
v 0.093125 1.953697 -0.454375
v 0.041093 0.046302 -0.370625
v 0.041094 0.134791 0.454375
v 0.958906 1.953697 -0.370625
v 0.906875 0.046302 0.454374
v 0.093125 0.046302 -0.454375
v 0.906875 1.953697 -0.454375
v 0.090567 1.692713 0.488114
v 0.090417 1.233749 0.489167
v 0.090417 0.766249 0.489167
v 0.011887 1.692713 0.373183
v 0.010834 1.233749 0.373334
v 0.010834 0.766249 0.373333
v 0.909433 0.307286 0.488113
v 0.909584 0.766249 0.489166
v 0.909584 1.233749 0.489166
v 0.988114 0.307286 0.373182
v 0.989167 0.766249 0.373333
v 0.989167 1.233749 0.373333
v 0.988113 0.307286 -0.373184
v 0.989166 0.766250 -0.373334
v 0.989166 1.233750 -0.373334
v 0.011886 1.692714 -0.373183
v 0.010833 1.233750 -0.373333
v 0.010833 0.766250 -0.373333
v 0.090567 1.692714 -0.488113
v 0.090416 1.233750 -0.489167
v 0.090416 0.766250 -0.489167
v 0.909433 0.307286 -0.488114
v 0.909583 0.766250 -0.489167
v 0.909583 1.233750 -0.489167
v 0.037031 0.532500 0.458438
v 0.037031 0.999999 0.458438
v 0.037031 1.467499 0.458438
v 0.962968 1.467499 -0.458438
v 0.962968 1.000000 -0.458438
v 0.962968 0.532500 -0.458438
v 0.037031 0.532500 -0.458437
v 0.037031 1.000000 -0.458437
v 0.037031 1.467499 -0.458437
v 0.962969 1.467499 0.458437
v 0.962969 0.999999 0.458437
v 0.962969 0.532500 0.458437
v 0.822923 1.867765 0.488113
v 0.822923 0.132233 0.488113
v 0.822922 0.132234 -0.488114
v 0.822922 1.867766 -0.488114
v 0.822923 0.011886 0.373182
v 0.822922 0.011886 -0.373184
v 0.177078 1.988113 0.373183
v 0.177077 1.988113 -0.373183
v 0.176927 0.532499 0.498646
v 0.176927 0.999999 0.498646
v 0.176927 1.467499 0.498646
v 0.823073 0.532500 -0.498646
v 0.823073 1.000000 -0.498646
v 0.823073 1.467500 -0.498646
v 0.011887 1.867765 0.209642
v 0.988113 0.132234 -0.209642
v 0.011887 0.132234 0.209641
v 0.988113 1.867766 -0.209641
v 0.090567 1.988113 -0.209641
v 0.090567 0.011886 -0.209641
v 0.909433 0.011886 -0.209642
v 0.909433 1.988113 -0.209641
v 0.998646 1.467499 -0.209792
v 0.998646 1.000000 -0.209792
v 0.998646 0.532500 -0.209792
v 0.001354 0.532500 -0.209792
v 0.001354 1.000000 -0.209792
v 0.001354 1.467499 -0.209791
v 0.177078 1.867765 0.488114
v 0.391250 1.867916 0.489167
v 0.608750 1.867916 0.489167
v 0.177078 0.132233 0.488113
v 0.391250 0.132083 0.489166
v 0.608750 0.132083 0.489166
v 0.177077 0.132234 -0.488114
v 0.391250 0.132083 -0.489167
v 0.608750 0.132083 -0.489167
v 0.177077 1.867766 -0.488113
v 0.391250 1.867916 -0.489167
v 0.608750 1.867916 -0.489167
v 0.177078 0.011886 0.373183
v 0.391250 0.010833 0.373333
v 0.608750 0.010833 0.373333
v 0.177077 0.011886 -0.373183
v 0.391250 0.010833 -0.373334
v 0.608750 0.010833 -0.373334
v 0.822923 1.988113 0.373183
v 0.608750 1.989166 0.373333
v 0.391250 1.989166 0.373334
v 0.822922 1.988113 -0.373183
v 0.608750 1.989166 -0.373333
v 0.391250 1.989166 -0.373333
v 0.823073 0.532500 0.498645
v 0.608750 0.532500 0.500000
v 0.391250 0.532500 0.500000
v 0.823073 0.999999 0.498645
v 0.608750 0.999999 0.500000
v 0.391250 0.999999 0.500000
v 0.823073 1.467499 0.498646
v 0.608750 1.467499 0.500000
v 0.391250 1.467499 0.500000
v 0.176927 0.532500 -0.498646
v 0.391250 0.532500 -0.500000
v 0.608750 0.532500 -0.500000
v 0.176927 1.000000 -0.498646
v 0.391250 1.000000 -0.500000
v 0.608750 1.000000 -0.500000
v 0.176927 1.467500 -0.498646
v 0.391250 1.467500 -0.500000
v 0.608750 1.467500 -0.500000
v 0.717500 0.042239 0.458437
v 0.500000 0.042239 0.458437
v 0.282500 0.042239 0.458437
v 0.717500 0.042240 -0.458438
v 0.500000 0.042240 -0.458438
v 0.282500 0.042240 -0.458438
v 0.282500 1.957759 0.458438
v 0.500000 1.957760 0.458438
v 0.717500 1.957759 0.458438
v 0.282500 1.957760 -0.458437
v 0.500000 1.957760 -0.458437
v 0.717500 1.957760 -0.458438
v 0.282500 1.692864 -0.498646
v 0.500000 1.692864 -0.498646
v 0.717500 1.692864 -0.498646
v 0.717500 1.692864 0.498646
v 0.500000 1.692864 0.498646
v 0.282500 1.692864 0.498646
v 0.717500 0.307135 0.498645
v 0.500000 0.307135 0.498646
v 0.282500 0.307135 0.498646
v 0.717500 0.766249 0.500000
v 0.500000 0.766249 0.500000
v 0.282500 0.766249 0.500000
v 0.717500 1.233749 0.500000
v 0.500000 1.233749 0.500000
v 0.282500 1.233749 0.500000
v 0.282500 0.307135 -0.498646
v 0.500000 0.307135 -0.498646
v 0.717500 0.307135 -0.498646
v 0.282500 0.766250 -0.500000
v 0.500000 0.766250 -0.500000
v 0.717500 0.766250 -0.500000
v 0.282500 1.233750 -0.500000
v 0.500000 1.233750 -0.500000
v 0.717500 1.233750 -0.500000
v 0.282500 1.998645 -0.209791
v 0.500000 1.998645 -0.209792
v 0.717500 1.998645 -0.209792
v 0.717500 0.001354 -0.209792
v 0.500000 0.001354 -0.209792
v 0.282500 0.001354 -0.209792
v 0.011886 1.867766 -0.209641
v 0.988114 0.132234 0.209640
v 0.011886 0.132234 -0.209641
v 0.988114 1.867765 0.209641
v 0.090567 1.988113 0.209642
v 0.090567 0.011886 0.209641
v 0.909433 0.011886 0.209641
v 0.909433 1.988113 0.209641
v 0.998646 1.467499 0.209791
v 0.998646 0.999999 0.209791
v 0.998646 0.532500 0.209791
v 0.001354 0.532500 0.209792
v 0.001354 0.999999 0.209792
v 0.001354 1.467499 0.209792
v 0.282500 1.998645 0.209792
v 0.500000 1.998645 0.209792
v 0.717500 1.998645 0.209792
v 0.717500 0.001354 0.209791
v 0.500000 0.001354 0.209791
v 0.282500 0.001354 0.209791
v 0.391250 -0.000000 -0.000000
v 0.608750 -0.000000 -0.000001
v 0.823073 0.001354 -0.000001
v 0.608750 1.999999 0.000000
v 0.391250 1.999999 0.000000
v 0.176927 1.998645 0.000000
v 0.037031 1.957760 0.000000
v 0.001354 1.692864 0.000000
v 0.037031 0.042239 -0.000000
v 0.962969 0.042239 -0.000001
v 0.962969 1.957760 -0.000000
v 0.998646 0.307135 -0.000001
v 0.998646 1.692864 -0.000000
v 1.000000 1.233749 -0.000000
v 1.000000 0.766250 -0.000001
v 0.001354 0.307135 -0.000000
v -0.000000 0.766250 0.000000
v -0.000000 1.233749 0.000000
v 0.823073 1.998645 -0.000000
v 0.176927 0.001354 -0.000000
v 0.962461 0.307474 0.457929
v 0.050130 1.942056 0.443073
v 0.050131 0.057943 0.443073
v 0.949870 0.057943 0.443072
v 0.949870 1.942056 0.443073
v 0.176946 0.002670 0.209773
v 0.037539 1.692526 -0.457929
v 0.050130 1.942057 -0.443073
v 0.962461 0.307474 -0.457930
v 0.050130 0.057943 -0.443073
v 0.823054 1.997328 0.209773
v 0.949870 0.057943 -0.443074
v 0.949869 1.942057 -0.443073
v 0.037539 1.692525 0.457930
v 0.037539 0.307474 0.457930
v 0.037031 0.766249 0.458438
v 0.037031 1.233749 0.458438
v 0.962461 1.692526 -0.457930
v 0.962968 1.233750 -0.458438
v 0.962968 0.766250 -0.458438
v 0.037539 0.307474 -0.457930
v 0.037031 0.766250 -0.458437
v 0.037031 1.233750 -0.458437
v 0.962461 1.692525 0.457929
v 0.962969 1.233749 0.458437
v 0.962969 0.766249 0.458437
v 0.823073 1.233750 -0.498646
v 0.823073 0.766250 -0.498646
v 0.823054 0.307154 -0.497330
v 0.176927 1.233749 0.498646
v 0.176927 0.766249 0.498646
v 0.176946 0.307154 0.497329
v 0.176946 1.692845 0.497330
v 0.823054 1.692845 -0.497330
v 0.822734 1.957252 -0.457930
v 0.822735 1.957252 0.457930
v 0.177265 0.042747 -0.457930
v 0.177266 0.042747 0.457929
v 0.001354 1.233749 0.209792
v 0.001354 0.766250 0.209792
v 0.002671 0.307154 0.209773
v 0.998646 0.766250 0.209791
v 0.998646 1.233749 0.209791
v 0.997329 1.692845 0.209773
v 0.997329 0.307154 0.209772
v 0.962461 1.957252 0.209453
v 0.962461 0.042747 -0.209454
v 0.037539 0.042747 0.209453
v 0.002671 1.692845 0.209773
v 0.037539 1.957252 0.209454
v 0.822735 0.042747 0.457929
v 0.608750 0.042239 0.458437
v 0.391250 0.042239 0.458437
v 0.822734 0.042747 -0.457930
v 0.608750 0.042240 -0.458438
v 0.391250 0.042240 -0.458438
v 0.177266 1.957252 0.457930
v 0.391250 1.957760 0.458438
v 0.608750 1.957760 0.458438
v 0.177265 1.957252 -0.457929
v 0.391250 1.957760 -0.458437
v 0.608750 1.957760 -0.458438
v 0.176945 1.692845 -0.497329
v 0.391250 1.692864 -0.498646
v 0.608750 1.692864 -0.498646
v 0.823054 1.692845 0.497329
v 0.608750 1.692864 0.498646
v 0.391250 1.692864 0.498646
v 0.823054 0.307154 0.497329
v 0.608750 0.307135 0.498645
v 0.391250 0.307135 0.498646
v 0.823073 0.766249 0.498645
v 0.608750 0.766249 0.500000
v 0.391250 0.766249 0.500000
v 0.823073 1.233749 0.498646
v 0.608750 1.233749 0.500000
v 0.391250 1.233749 0.500000
v 0.176946 0.307154 -0.497329
v 0.391250 0.307135 -0.498646
v 0.608750 0.307135 -0.498646
v 0.176927 0.766250 -0.498646
v 0.391250 0.766250 -0.500000
v 0.608750 0.766250 -0.500000
v 0.176927 1.233750 -0.498646
v 0.391250 1.233750 -0.500000
v 0.608750 1.233750 -0.500000
v 0.176946 1.997329 0.209773
v 0.391250 1.998645 0.209792
v 0.608750 1.998645 0.209792
v 0.823054 0.002670 0.209772
v 0.608750 0.001354 0.209791
v 0.391250 0.001354 0.209791
v 0.391250 0.001354 -0.209792
v 0.608750 0.001354 -0.209792
v 0.823054 0.002671 -0.209774
v 0.608750 1.998645 -0.209792
v 0.391250 1.998645 -0.209791
v 0.176946 1.997329 -0.209773
v 0.037539 1.957252 -0.209453
v 0.002670 1.692845 -0.209773
v 0.037539 0.042747 -0.209453
v 0.962461 0.042747 0.209452
v 0.962461 1.957252 -0.209453
v 0.997329 0.307154 -0.209774
v 0.997329 1.692845 -0.209773
v 0.998646 1.233750 -0.209792
v 0.998646 0.766250 -0.209792
v 0.002670 0.307154 -0.209773
v 0.001354 0.766250 -0.209792
v 0.001354 1.233750 -0.209791
v 0.823054 1.997329 -0.209773
v 0.176946 0.002671 -0.209773
vn 0.9900 -0.0023 0.1413
vn 0.8244 -0.0020 0.5659
vn 0.8262 -0.0180 0.5631
vn 0.9906 -0.0214 0.1354
vn 0.2752 -0.0023 0.9614
vn 0.2664 -0.0212 0.9636
vn 0.2346 -0.1217 0.9644
vn 0.8279 -0.0948 0.5529
vn 0.9872 -0.1090 0.1163
vn -0.2346 0.1217 0.9644
vn -0.2092 0.6745 0.7080
vn -0.7478 0.4571 0.4815
vn -0.8279 0.0949 0.5529
vn -0.2385 0.9621 0.1320
vn -0.8393 0.5340 0.1018
vn -0.9872 0.1090 0.1163
vn -0.2346 -0.1217 0.9644
vn -0.8279 -0.0948 0.5529
vn -0.7478 -0.4571 0.4815
vn -0.2092 -0.6745 0.7080
vn -0.9872 -0.1090 0.1163
vn -0.8393 -0.5340 0.1018
vn -0.2385 -0.9621 0.1320
vn 0.2092 -0.6745 0.7080
vn 0.7478 -0.4571 0.4815
vn 0.2385 -0.9621 0.1320
vn 0.8393 -0.5340 0.1018
vn 0.2346 0.1217 0.9644
vn 0.8279 0.0948 0.5529
vn 0.7478 0.4571 0.4815
vn 0.2092 0.6745 0.7080
vn 0.9872 0.1090 0.1163
vn 0.8393 0.5340 0.1018
vn 0.2385 0.9621 0.1320
vn -0.0063 -1.0000 -0.0000
vn -0.0059 -0.9996 0.0288
vn -0.0529 -0.9982 0.0272
vn -0.0556 -0.9985 -0.0000
vn -0.0050 -0.9869 0.1615
vn -0.0449 -0.9868 0.1554
vn -0.2707 -0.9624 0.0228
vn -0.2783 -0.9605 -0.0000
vn -0.2752 0.0023 -0.9614
vn -0.8244 0.0020 -0.5659
vn -0.8262 0.0179 -0.5631
vn -0.2664 0.0212 -0.9636
vn -0.9900 0.0023 -0.1413
vn -0.9906 0.0214 -0.1354
vn -0.9872 0.1090 -0.1163
vn -0.8279 0.0948 -0.5529
vn -0.2346 0.1217 -0.9644
vn -0.2385 0.9621 -0.1320
vn -0.2092 0.6745 -0.7080
vn -0.7478 0.4571 -0.4815
vn -0.8393 0.5340 -0.1018
vn 0.2752 -0.0023 -0.9614
vn 0.8244 -0.0020 -0.5659
vn 0.8262 -0.0179 -0.5631
vn 0.2664 -0.0212 -0.9636
vn 0.9900 -0.0023 -0.1413
vn 0.9906 -0.0214 -0.1354
vn 0.9872 -0.1090 -0.1163
vn 0.8279 -0.0948 -0.5529
vn 0.2346 -0.1217 -0.9644
vn -0.9872 -0.1090 -0.1163
vn -0.8279 -0.0948 -0.5529
vn -0.7478 -0.4571 -0.4815
vn -0.8393 -0.5340 -0.1018
vn -0.2346 -0.1217 -0.9644
vn -0.2092 -0.6745 -0.7080
vn -0.2385 -0.9621 -0.1320
vn 0.0063 1.0000 -0.0000
vn 0.0059 0.9996 0.0288
vn 0.0529 0.9982 0.0272
vn 0.0556 0.9985 -0.0000
vn 0.0050 0.9869 0.1615
vn 0.0449 0.9868 0.1554
vn 0.2707 0.9624 0.0228
vn 0.2783 0.9605 -0.0000
vn 0.2385 -0.9621 -0.1320
vn 0.2092 -0.6745 -0.7080
vn 0.7478 -0.4571 -0.4815
vn 0.8393 -0.5340 -0.1018
vn 0.9872 0.1090 -0.1163
vn 0.8279 0.0948 -0.5529
vn 0.7478 0.4571 -0.4815
vn 0.8393 0.5340 -0.1018
vn 0.2346 0.1217 -0.9644
vn 0.2092 0.6745 -0.7080
vn 0.2385 0.9621 -0.1320
vn -0.9900 0.0023 0.1413
vn -0.8244 0.0020 0.5659
vn -0.8262 0.0180 0.5631
vn -0.9906 0.0214 0.1354
vn -0.2752 0.0023 0.9614
vn -0.2664 0.0212 0.9636
vn -0.8262 -0.0180 0.5631
vn -0.9906 -0.0214 0.1354
vn -0.2664 -0.0212 0.9636
vn -0.2752 -0.0023 0.9614
vn -0.8244 -0.0020 0.5659
vn -0.9900 -0.0023 0.1413
vn -0.8242 -0.0000 0.5663
vn -0.9899 -0.0000 0.1420
vn -0.2763 -0.0000 0.9611
vn 0.8262 0.0179 -0.5631
vn 0.2664 0.0212 -0.9636
vn 0.9906 0.0214 -0.1354
vn 0.9900 0.0023 -0.1413
vn 0.8244 0.0020 -0.5659
vn 0.2752 0.0023 -0.9614
vn 0.8242 -0.0000 -0.5663
vn 0.2763 -0.0000 -0.9611
vn 0.9899 -0.0000 -0.1420
vn -0.8262 -0.0179 -0.5631
vn -0.2664 -0.0212 -0.9636
vn -0.9906 -0.0214 -0.1354
vn -0.9900 -0.0023 -0.1413
vn -0.8244 -0.0020 -0.5659
vn -0.2752 -0.0023 -0.9614
vn -0.8242 -0.0000 -0.5663
vn -0.2763 -0.0000 -0.9611
vn -0.9899 -0.0000 -0.1420
vn 0.8262 0.0180 0.5631
vn 0.9906 0.0214 0.1354
vn 0.2664 0.0212 0.9636
vn 0.2752 0.0023 0.9614
vn 0.8244 0.0020 0.5659
vn 0.9900 0.0023 0.1413
vn 0.8242 -0.0000 0.5663
vn 0.9899 -0.0000 0.1420
vn 0.2763 -0.0000 0.9611
vn 0.0064 0.0030 -1.0000
vn 0.0559 0.0028 -0.9984
vn 0.0563 -0.0000 -0.9984
vn 0.0064 -0.0000 -1.0000
vn 0.0559 -0.0028 -0.9984
vn 0.0064 -0.0030 -1.0000
vn 0.0529 -0.0253 -0.9983
vn 0.0059 -0.0269 -0.9996
vn 0.0449 -0.1436 -0.9886
vn 0.0049 -0.1494 -0.9888
vn -0.0064 0.0030 1.0000
vn -0.0559 0.0028 0.9984
vn -0.0563 -0.0000 0.9984
vn -0.0064 -0.0000 1.0000
vn -0.0559 -0.0028 0.9984
vn -0.0064 -0.0030 1.0000
vn -0.0529 -0.0253 0.9983
vn -0.0059 -0.0268 0.9996
vn -0.0449 -0.1436 0.9886
vn -0.0049 -0.1494 0.9888
vn -0.0050 0.1494 0.9888
vn -0.0449 0.1436 0.9886
vn -0.0529 0.0253 0.9983
vn -0.0059 0.0268 0.9996
vn 0.0050 0.1494 -0.9888
vn 0.0449 0.1436 -0.9886
vn 0.0529 0.0253 -0.9983
vn 0.0059 0.0268 -0.9996
vn 0.0050 0.9869 -0.1615
vn 0.0449 0.9868 -0.1554
vn 0.0391 0.6900 -0.7228
vn 0.0044 0.6907 -0.7231
vn 0.0050 0.1494 0.9888
vn 0.0449 0.1436 0.9886
vn 0.0391 0.6900 0.7228
vn 0.0045 0.6907 0.7231
vn -0.0050 -0.9869 -0.1615
vn -0.0449 -0.9868 -0.1554
vn -0.0391 -0.6899 -0.7228
vn -0.0044 -0.6907 -0.7231
vn -0.0449 -0.1436 -0.9886
vn -0.0050 -0.1494 -0.9888
vn -0.0391 -0.6900 0.7228
vn -0.0045 -0.6907 0.7231
vn -1.0000 -0.0000 -0.0000
vn -0.9996 -0.0000 0.0290
vn -0.9996 0.0028 0.0288
vn -1.0000 0.0030 -0.0000
vn -1.0000 -0.0030 -0.0000
vn -0.9996 -0.0028 0.0288
vn -0.9912 -0.1321 -0.0000
vn -0.9916 -0.1272 0.0230
vn -0.9993 -0.0254 0.0272
vn -0.9996 -0.0267 -0.0000
vn 1.0000 -0.0000 -0.0000
vn 0.9996 -0.0000 0.0290
vn 0.9996 -0.0028 0.0288
vn 1.0000 -0.0030 -0.0000
vn 1.0000 0.0030 -0.0000
vn 0.9996 0.0028 0.0288
vn 0.9912 0.1321 -0.0000
vn 0.9916 0.1272 0.0230
vn 0.9993 0.0254 0.0272
vn 0.9996 0.0267 -0.0000
vn 0.9993 -0.0254 0.0272
vn 0.9996 -0.0267 -0.0000
vn 0.9916 -0.1272 0.0230
vn 0.9912 -0.1321 -0.0000
vn 0.8381 0.5452 0.0192
vn 0.8365 0.5480 -0.0000
vn 0.2784 -0.9605 -0.0000
vn 0.2707 -0.9624 -0.0228
vn 0.8381 -0.5452 -0.0192
vn 0.8365 -0.5480 -0.0000
vn 0.9916 -0.1272 -0.0230
vn -0.8381 -0.5452 0.0192
vn -0.8365 -0.5480 -0.0000
vn -0.9993 0.0254 0.0272
vn -0.9996 0.0267 -0.0000
vn -0.9916 0.1272 0.0230
vn -0.9912 0.1321 -0.0000
vn -0.8381 0.5452 0.0192
vn -0.8365 0.5480 -0.0000
vn -0.2707 0.9624 0.0228
vn -0.2783 0.9605 -0.0000
vn 0.0449 -0.1436 0.9886
vn 0.0391 -0.6900 0.7228
vn 0.0050 -0.1494 0.9888
vn 0.0044 -0.6907 0.7231
vn 0.0050 -0.9869 0.1615
vn 0.0449 -0.9868 0.1554
vn -0.0000 -0.1501 0.9887
vn -0.0000 -0.6908 0.7231
vn -0.0000 -0.9867 0.1623
vn 0.0449 -0.9868 -0.1554
vn 0.0391 -0.6900 -0.7228
vn 0.0050 -0.9869 -0.1615
vn 0.0044 -0.6907 -0.7231
vn -0.0000 -0.9867 -0.1623
vn -0.0000 -0.6908 -0.7231
vn -0.0000 -0.1501 -0.9887
vn -0.0391 0.6900 0.7228
vn -0.0044 0.6907 0.7231
vn -0.0050 0.9869 0.1615
vn -0.0449 0.9868 0.1554
vn -0.0000 0.1501 0.9887
vn -0.0000 0.6908 0.7231
vn -0.0000 0.9867 0.1623
vn -0.0449 0.9868 -0.1554
vn -0.0391 0.6900 -0.7228
vn -0.0050 0.9869 -0.1615
vn -0.0044 0.6907 -0.7231
vn -0.0050 0.1494 -0.9888
vn -0.0449 0.1436 -0.9886
vn -0.0000 0.9867 -0.1623
vn -0.0000 0.6908 -0.7231
vn -0.0000 0.1501 -0.9887
vn -0.0529 0.0253 -0.9983
vn -0.0059 0.0268 -0.9996
vn -0.0064 0.0030 -1.0000
vn -0.0559 0.0028 -0.9984
vn -0.0000 0.0270 -0.9996
vn -0.0000 0.0030 -1.0000
vn -0.0000 0.0271 -0.9996
vn 0.0529 0.0253 0.9983
vn 0.0059 0.0268 0.9996
vn 0.0064 0.0030 1.0000
vn 0.0559 0.0028 0.9984
vn -0.0000 0.0271 0.9996
vn -0.0000 0.0030 1.0000
vn 0.0559 -0.0028 0.9984
vn 0.0529 -0.0253 0.9983
vn 0.0064 -0.0030 1.0000
vn 0.0059 -0.0268 0.9996
vn -0.0000 -0.0030 1.0000
vn -0.0000 -0.0271 0.9996
vn 0.0563 -0.0000 0.9984
vn 0.0064 -0.0000 1.0000
vn -0.0000 -0.0000 1.0000
vn -0.0559 -0.0028 -0.9984
vn -0.0529 -0.0253 -0.9983
vn -0.0064 -0.0030 -1.0000
vn -0.0059 -0.0268 -0.9996
vn -0.0000 -0.0030 -1.0000
vn -0.0000 -0.0271 -0.9996
vn -0.0563 -0.0000 -0.9984
vn -0.0064 -0.0000 -1.0000
vn -0.0000 -0.0000 -1.0000
vn -0.0529 0.9982 0.0272
vn -0.0556 0.9985 -0.0000
vn -0.0059 0.9996 0.0288
vn -0.0063 1.0000 -0.0000
vn -0.0000 0.9996 0.0290
vn -0.0000 1.0000 -0.0000
vn 0.2707 -0.9624 0.0228
vn 0.0529 -0.9982 0.0272
vn 0.0555 -0.9985 -0.0000
vn 0.0059 -0.9996 0.0288
vn 0.0063 -1.0000 -0.0000
vn -0.0000 -0.9996 0.0290
vn -0.0000 -1.0000 -0.0000
vn -0.0000 -0.9996 -0.0290
vn -0.0059 -0.9996 -0.0288
vn 0.0059 -0.9996 -0.0288
vn 0.0529 -0.9982 -0.0272
vn -0.0000 0.9996 -0.0290
vn 0.0059 0.9996 -0.0288
vn -0.0059 0.9996 -0.0288
vn -0.2707 0.9624 -0.0228
vn -0.0529 0.9982 -0.0272
vn -0.9916 0.1272 -0.0230
vn -0.8381 0.5452 -0.0192
vn -0.9996 0.0028 -0.0288
vn -0.9993 0.0254 -0.0272
vn -0.2707 -0.9624 -0.0228
vn -0.8381 -0.5452 -0.0192
vn -0.9916 -0.1272 -0.0230
vn 0.8381 -0.5452 0.0192
vn 0.2707 0.9624 -0.0228
vn 0.8381 0.5452 -0.0192
vn 0.9916 0.1272 -0.0230
vn 0.9996 -0.0028 -0.0288
vn 0.9993 -0.0254 -0.0272
vn 0.9993 0.0254 -0.0272
vn 0.9996 0.0028 -0.0288
vn 0.9996 -0.0000 -0.0290
vn -0.9993 -0.0254 -0.0272
vn -0.9996 -0.0028 -0.0288
vn -0.9996 -0.0000 -0.0290
vn 0.0529 0.9982 -0.0272
vn -0.0529 -0.9982 -0.0272
vt 0.487061 0.746094
vt 0.487061 0.750000
vt 0.475708 0.750000
vt 0.475709 0.746094
vt 0.487061 0.753906
vt 0.475709 0.753906
vt 0.464356 0.753906
vt 0.464356 0.750000
vt 0.464356 0.746094
vt 0.555176 0.871094
vt 0.556641 0.871094
vt 0.556153 0.873698
vt 0.555176 0.875000
vt 0.558106 0.871094
vt 0.556641 0.875000
vt 0.555176 0.878906
vt 0.464356 0.871094
vt 0.464356 0.875000
vt 0.463379 0.873698
vt 0.462891 0.871094
vt 0.464356 0.878906
vt 0.462891 0.875000
vt 0.461426 0.871094
vt 0.462891 0.753906
vt 0.463379 0.751302
vt 0.461426 0.753906
vt 0.462891 0.750000
vt 0.555176 0.753906
vt 0.555176 0.750000
vt 0.556153 0.751302
vt 0.556641 0.753906
vt 0.555176 0.746094
vt 0.556641 0.750000
vt 0.558106 0.753906
vt 0.485596 0.296875
vt 0.485596 0.267578
vt 0.491089 0.267578
vt 0.491089 0.296875
vt 0.485596 0.238281
vt 0.491089 0.238281
vt 0.496582 0.238281
vt 0.496582 0.267578
vt 0.496582 0.296875
vt 0.532471 0.503906
vt 0.532471 0.500000
vt 0.543823 0.500000
vt 0.543823 0.503906
vt 0.532471 0.496094
vt 0.543823 0.496094
vt 0.555176 0.496094
vt 0.555176 0.500000
vt 0.555176 0.503906
vt 0.558106 0.503906
vt 0.556641 0.503906
vt 0.556153 0.501302
vt 0.556641 0.500000
vt 0.487061 0.621094
vt 0.487061 0.625000
vt 0.475708 0.625000
vt 0.475709 0.621094
vt 0.487061 0.628906
vt 0.475709 0.628906
vt 0.464356 0.628906
vt 0.464356 0.625000
vt 0.464356 0.621094
vt 0.464356 0.496094
vt 0.464356 0.500000
vt 0.463379 0.501302
vt 0.462891 0.500000
vt 0.464356 0.503906
vt 0.462891 0.503906
vt 0.461426 0.503906
vt 0.358154 0.296875
vt 0.358154 0.326172
vt 0.352661 0.326172
vt 0.352661 0.296875
vt 0.358154 0.355469
vt 0.352661 0.355469
vt 0.347168 0.355469
vt 0.347168 0.326172
vt 0.347168 0.296875
vt 0.461426 0.621094
vt 0.462891 0.621094
vt 0.463379 0.623698
vt 0.462891 0.625000
vt 0.555176 0.628906
vt 0.555176 0.625000
vt 0.556153 0.623698
vt 0.556641 0.625000
vt 0.555176 0.621094
vt 0.556641 0.621094
vt 0.558106 0.621094
vt 0.532471 0.878906
vt 0.532471 0.875000
vt 0.543823 0.875000
vt 0.543823 0.878906
vt 0.532471 0.871094
vt 0.543823 0.871094
vt 0.475709 0.875000
vt 0.475708 0.878906
vt 0.475708 0.871094
vt 0.487061 0.871094
vt 0.487061 0.875000
vt 0.487061 0.878906
vt 0.498413 0.875000
vt 0.498414 0.878906
vt 0.498414 0.871094
vt 0.509766 0.871094
vt 0.509766 0.875000
vt 0.509766 0.878906
vt 0.521118 0.875000
vt 0.521119 0.878906
vt 0.521119 0.871094
vt 0.543823 0.625000
vt 0.543823 0.621094
vt 0.543823 0.628906
vt 0.532471 0.628906
vt 0.532471 0.625000
vt 0.532471 0.621094
vt 0.521119 0.625000
vt 0.521119 0.621094
vt 0.521119 0.628906
vt 0.509766 0.628906
vt 0.509766 0.625000
vt 0.509766 0.621094
vt 0.498414 0.625000
vt 0.498414 0.621094
vt 0.498414 0.628906
vt 0.475709 0.500000
vt 0.475708 0.503906
vt 0.475708 0.496094
vt 0.487061 0.496094
vt 0.487061 0.500000
vt 0.487061 0.503906
vt 0.498413 0.500000
vt 0.498414 0.503906
vt 0.498414 0.496094
vt 0.509766 0.496094
vt 0.509766 0.500000
vt 0.509766 0.503906
vt 0.521118 0.500000
vt 0.521119 0.503906
vt 0.521119 0.496094
vt 0.543823 0.750000
vt 0.543823 0.746094
vt 0.543823 0.753906
vt 0.532471 0.753906
vt 0.532471 0.750000
vt 0.532471 0.746094
vt 0.521119 0.750000
vt 0.521119 0.746094
vt 0.521119 0.753906
vt 0.509766 0.753906
vt 0.509766 0.750000
vt 0.509766 0.746094
vt 0.498414 0.750000
vt 0.498414 0.746094
vt 0.498414 0.753906
vt 0.532471 0.591797
vt 0.532471 0.606445
vt 0.521119 0.606445
vt 0.521119 0.591797
vt 0.509766 0.606445
vt 0.509766 0.591797
vt 0.498414 0.606445
vt 0.498414 0.591797
vt 0.487061 0.606445
vt 0.487061 0.591797
vt 0.475708 0.606445
vt 0.475708 0.591797
vt 0.464356 0.606445
vt 0.464356 0.591797
vt 0.532471 0.841797
vt 0.532471 0.856445
vt 0.521119 0.856445
vt 0.521119 0.841797
vt 0.509766 0.856445
vt 0.509766 0.841797
vt 0.498414 0.856445
vt 0.498414 0.841797
vt 0.487061 0.856445
vt 0.487061 0.841797
vt 0.475708 0.856445
vt 0.475708 0.841797
vt 0.464356 0.856445
vt 0.464356 0.841797
vt 0.555176 0.841797
vt 0.555176 0.856445
vt 0.543823 0.856445
vt 0.543823 0.841797
vt 0.555176 0.591797
vt 0.555176 0.606445
vt 0.543823 0.606445
vt 0.543823 0.591797
vt 0.558106 0.591797
vt 0.558106 0.606445
vt 0.556641 0.606445
vt 0.556641 0.591797
vt 0.555176 0.783203
vt 0.555176 0.768555
vt 0.556641 0.768555
vt 0.556641 0.783203
vt 0.558106 0.768555
vt 0.558106 0.783203
vt 0.461426 0.533203
vt 0.461426 0.518555
vt 0.462891 0.518555
vt 0.462891 0.533203
vt 0.464356 0.518555
vt 0.464356 0.533203
vt 0.462891 0.856445
vt 0.462891 0.841797
vt 0.461426 0.856445
vt 0.461426 0.841797
vt 0.509766 0.437500
vt 0.509766 0.408203
vt 0.521118 0.408203
vt 0.521119 0.437500
vt 0.509766 0.378906
vt 0.521119 0.378906
vt 0.532471 0.378906
vt 0.532471 0.408203
vt 0.532471 0.437500
vt 0.487061 0.437500
vt 0.487061 0.408203
vt 0.498413 0.408203
vt 0.498414 0.437500
vt 0.487061 0.378906
vt 0.498414 0.378906
vt 0.464356 0.437500
vt 0.464356 0.408203
vt 0.475709 0.408203
vt 0.475708 0.437500
vt 0.464356 0.378906
vt 0.475708 0.378906
vt 0.509766 0.687500
vt 0.509766 0.716797
vt 0.498414 0.716797
vt 0.498414 0.687500
vt 0.487061 0.716797
vt 0.487061 0.687500
vt 0.532471 0.687500
vt 0.532471 0.716797
vt 0.521119 0.716797
vt 0.521119 0.687500
vt 0.555176 0.687500
vt 0.555176 0.716797
vt 0.543823 0.716797
vt 0.543823 0.687500
vt 0.475708 0.716797
vt 0.475709 0.687500
vt 0.464356 0.716797
vt 0.464356 0.687500
vt 0.558106 0.687500
vt 0.558106 0.716797
vt 0.556641 0.716797
vt 0.556641 0.687500
vt 0.558106 0.746094
vt 0.556641 0.746094
vt 0.461426 0.687500
vt 0.461426 0.658203
vt 0.462891 0.658203
vt 0.462891 0.687500
vt 0.461426 0.628906
vt 0.462891 0.628906
vt 0.464356 0.658203
vt 0.461426 0.437500
vt 0.461426 0.408203
vt 0.462891 0.408203
vt 0.462891 0.437500
vt 0.461426 0.378906
vt 0.462891 0.378906
vt 0.543823 0.408203
vt 0.543823 0.437500
vt 0.543823 0.378906
vt 0.555176 0.378906
vt 0.555176 0.408203
vt 0.555176 0.437500
vt 0.556641 0.408203
vt 0.556641 0.437500
vt 0.556641 0.378906
vt 0.558106 0.378906
vt 0.558106 0.408203
vt 0.558106 0.437500
vt 0.464356 0.768555
vt 0.462891 0.768555
vt 0.464356 0.783203
vt 0.462891 0.783203
vt 0.461426 0.783203
vt 0.461426 0.768555
vt 0.464356 0.797851
vt 0.462891 0.797851
vt 0.464356 0.812500
vt 0.462891 0.812500
vt 0.461426 0.812500
vt 0.461426 0.797851
vt 0.464356 0.827148
vt 0.462891 0.827148
vt 0.461426 0.827148
vt 0.461426 0.606445
vt 0.462891 0.606445
vt 0.461426 0.591797
vt 0.462891 0.591797
vt 0.461426 0.577148
vt 0.462891 0.577148
vt 0.461426 0.562500
vt 0.462891 0.562500
vt 0.464356 0.562500
vt 0.464356 0.577148
vt 0.461426 0.547852
vt 0.462891 0.547852
vt 0.464356 0.547852
vt 0.556641 0.856445
vt 0.556641 0.841797
vt 0.558106 0.841797
vt 0.558106 0.856445
vt 0.555176 0.827148
vt 0.556641 0.827148
vt 0.555176 0.812500
vt 0.556641 0.812500
vt 0.558106 0.812500
vt 0.558106 0.827148
vt 0.555176 0.797851
vt 0.556641 0.797851
vt 0.558106 0.797852
vt 0.558106 0.518555
vt 0.556641 0.518555
vt 0.558106 0.533203
vt 0.556641 0.533203
vt 0.555176 0.533203
vt 0.555176 0.518555
vt 0.558106 0.547852
vt 0.556641 0.547852
vt 0.558106 0.562500
vt 0.556641 0.562500
vt 0.555176 0.562500
vt 0.555176 0.547852
vt 0.558106 0.577148
vt 0.556641 0.577148
vt 0.555176 0.577148
vt 0.543823 0.518555
vt 0.543823 0.533203
vt 0.532471 0.533203
vt 0.532471 0.518555
vt 0.543823 0.547852
vt 0.543823 0.562500
vt 0.532471 0.562500
vt 0.532471 0.547852
vt 0.543823 0.577148
vt 0.532471 0.577148
vt 0.543823 0.768555
vt 0.543823 0.783203
vt 0.532471 0.783203
vt 0.532471 0.768555
vt 0.543823 0.797851
vt 0.543823 0.812500
vt 0.532471 0.812500
vt 0.532471 0.797852
vt 0.543823 0.827148
vt 0.532471 0.827148
vt 0.487061 0.768555
vt 0.475708 0.768555
vt 0.487061 0.783203
vt 0.475709 0.783203
vt 0.487061 0.797852
vt 0.475708 0.797851
vt 0.487061 0.812500
vt 0.475708 0.812500
vt 0.487061 0.827148
vt 0.475708 0.827148
vt 0.509766 0.768554
vt 0.498414 0.768555
vt 0.509766 0.783203
vt 0.498414 0.783203
vt 0.509766 0.797851
vt 0.498414 0.797851
vt 0.509766 0.812500
vt 0.498414 0.812500
vt 0.509766 0.827148
vt 0.498414 0.827148
vt 0.521119 0.768555
vt 0.521119 0.783203
vt 0.521119 0.797851
vt 0.521119 0.812500
vt 0.521119 0.827148
vt 0.487061 0.518555
vt 0.475708 0.518555
vt 0.487061 0.533203
vt 0.475708 0.533203
vt 0.487061 0.547852
vt 0.475708 0.547852
vt 0.487061 0.562500
vt 0.475708 0.562500
vt 0.487061 0.577148
vt 0.475708 0.577148
vt 0.509766 0.518555
vt 0.498414 0.518555
vt 0.509766 0.533203
vt 0.498414 0.533203
vt 0.509766 0.547852
vt 0.498414 0.547852
vt 0.509766 0.562500
vt 0.498413 0.562500
vt 0.509766 0.577148
vt 0.498414 0.577148
vt 0.521119 0.518555
vt 0.521119 0.533203
vt 0.521119 0.547852
vt 0.521119 0.562500
vt 0.521119 0.577148
vt 0.391113 0.296875
vt 0.391113 0.326172
vt 0.385620 0.326172
vt 0.385620 0.296875
vt 0.391113 0.355469
vt 0.385620 0.355469
vt 0.380127 0.355469
vt 0.380127 0.326172
vt 0.380127 0.296875
vt 0.374634 0.326172
vt 0.374634 0.296875
vt 0.374634 0.355469
vt 0.369141 0.355469
vt 0.369141 0.326172
vt 0.369141 0.296875
vt 0.363647 0.326172
vt 0.363647 0.296875
vt 0.363647 0.355469
vt 0.452637 0.296875
vt 0.452637 0.267578
vt 0.458130 0.267578
vt 0.458130 0.296875
vt 0.452637 0.238281
vt 0.458130 0.238281
vt 0.463623 0.238281
vt 0.463623 0.267578
vt 0.463623 0.296875
vt 0.469116 0.267578
vt 0.469116 0.296875
vt 0.469116 0.238281
vt 0.474609 0.238281
vt 0.474609 0.267578
vt 0.474609 0.296875
vt 0.480103 0.267578
vt 0.480103 0.296875
vt 0.480103 0.238281
vt 0.474609 0.355469
vt 0.474609 0.326172
vt 0.480103 0.326172
vt 0.480103 0.355469
vt 0.485596 0.326172
vt 0.485596 0.355469
vt 0.463623 0.355469
vt 0.463623 0.326172
vt 0.469116 0.326172
vt 0.469116 0.355469
vt 0.452637 0.355469
vt 0.452637 0.326172
vt 0.458130 0.326172
vt 0.458130 0.355469
vt 0.369141 0.238281
vt 0.369141 0.267578
vt 0.363647 0.267578
vt 0.363647 0.238281
vt 0.358154 0.267578
vt 0.358154 0.238281
vt 0.380127 0.238281
vt 0.380127 0.267578
vt 0.374634 0.267578
vt 0.374634 0.238281
vt 0.391113 0.238281
vt 0.391113 0.267578
vt 0.385620 0.267578
vt 0.385620 0.238281
vt 0.555176 0.466797
vt 0.556641 0.466797
vt 0.556641 0.496094
vt 0.558106 0.466797
vt 0.558106 0.496094
vt 0.532471 0.466797
vt 0.543823 0.466797
vt 0.461426 0.496094
vt 0.461426 0.466797
vt 0.462891 0.466797
vt 0.462891 0.496094
vt 0.464356 0.466797
vt 0.461426 0.746094
vt 0.461426 0.716797
vt 0.462891 0.716797
vt 0.462891 0.746094
vt 0.558106 0.628906
vt 0.558106 0.658203
vt 0.556641 0.658203
vt 0.556641 0.628906
vt 0.555176 0.658203
vt 0.487061 0.658203
vt 0.475708 0.658203
vt 0.543823 0.658203
vt 0.532471 0.658203
vt 0.521119 0.658203
vt 0.509766 0.658203
vt 0.498414 0.658203
vt 0.475709 0.466797
vt 0.487061 0.466797
vt 0.498413 0.466797
vt 0.509766 0.466797
vt 0.521118 0.466797
vt 0.352661 0.267578
vt 0.352661 0.238281
vt 0.347168 0.267578
vt 0.347168 0.238281
vt 0.491089 0.326172
vt 0.491089 0.355469
vt 0.496582 0.326172
vt 0.496582 0.355469
s 1
usemtl Starter_Blocky_Rig
f 1572/2023/406 1716/2024/407 1869/2025/408 1690/2026/409
f 1716/2024/407 1569/2027/410 1687/2028/411 1869/2025/408
f 1869/2025/408 1687/2028/411 1541/2029/412 1650/2030/413
f 1690/2026/409 1869/2025/408 1650/2030/413 1543/2031/414
f 1539/2032/415 1669/2033/416 1870/2034/417 1670/2035/418
f 1557/2036/419 1673/2037/420 1870/2034/417 1669/2033/416
f 1547/2038/421 1670/2035/418 1870/2034/417 1673/2037/420
f 1540/2039/422 1676/2040/423 1871/2041/424 1671/2042/425
f 1549/2043/426 1666/2044/427 1871/2041/424 1676/2040/423
f 1550/2045/428 1671/2042/425 1871/2041/424 1666/2044/427
f 1541/2029/412 1678/2046/429 1872/2047/430 1650/2030/413
f 1552/2048/431 1652/2049/432 1872/2047/430 1678/2046/429
f 1543/2031/414 1650/2030/413 1872/2047/430 1652/2049/432
f 1542/2050/433 1656/2051/434 1873/2052/435 1672/2053/436
f 1544/2054/437 1653/2055/438 1873/2052/435 1656/2051/434
f 1555/2056/439 1672/2053/436 1873/2052/435 1653/2055/438
f 1648/2057/440 1848/2058/441 1874/2059/442 1868/2060/443
f 1848/2058/441 1599/2061/444 1757/2062/445 1874/2059/442
f 1874/2059/442 1757/2062/445 1550/2063/428 1834/2064/446
f 1868/2060/443 1874/2059/442 1834/2064/446 1634/2065/447
f 1581/2066/448 1713/2067/449 1875/2068/450 1699/2069/451
f 1713/2067/449 1578/2070/452 1696/2071/453 1875/2068/450
f 1875/2068/450 1696/2071/453 1546/2072/454 1661/2073/455
f 1699/2069/451 1875/2068/450 1661/2073/455 1558/2074/456
f 1545/2075/457 1674/2076/458 1876/2077/459 1662/2078/460
f 1558/2074/456 1661/2073/455 1876/2077/459 1674/2076/458
f 1546/2072/454 1662/2078/460 1876/2077/459 1661/2073/455
f 1584/2079/461 1710/2080/462 1877/2081/463 1702/2082/464
f 1710/2080/462 1575/2083/465 1693/2084/466 1877/2081/463
f 1877/2081/463 1693/2084/466 1553/2085/467 1658/2086/468
f 1702/2082/464 1877/2081/463 1658/2086/468 1560/2087/469
f 1548/2088/470 1655/2089/471 1878/2090/472 1675/2091/473
f 1559/2092/474 1679/2093/475 1878/2090/472 1655/2089/471
f 1551/2094/476 1675/2091/473 1878/2090/472 1679/2093/475
f 1645/2095/477 1845/2096/478 1879/2097/479 1867/2098/480
f 1845/2096/478 1605/2099/481 1763/2100/482 1879/2097/479
f 1879/2097/479 1763/2100/482 1555/2101/439 1836/2102/483
f 1867/2098/480 1879/2097/479 1836/2102/483 1636/2103/484
f 1561/2104/485 1667/2105/486 1880/2106/487 1659/2107/488
f 1560/2087/469 1658/2086/468 1880/2106/487 1667/2105/486
f 1553/2085/467 1659/2107/488 1880/2106/487 1658/2086/468
f 1554/2108/489 1660/2109/490 1881/2110/491 1677/2111/492
f 1562/2112/493 1680/2113/494 1881/2110/491 1660/2109/490
f 1556/2114/495 1677/2111/492 1881/2110/491 1680/2113/494
f 1566/2115/496 1707/2116/497 1882/2117/498 1684/2118/499
f 1707/2116/497 1563/2119/500 1681/2120/501 1882/2117/498
f 1882/2117/498 1681/2120/501 1539/2032/415 1670/2035/418
f 1684/2118/499 1882/2117/498 1670/2035/418 1547/2038/421
f 1549/2043/426 1676/2040/423 1883/2121/502 1651/2122/503
f 1676/2040/423 1540/2039/422 1649/2123/504 1883/2121/502
f 1883/2121/502 1649/2123/504 1565/2124/505 1705/2125/506
f 1651/2122/503 1883/2121/502 1705/2125/506 1568/2126/507
f 1568/2126/507 1705/2125/506 1884/2127/508 1686/2128/509
f 1705/2125/506 1565/2124/505 1683/2129/510 1884/2127/508
f 1884/2127/508 1683/2129/510 1564/2130/510 1706/2131/508
f 1686/2128/509 1884/2127/508 1706/2131/508 1567/2132/509
f 1567/2132/509 1706/2131/508 1885/2133/508 1685/2134/509
f 1706/2131/508 1564/2130/510 1682/2135/510 1885/2133/508
f 1885/2133/508 1682/2135/510 1563/2119/500 1707/2116/497
f 1685/2134/509 1885/2133/508 1707/2116/497 1566/2115/496
f 1562/2112/493 1660/2109/490 1886/2136/511 1668/2137/512
f 1660/2109/490 1554/2108/489 1663/2138/513 1886/2136/511
f 1886/2136/511 1663/2138/513 1577/2139/514 1708/2140/515
f 1668/2137/512 1886/2136/511 1708/2140/515 1586/2141/516
f 1586/2141/516 1708/2140/515 1887/2142/517 1704/2143/518
f 1708/2140/515 1577/2139/514 1695/2144/519 1887/2142/517
f 1887/2142/517 1695/2144/519 1576/2145/519 1709/2146/517
f 1704/2143/518 1887/2142/517 1709/2146/517 1585/2147/518
f 1585/2147/518 1709/2146/517 1888/2148/517 1703/2149/518
f 1709/2146/517 1576/2145/519 1694/2150/519 1888/2148/517
f 1888/2148/517 1694/2150/519 1575/2083/465 1710/2080/462
f 1703/2149/518 1888/2148/517 1710/2080/462 1584/2079/461
f 1559/2092/474 1655/2089/471 1889/2151/520 1665/2152/521
f 1655/2089/471 1548/2088/470 1664/2153/522 1889/2151/520
f 1889/2151/520 1664/2153/522 1580/2154/523 1711/2155/524
f 1665/2152/521 1889/2151/520 1711/2155/524 1583/2156/525
f 1583/2156/525 1711/2155/524 1890/2157/526 1701/2158/527
f 1711/2155/524 1580/2154/523 1698/2159/528 1890/2157/526
f 1890/2157/526 1698/2159/528 1579/2160/528 1712/2161/526
f 1701/2158/527 1890/2157/526 1712/2161/526 1582/2162/527
f 1582/2162/527 1712/2161/526 1891/2163/526 1700/2164/527
f 1712/2161/526 1579/2160/528 1697/2165/528 1891/2163/526
f 1891/2163/526 1697/2165/528 1578/2070/452 1713/2067/449
f 1700/2164/527 1891/2163/526 1713/2067/449 1581/2066/448
f 1544/2054/437 1656/2051/434 1892/2166/529 1657/2167/530
f 1656/2051/434 1542/2050/433 1654/2168/531 1892/2166/529
f 1892/2166/529 1654/2168/531 1571/2169/532 1714/2170/533
f 1657/2167/530 1892/2166/529 1714/2170/533 1574/2171/534
f 1574/2171/534 1714/2170/533 1893/2172/535 1692/2173/536
f 1714/2170/533 1571/2169/532 1689/2174/537 1893/2172/535
f 1893/2172/535 1689/2174/537 1570/2175/537 1715/2176/535
f 1692/2173/536 1893/2172/535 1715/2176/535 1573/2177/536
f 1573/2177/536 1715/2176/535 1894/2178/535 1691/2179/536
f 1715/2176/535 1570/2175/537 1688/2180/537 1894/2178/535
f 1894/2178/535 1688/2180/537 1569/2027/410 1716/2024/407
f 1691/2179/536 1894/2178/535 1716/2024/407 1572/2023/406
f 1628/2181/538 1730/2182/539 1895/2183/540 1822/2184/541
f 1730/2182/539 1586/2141/516 1704/2143/518 1895/2183/540
f 1895/2183/540 1704/2143/518 1585/2147/518 1729/2185/540
f 1822/2184/541 1895/2183/540 1729/2185/540 1625/2186/541
f 1625/2186/541 1729/2185/540 1896/2187/540 1819/2188/541
f 1729/2185/540 1585/2147/518 1703/2149/518 1896/2187/540
f 1896/2187/540 1703/2149/518 1584/2079/461 1728/2189/542
f 1819/2188/541 1896/2187/540 1728/2189/542 1622/2190/543
f 1622/2190/543 1728/2189/542 1897/2191/544 1816/2192/545
f 1728/2189/542 1584/2079/461 1702/2082/464 1897/2191/544
f 1897/2191/544 1702/2082/464 1560/2087/469 1719/2193/546
f 1816/2192/545 1897/2191/544 1719/2193/546 1595/2194/547
f 1619/2195/548 1727/2196/549 1898/2197/550 1813/2198/551
f 1727/2196/549 1563/2119/500 1682/2135/510 1898/2197/550
f 1898/2197/550 1682/2135/510 1564/2130/510 1726/2199/550
f 1813/2198/551 1898/2197/550 1726/2199/550 1616/2200/551
f 1616/2200/551 1726/2199/550 1899/2201/550 1810/2202/551
f 1726/2199/550 1564/2130/510 1683/2129/510 1899/2201/550
f 1899/2201/550 1683/2129/510 1565/2124/505 1725/2203/552
f 1810/2202/551 1899/2201/550 1725/2203/552 1613/2204/553
f 1613/2204/553 1725/2203/552 1900/2205/554 1807/2206/555
f 1725/2203/552 1565/2124/505 1649/2123/504 1900/2205/554
f 1900/2205/554 1649/2123/504 1540/2039/422 1748/2207/556
f 1807/2206/555 1900/2205/554 1748/2207/556 1590/2208/557
f 1587/2209/558 1745/2210/559 1901/2211/560 1804/2212/561
f 1745/2210/559 1539/2032/415 1681/2120/501 1901/2211/560
f 1901/2211/560 1681/2120/501 1563/2119/500 1727/2196/549
f 1804/2212/561 1901/2211/560 1727/2196/549 1619/2195/548
f 1598/2213/562 1720/2214/563 1902/2215/564 1801/2216/565
f 1720/2214/563 1562/2112/493 1668/2137/512 1902/2215/564
f 1902/2215/564 1668/2137/512 1586/2141/516 1730/2182/539
f 1801/2216/565 1902/2215/564 1730/2182/539 1628/2181/538
f 1608/2217/566 1766/2218/567 1903/2219/568 1798/2220/569
f 1766/2218/567 1556/2114/495 1680/2113/494 1903/2219/568
f 1903/2219/568 1680/2113/494 1562/2112/493 1720/2214/563
f 1798/2220/569 1903/2219/568 1720/2214/563 1598/2213/562
f 1589/2221/570 1717/2222/571 1904/2223/572 1795/2224/573
f 1717/2222/571 1542/2050/433 1672/2053/436 1904/2223/572
f 1904/2223/572 1672/2053/436 1555/2056/439 1763/2225/482
f 1795/2224/573 1904/2223/572 1763/2225/482 1605/2226/481
f 1602/2227/574 1760/2228/575 1905/2229/576 1792/2230/577
f 1760/2228/575 1551/2094/476 1679/2093/475 1905/2229/576
f 1905/2229/576 1679/2093/475 1559/2092/474 1751/2231/578
f 1792/2230/577 1905/2229/576 1751/2231/578 1593/2232/579
f 1590/2208/557 1748/2207/556 1906/2233/580 1789/2234/581
f 1748/2207/556 1540/2039/422 1671/2042/425 1906/2233/580
f 1906/2233/580 1671/2042/425 1550/2045/428 1757/2235/445
f 1789/2234/581 1906/2233/580 1757/2235/445 1599/2236/444
f 1641/2237/582 1841/2238/583 1907/2239/583 1866/2240/582
f 1841/2238/583 1567/2241/509 1685/2242/509 1907/2239/583
f 1907/2239/583 1685/2242/509 1566/2243/496 1842/2244/584
f 1866/2240/582 1907/2239/583 1842/2244/584 1642/2245/585
f 1640/2246/586 1840/2247/587 1908/2248/583 1865/2249/582
f 1840/2247/587 1568/2250/507 1686/2251/509 1908/2248/583
f 1908/2248/583 1686/2251/509 1567/2241/509 1841/2238/583
f 1865/2249/582 1908/2248/583 1841/2238/583 1641/2237/582
f 1631/2252/588 1733/2253/589 1909/2254/590 1864/2255/591
f 1733/2253/589 1549/2256/426 1651/2257/503 1909/2254/590
f 1909/2254/590 1651/2257/503 1568/2250/507 1840/2247/587
f 1864/2255/591 1909/2254/590 1840/2247/587 1640/2246/586
f 1638/2258/592 1838/2259/593 1910/2260/593 1863/2261/592
f 1838/2259/593 1573/2177/536 1691/2179/536 1910/2260/593
f 1910/2260/593 1691/2179/536 1572/2023/406 1839/2262/594
f 1863/2261/592 1910/2260/593 1839/2262/594 1639/2263/595
f 1637/2264/596 1837/2265/597 1911/2266/593 1862/2267/592
f 1837/2265/597 1574/2171/534 1692/2173/536 1911/2266/593
f 1911/2266/593 1692/2173/536 1573/2177/536 1838/2259/593
f 1862/2267/592 1911/2266/593 1838/2259/593 1638/2258/592
f 1632/2268/598 1832/2269/599 1912/2270/600 1861/2271/601
f 1832/2269/599 1544/2054/437 1657/2167/530 1912/2270/600
f 1912/2270/600 1657/2167/530 1574/2171/534 1837/2265/597
f 1861/2271/601 1912/2270/600 1837/2265/597 1637/2264/596
f 1639/2263/595 1839/2262/594 1913/2272/602 1860/2273/603
f 1839/2262/594 1572/2023/406 1690/2026/409 1913/2272/602
f 1913/2272/602 1690/2026/409 1543/2031/414 1830/2274/604
f 1860/2273/603 1913/2272/602 1830/2274/604 1630/2275/605
f 1636/2276/484 1836/2277/483 1914/2278/606 1859/2279/607
f 1836/2277/483 1555/2280/439 1653/2281/438 1914/2278/606
f 1914/2278/606 1653/2281/438 1544/2054/437 1832/2269/599
f 1859/2279/607 1914/2278/606 1832/2269/599 1632/2268/598
f 1635/2282/608 1737/2283/609 1915/2284/610 1858/2285/611
f 1737/2283/609 1561/2286/485 1659/2287/488 1915/2284/610
f 1915/2284/610 1659/2287/488 1553/2085/467 1732/2288/612
f 1858/2285/611 1915/2284/610 1732/2288/612 1630/2275/605
f 1634/2289/447 1834/2290/446 1916/2291/613 1857/2292/614
f 1834/2290/446 1550/2293/428 1666/2294/427 1916/2291/613
f 1916/2291/613 1666/2294/427 1549/2256/426 1733/2253/589
f 1857/2292/614 1916/2291/613 1733/2253/589 1631/2252/588
f 1642/2245/585 1842/2244/584 1917/2295/615 1856/2296/616
f 1842/2244/584 1566/2243/496 1684/2297/499 1917/2295/615
f 1917/2295/615 1684/2297/499 1547/2298/421 1731/2299/617
f 1856/2296/616 1917/2295/615 1731/2299/617 1629/2300/618
f 1629/2300/618 1731/2299/617 1918/2301/619 1855/2302/620
f 1731/2299/617 1547/2298/421 1673/2303/420 1918/2301/619
f 1918/2301/619 1673/2303/420 1557/2304/419 1833/2305/621
f 1855/2302/620 1918/2301/619 1833/2305/621 1633/2306/622
f 1541/2029/412 1718/2307/623 1919/2308/624 1678/2046/429
f 1718/2307/623 1592/2309/625 1787/2310/626 1919/2308/624
f 1919/2308/624 1787/2310/626 1601/2311/627 1721/2312/628
f 1678/2046/429 1919/2308/624 1721/2312/628 1552/2048/431
f 1592/2309/625 1750/2313/629 1920/2314/630 1787/2310/626
f 1750/2313/629 1591/2315/629 1788/2316/630 1920/2314/630
f 1920/2314/630 1788/2316/630 1600/2317/631 1759/2318/631
f 1787/2310/626 1920/2314/630 1759/2318/631 1601/2311/627
f 1591/2315/629 1749/2319/629 1921/2320/630 1788/2316/630
f 1749/2319/629 1590/2208/557 1789/2234/581 1921/2320/630
f 1921/2320/630 1789/2234/581 1599/2236/444 1758/2321/631
f 1788/2316/630 1921/2320/630 1758/2321/631 1600/2317/631
f 1561/2104/485 1722/2322/632 1922/2323/633 1667/2105/486
f 1722/2322/632 1604/2324/634 1790/2325/635 1922/2323/633
f 1922/2323/633 1790/2325/635 1595/2194/547 1719/2193/546
f 1667/2105/486 1922/2323/633 1719/2193/546 1560/2087/469
f 1604/2324/634 1762/2326/636 1923/2327/637 1790/2325/635
f 1762/2326/636 1603/2328/636 1791/2329/637 1923/2327/637
f 1923/2327/637 1791/2329/637 1594/2330/638 1753/2331/638
f 1790/2325/635 1923/2327/637 1753/2331/638 1595/2194/547
f 1603/2328/636 1761/2332/636 1924/2333/637 1791/2329/637
f 1761/2332/636 1602/2227/574 1792/2230/577 1924/2333/637
f 1924/2333/637 1792/2230/577 1593/2232/579 1752/2334/638
f 1791/2329/637 1924/2333/637 1752/2334/638 1594/2330/638
f 1539/2032/415 1745/2210/559 1925/2335/639 1669/2033/416
f 1745/2210/559 1587/2209/558 1793/2336/640 1925/2335/639
f 1925/2335/639 1793/2336/640 1607/2337/641 1723/2338/642
f 1669/2033/416 1925/2335/639 1723/2338/642 1557/2036/419
f 1587/2209/558 1746/2339/643 1926/2340/644 1793/2336/640
f 1746/2339/643 1588/2341/643 1794/2342/644 1926/2340/644
f 1926/2340/644 1794/2342/644 1606/2343/645 1765/2344/645
f 1793/2336/640 1926/2340/644 1765/2344/645 1607/2337/641
f 1588/2341/643 1747/2345/643 1927/2346/644 1794/2342/644
f 1747/2345/643 1589/2221/570 1795/2224/573 1927/2346/644
f 1927/2346/644 1795/2224/573 1605/2226/481 1764/2347/645
f 1794/2342/644 1927/2346/644 1764/2347/645 1606/2343/645
f 1545/2075/457 1724/2348/646 1928/2349/647 1674/2076/458
f 1724/2348/646 1610/2350/648 1796/2351/649 1928/2349/647
f 1928/2349/647 1796/2351/649 1596/2352/650 1754/2353/651
f 1674/2076/458 1928/2349/647 1754/2353/651 1558/2074/456
f 1610/2350/648 1768/2354/652 1929/2355/653 1796/2351/649
f 1768/2354/652 1609/2356/652 1797/2357/653 1929/2355/653
f 1929/2355/653 1797/2357/653 1597/2358/654 1755/2359/654
f 1796/2351/649 1929/2355/653 1755/2359/654 1596/2352/650
f 1609/2356/652 1767/2360/652 1930/2361/653 1797/2357/653
f 1767/2360/652 1608/2217/566 1798/2220/569 1930/2361/653
f 1930/2361/653 1798/2220/569 1598/2213/562 1756/2362/654
f 1797/2357/653 1930/2361/653 1756/2362/654 1597/2358/654
f 1558/2074/456 1754/2353/651 1931/2363/655 1699/2069/451
f 1754/2353/651 1596/2352/650 1799/2364/656 1931/2363/655
f 1931/2363/655 1799/2364/656 1626/2365/657 1784/2366/658
f 1699/2069/451 1931/2363/655 1784/2366/658 1581/2066/448
f 1596/2352/650 1755/2359/654 1932/2367/659 1799/2364/656
f 1755/2359/654 1597/2358/654 1800/2368/659 1932/2367/659
f 1932/2367/659 1800/2368/659 1627/2369/660 1785/2370/660
f 1799/2364/656 1932/2367/659 1785/2370/660 1626/2365/657
f 1597/2358/654 1756/2362/654 1933/2371/661 1800/2368/659
f 1756/2362/654 1598/2213/562 1801/2216/565 1933/2371/661
f 1933/2371/661 1801/2216/565 1628/2181/538 1786/2372/660
f 1800/2368/659 1933/2371/661 1786/2372/660 1627/2369/660
f 1542/2050/433 1717/2222/571 1934/2373/662 1654/2168/531
f 1717/2222/571 1589/2221/570 1802/2374/663 1934/2373/662
f 1934/2373/662 1802/2374/663 1617/2375/664 1775/2376/665
f 1654/2168/531 1934/2373/662 1775/2376/665 1571/2169/532
f 1589/2221/570 1747/2345/643 1935/2377/666 1802/2374/663
f 1747/2345/643 1588/2341/643 1803/2378/666 1935/2377/666
f 1935/2377/666 1803/2378/666 1618/2379/667 1776/2380/667
f 1802/2374/663 1935/2377/666 1776/2380/667 1617/2375/664
f 1588/2341/643 1746/2339/643 1936/2381/666 1803/2378/666
f 1746/2339/643 1587/2209/558 1804/2212/561 1936/2381/666
f 1936/2381/666 1804/2212/561 1619/2195/548 1777/2382/667
f 1803/2378/666 1936/2381/666 1777/2382/667 1618/2379/667
f 1569/2027/410 1769/2383/668 1937/2384/669 1687/2028/411
f 1769/2383/668 1611/2385/670 1805/2386/671 1937/2384/669
f 1937/2384/669 1805/2386/671 1592/2309/625 1718/2307/623
f 1687/2028/411 1937/2384/669 1718/2307/623 1541/2029/412
f 1611/2385/670 1770/2387/672 1938/2388/673 1805/2386/671
f 1770/2387/672 1612/2389/672 1806/2390/673 1938/2388/673
f 1938/2388/673 1806/2390/673 1591/2315/629 1750/2313/629
f 1805/2386/671 1938/2388/673 1750/2313/629 1592/2309/625
f 1612/2389/672 1771/2391/672 1939/2392/673 1806/2390/673
f 1771/2391/672 1613/2204/553 1807/2206/555 1939/2392/673
f 1939/2392/673 1807/2206/555 1590/2208/557 1749/2319/629
f 1806/2390/673 1939/2392/673 1749/2319/629 1591/2315/629
f 1570/2175/537 1772/2393/674 1940/2394/674 1688/2180/537
f 1772/2393/674 1614/2395/675 1808/2396/675 1940/2394/674
f 1940/2394/674 1808/2396/675 1611/2385/670 1769/2383/668
f 1688/2180/537 1940/2394/674 1769/2383/668 1569/2027/410
f 1614/2395/675 1773/2397/676 1941/2398/676 1808/2396/675
f 1773/2397/676 1615/2399/676 1809/2400/676 1941/2398/676
f 1941/2398/676 1809/2400/676 1612/2389/672 1770/2387/672
f 1808/2396/675 1941/2398/676 1770/2387/672 1611/2385/670
f 1615/2399/676 1774/2401/676 1942/2402/676 1809/2400/676
f 1774/2401/676 1616/2200/551 1810/2202/551 1942/2402/676
f 1942/2402/676 1810/2202/551 1613/2204/553 1771/2391/672
f 1809/2400/676 1942/2402/676 1771/2391/672 1612/2389/672
f 1571/2169/532 1775/2376/665 1943/2403/674 1689/2174/537
f 1775/2376/665 1617/2375/664 1811/2404/675 1943/2403/674
f 1943/2403/674 1811/2404/675 1614/2395/675 1772/2393/674
f 1689/2174/537 1943/2403/674 1772/2393/674 1570/2175/537
f 1617/2375/664 1776/2380/667 1944/2405/676 1811/2404/675
f 1776/2380/667 1618/2379/667 1812/2406/676 1944/2405/676
f 1944/2405/676 1812/2406/676 1615/2399/676 1773/2397/676
f 1811/2404/675 1944/2405/676 1773/2397/676 1614/2395/675
f 1618/2379/667 1777/2382/667 1945/2407/676 1812/2406/676
f 1777/2382/667 1619/2195/548 1813/2198/551 1945/2407/676
f 1945/2407/676 1813/2198/551 1616/2200/551 1774/2401/676
f 1812/2406/676 1945/2407/676 1774/2401/676 1615/2399/676
f 1583/2156/525 1778/2408/677 1946/2409/678 1665/2152/521
f 1778/2408/677 1620/2410/679 1814/2411/680 1946/2409/678
f 1946/2409/678 1814/2411/680 1593/2232/579 1751/2231/578
f 1665/2152/521 1946/2409/678 1751/2231/578 1559/2092/474
f 1620/2410/679 1779/2412/681 1947/2413/682 1814/2411/680
f 1779/2412/681 1621/2414/681 1815/2415/682 1947/2413/682
f 1947/2413/682 1815/2415/682 1594/2330/638 1752/2334/638
f 1814/2411/680 1947/2413/682 1752/2334/638 1593/2232/579
f 1621/2414/681 1780/2416/681 1948/2417/682 1815/2415/682
f 1780/2416/681 1622/2190/543 1816/2192/545 1948/2417/682
f 1948/2417/682 1816/2192/545 1595/2194/547 1753/2331/638
f 1815/2415/682 1948/2417/682 1753/2331/638 1594/2330/638
f 1582/2162/527 1781/2418/683 1949/2419/683 1701/2158/527
f 1781/2418/683 1623/2420/684 1817/2421/684 1949/2419/683
f 1949/2419/683 1817/2421/684 1620/2410/679 1778/2408/677
f 1701/2158/527 1949/2419/683 1778/2408/677 1583/2156/525
f 1623/2420/684 1782/2422/685 1950/2423/685 1817/2421/684
f 1782/2422/685 1624/2424/685 1818/2425/685 1950/2423/685
f 1950/2423/685 1818/2425/685 1621/2414/681 1779/2412/681
f 1817/2421/684 1950/2423/685 1779/2412/681 1620/2410/679
f 1624/2424/685 1783/2426/685 1951/2427/685 1818/2425/685
f 1783/2426/685 1625/2186/541 1819/2188/541 1951/2427/685
f 1951/2427/685 1819/2188/541 1622/2190/543 1780/2416/681
f 1818/2425/685 1951/2427/685 1780/2416/681 1621/2414/681
f 1581/2066/448 1784/2366/658 1952/2428/683 1700/2164/527
f 1784/2366/658 1626/2365/657 1820/2429/684 1952/2428/683
f 1952/2428/683 1820/2429/684 1623/2420/684 1781/2418/683
f 1700/2164/527 1952/2428/683 1781/2418/683 1582/2162/527
f 1626/2365/657 1785/2370/660 1953/2430/685 1820/2429/684
f 1785/2370/660 1627/2369/660 1821/2431/685 1953/2430/685
f 1953/2430/685 1821/2431/685 1624/2424/685 1782/2422/685
f 1820/2429/684 1953/2430/685 1782/2422/685 1623/2420/684
f 1627/2369/660 1786/2372/660 1954/2432/685 1821/2431/685
f 1786/2372/660 1628/2181/538 1822/2184/541 1954/2432/685
f 1954/2432/685 1822/2184/541 1625/2186/541 1783/2426/685
f 1821/2431/685 1954/2432/685 1783/2426/685 1624/2424/685
f 1633/2433/622 1833/2434/621 1955/2435/686 1854/2436/687
f 1833/2434/621 1557/2437/419 1723/2438/642 1955/2435/686
f 1955/2435/686 1723/2438/642 1607/2439/641 1843/2440/688
f 1854/2436/687 1955/2435/686 1843/2440/688 1643/2441/689
f 1643/2441/689 1843/2440/688 1956/2442/690 1853/2443/691
f 1843/2440/688 1607/2439/641 1765/2444/645 1956/2442/690
f 1956/2442/690 1765/2444/645 1606/2445/645 1844/2446/690
f 1853/2443/691 1956/2442/690 1844/2446/690 1644/2447/691
f 1644/2447/691 1844/2446/690 1957/2448/690 1852/2449/691
f 1844/2446/690 1606/2445/645 1764/2450/645 1957/2448/690
f 1957/2448/690 1764/2450/645 1605/2099/481 1845/2096/478
f 1852/2449/691 1957/2448/690 1845/2096/478 1645/2095/477
f 1635/2451/608 1835/2452/692 1958/2453/693 1851/2454/694
f 1835/2452/692 1552/2455/431 1721/2456/628 1958/2453/693
f 1958/2453/693 1721/2456/628 1601/2457/627 1846/2458/695
f 1851/2454/694 1958/2453/693 1846/2458/695 1646/2459/696
f 1646/2459/696 1846/2458/695 1959/2460/697 1850/2461/698
f 1846/2458/695 1601/2457/627 1759/2462/631 1959/2460/697
f 1959/2460/697 1759/2462/631 1600/2463/631 1847/2464/697
f 1850/2461/698 1959/2460/697 1847/2464/697 1647/2465/698
f 1647/2465/698 1847/2464/697 1960/2466/697 1849/2467/698
f 1847/2464/697 1600/2463/631 1758/2468/631 1960/2466/697
f 1960/2466/697 1758/2468/631 1599/2061/444 1848/2058/441
f 1849/2467/698 1960/2466/697 1848/2058/441 1648/2057/440
f 1603/2469/636 1827/2470/699 1961/2471/699 1761/2472/636
f 1827/2470/699 1647/2465/698 1849/2467/698 1961/2471/699
f 1961/2471/699 1849/2467/698 1648/2057/440 1828/2473/700
f 1761/2472/636 1961/2471/699 1828/2473/700 1602/2474/574
f 1604/2475/634 1826/2476/701 1962/2477/699 1762/2478/636
f 1826/2476/701 1646/2459/696 1850/2461/698 1962/2477/699
f 1962/2477/699 1850/2461/698 1647/2465/698 1827/2470/699
f 1762/2478/636 1962/2477/699 1827/2470/699 1603/2469/636
f 1561/2479/485 1737/2480/609 1963/2481/702 1722/2482/632
f 1737/2480/609 1635/2451/608 1851/2454/694 1963/2481/702
f 1963/2481/702 1851/2454/694 1646/2459/696 1826/2476/701
f 1722/2482/632 1963/2481/702 1826/2476/701 1604/2475/634
f 1609/2483/652 1824/2484/703 1964/2485/703 1767/2486/652
f 1824/2484/703 1644/2447/691 1852/2449/691 1964/2485/703
f 1964/2485/703 1852/2449/691 1645/2095/477 1825/2487/704
f 1767/2486/652 1964/2485/703 1825/2487/704 1608/2488/566
f 1610/2489/648 1823/2490/705 1965/2491/703 1768/2492/652
f 1823/2490/705 1643/2441/689 1853/2443/691 1965/2491/703
f 1965/2491/703 1853/2443/691 1644/2447/691 1824/2484/703
f 1768/2492/652 1965/2491/703 1824/2484/703 1609/2483/652
f 1545/2493/457 1735/2494/706 1966/2495/707 1724/2496/646
f 1735/2494/706 1633/2433/622 1854/2436/687 1966/2495/707
f 1966/2495/707 1854/2436/687 1643/2441/689 1823/2490/705
f 1724/2496/646 1966/2495/707 1823/2490/705 1610/2489/648
f 1546/2072/454 1829/2497/708 1967/2498/709 1662/2499/460
f 1829/2497/708 1629/2300/618 1855/2302/620 1967/2498/709
f 1967/2498/709 1855/2302/620 1633/2306/622 1735/2500/706
f 1662/2499/460 1967/2498/709 1735/2500/706 1545/2501/457
f 1578/2070/452 1744/2502/710 1968/2503/711 1696/2071/453
f 1744/2502/710 1642/2245/585 1856/2296/616 1968/2503/711
f 1968/2503/711 1856/2296/616 1629/2300/618 1829/2497/708
f 1696/2071/453 1968/2503/711 1829/2497/708 1546/2072/454
f 1551/2504/476 1736/2505/712 1969/2506/713 1675/2507/473
f 1736/2505/712 1634/2289/447 1857/2292/614 1969/2506/713
f 1969/2506/713 1857/2292/614 1631/2252/588 1831/2508/714
f 1675/2507/473 1969/2506/713 1831/2508/714 1548/2088/470
f 1552/2509/431 1835/2510/692 1970/2511/715 1652/2512/432
f 1835/2510/692 1635/2282/608 1858/2285/611 1970/2511/715
f 1970/2511/715 1858/2285/611 1630/2275/605 1830/2274/604
f 1652/2512/432 1970/2511/715 1830/2274/604 1543/2031/414
f 1556/2513/495 1738/2514/716 1971/2515/717 1677/2516/492
f 1738/2514/716 1636/2276/484 1859/2279/607 1971/2515/717
f 1971/2515/717 1859/2279/607 1632/2268/598 1734/2517/718
f 1677/2516/492 1971/2515/717 1734/2517/718 1554/2108/489
f 1575/2083/465 1741/2518/719 1972/2519/720 1693/2084/466
f 1741/2518/719 1639/2263/595 1860/2273/603 1972/2519/720
f 1972/2519/720 1860/2273/603 1630/2275/605 1732/2288/612
f 1693/2084/466 1972/2519/720 1732/2288/612 1553/2085/467
f 1554/2108/489 1734/2517/718 1973/2520/721 1663/2138/513
f 1734/2517/718 1632/2268/598 1861/2271/601 1973/2520/721
f 1973/2520/721 1861/2271/601 1637/2264/596 1739/2521/722
f 1663/2138/513 1973/2520/721 1739/2521/722 1577/2139/514
f 1577/2139/514 1739/2521/722 1974/2522/723 1695/2144/519
f 1739/2521/722 1637/2264/596 1862/2267/592 1974/2522/723
f 1974/2522/723 1862/2267/592 1638/2258/592 1740/2523/723
f 1695/2144/519 1974/2522/723 1740/2523/723 1576/2145/519
f 1576/2145/519 1740/2523/723 1975/2524/723 1694/2150/519
f 1740/2523/723 1638/2258/592 1863/2261/592 1975/2524/723
f 1975/2524/723 1863/2261/592 1639/2263/595 1741/2518/719
f 1694/2150/519 1975/2524/723 1741/2518/719 1575/2083/465
f 1548/2088/470 1831/2508/714 1976/2525/724 1664/2153/522
f 1831/2508/714 1631/2252/588 1864/2255/591 1976/2525/724
f 1976/2525/724 1864/2255/591 1640/2246/586 1742/2526/725
f 1664/2153/522 1976/2525/724 1742/2526/725 1580/2154/523
f 1580/2154/523 1742/2526/725 1977/2527/726 1698/2159/528
f 1742/2526/725 1640/2246/586 1865/2249/582 1977/2527/726
f 1977/2527/726 1865/2249/582 1641/2237/582 1743/2528/726
f 1698/2159/528 1977/2527/726 1743/2528/726 1579/2160/528
f 1579/2160/528 1743/2528/726 1978/2529/726 1697/2165/528
f 1743/2528/726 1641/2237/582 1866/2240/582 1978/2529/726
f 1978/2529/726 1866/2240/582 1642/2245/585 1744/2502/710
f 1697/2165/528 1978/2529/726 1744/2502/710 1578/2070/452
f 1608/2488/566 1825/2487/704 1979/2530/727 1766/2531/567
f 1825/2487/704 1645/2095/477 1867/2098/480 1979/2530/727
f 1979/2530/727 1867/2098/480 1636/2103/484 1738/2532/716
f 1766/2531/567 1979/2530/727 1738/2532/716 1556/2533/495
f 1602/2474/574 1828/2473/700 1980/2534/728 1760/2535/575
f 1828/2473/700 1648/2057/440 1868/2060/443 1980/2534/728
f 1980/2534/728 1868/2060/443 1634/2065/447 1736/2536/712
f 1760/2535/575 1980/2534/728 1736/2536/712 1551/2537/476
g Right_Arm_Right_Arm
v 1.091621 3.866712 0.480741
v 1.091621 2.133286 0.480740
v 1.908380 2.133286 0.480740
v 1.908380 3.866712 0.480740
v 1.980741 2.133286 0.408379
v 1.980741 3.866712 0.408379
v 1.091620 3.980740 -0.408380
v 1.019259 3.866712 -0.408380
v 1.019260 3.866712 0.408380
v 1.019259 2.133286 -0.408380
v 1.019260 2.133286 0.408379
v 1.091621 2.019258 0.408379
v 1.091620 2.019258 -0.408380
v 1.908380 2.019258 0.408379
v 1.980740 2.133286 -0.408381
v 1.980740 3.866712 -0.408380
v 1.908380 3.980739 0.408379
v 1.908379 3.980740 -0.408380
v 1.091621 3.980739 0.408380
v 1.091620 3.866712 -0.480741
v 1.091620 2.133286 -0.480741
v 1.908379 2.133286 -0.480742
v 1.908379 2.019258 -0.408381
v 1.908379 3.866712 -0.480741
v 1.090417 3.467499 0.489167
v 1.090417 2.999999 0.489166
v 1.090417 2.532499 0.489166
v 1.010834 3.467499 0.409583
v 1.010834 2.999999 0.409583
v 1.010834 2.532499 0.409583
v 1.909584 2.532499 0.489166
v 1.909584 2.999999 0.489166
v 1.909584 3.467499 0.489166
v 1.989167 2.532499 0.409582
v 1.989167 2.999999 0.409583
v 1.989167 3.467499 0.409583
v 1.989166 2.532499 -0.409584
v 1.989166 2.999999 -0.409584
v 1.989166 3.467499 -0.409584
v 1.010833 3.467499 -0.409583
v 1.010833 2.999999 -0.409584
v 1.010833 2.532499 -0.409584
v 1.090416 3.467499 -0.489167
v 1.090416 2.999999 -0.489167
v 1.090416 2.532499 -0.489167
v 1.909583 2.532499 -0.489168
v 1.909583 2.999999 -0.489167
v 1.909583 3.467499 -0.489167
v 1.282500 3.867915 0.489167
v 1.500000 3.867915 0.489166
v 1.717500 3.867915 0.489166
v 1.282500 2.132082 0.489166
v 1.500000 2.132082 0.489166
v 1.717500 2.132082 0.489166
v 1.282500 2.132082 -0.489167
v 1.500000 2.132082 -0.489167
v 1.717500 2.132082 -0.489168
v 1.282500 3.867915 -0.489167
v 1.500000 3.867916 -0.489167
v 1.717500 3.867915 -0.489167
v 1.282500 2.010832 0.409583
v 1.500000 2.010832 0.409583
v 1.717500 2.010832 0.409582
v 1.282500 2.010832 -0.409584
v 1.500000 2.010832 -0.409584
v 1.717500 2.010832 -0.409584
v 1.717500 3.989165 0.409583
v 1.500000 3.989165 0.409583
v 1.282500 3.989165 0.409583
v 1.717500 3.989166 -0.409584
v 1.500000 3.989166 -0.409584
v 1.282500 3.989166 -0.409584
v 1.717500 2.532499 0.499999
v 1.500000 2.532499 0.499999
v 1.282500 2.532499 0.499999
v 1.717500 2.999999 0.499999
v 1.500000 2.999999 0.499999
v 1.282500 2.999999 0.500000
v 1.717500 3.467499 0.499999
v 1.500000 3.467499 0.500000
v 1.282500 3.467499 0.500000
v 1.282500 2.532499 -0.500000
v 1.500000 2.532499 -0.500001
v 1.717500 2.532499 -0.500001
v 1.282500 2.999999 -0.500000
v 1.500000 2.999999 -0.500000
v 1.717500 2.999999 -0.500001
v 1.282500 3.467499 -0.500000
v 1.500000 3.467499 -0.500000
v 1.717500 3.467499 -0.500000
v 1.010833 3.867916 -0.217500
v 1.010833 3.867915 0.000000
v 1.010834 3.867915 0.217500
v 1.989167 2.132082 0.217499
v 1.989167 2.132082 -0.000001
v 1.989167 2.132082 -0.217501
v 1.010833 2.132082 -0.217500
v 1.010833 2.132082 -0.000000
v 1.010834 2.132082 0.217500
v 1.989167 3.867915 0.217499
v 1.989167 3.867915 -0.000001
v 1.989167 3.867915 -0.217501
v 1.090417 3.989165 0.217500
v 1.090417 3.989165 0.000000
v 1.090416 3.989166 -0.217500
v 1.090417 2.010832 0.217500
v 1.090417 2.010833 -0.000001
v 1.090417 2.010833 -0.217501
v 1.909583 2.010832 0.217499
v 1.909583 2.010833 -0.000001
v 1.909583 2.010833 -0.217501
v 1.909584 3.989165 0.217500
v 1.909583 3.989165 -0.000000
v 1.909583 3.989166 -0.217501
v 2.000000 3.467499 0.217499
v 2.000000 3.467499 -0.000001
v 2.000000 3.467499 -0.217501
v 2.000000 2.999999 0.217499
v 2.000000 2.999999 -0.000001
v 2.000000 2.999999 -0.217501
v 2.000000 2.532499 0.217499
v 2.000000 2.532499 -0.000001
v 2.000000 2.532499 -0.217501
v 1.000000 2.532499 0.217500
v 1.000000 2.532499 -0.000000
v 1.000000 2.532499 -0.217500
v 1.000000 2.999999 0.217500
v 1.000000 2.999999 -0.000000
v 1.000000 2.999999 -0.217500
v 1.000000 3.467499 0.217500
v 1.000000 3.467499 -0.000000
v 1.000000 3.467499 -0.217500
v 1.717500 1.999999 0.217499
v 1.717500 1.999999 -0.000001
v 1.717500 1.999999 -0.217501
v 1.500000 1.999999 0.217499
v 1.500000 1.999999 -0.000001
v 1.500000 1.999999 -0.217501
v 1.282500 1.999999 0.217499
v 1.282500 1.999999 -0.000001
v 1.282500 1.999999 -0.217501
v 1.282500 3.999999 0.217500
v 1.282500 3.999999 -0.000000
v 1.282500 3.999999 -0.217500
v 1.500000 3.999999 0.217500
v 1.500000 3.999999 -0.000000
v 1.500000 3.999999 -0.217500
v 1.717500 3.999999 0.217500
v 1.717500 3.999999 -0.000000
v 1.717500 3.999999 -0.217500
v 1.090567 2.307285 0.488113
v 1.958907 2.134791 0.458905
v 1.011887 2.307285 0.409433
v 1.958907 2.046301 0.406874
v 1.958907 3.953696 0.406875
v 1.909433 3.692713 0.488113
v 1.041093 2.134791 -0.458907
v 1.958907 3.865207 0.458906
v 1.988114 3.692713 0.409432
v 1.958906 2.134791 -0.458907
v 1.958906 2.046301 -0.406876
v 1.958906 3.865207 -0.458907
v 1.041093 3.865207 -0.458906
v 1.041093 3.953697 -0.406875
v 1.011887 3.867765 0.322923
v 1.988113 3.692713 -0.409434
v 1.011886 2.307285 -0.409433
v 1.988113 2.132233 -0.322924
v 1.090567 2.307285 -0.488114
v 1.011887 2.132233 0.322922
v 1.988113 3.867765 -0.322923
v 1.041094 2.046301 0.406875
v 1.906875 2.046301 -0.458907
v 1.909433 3.692713 -0.488114
v 1.093125 3.953696 0.458906
v 1.041094 3.865207 0.458906
v 1.093125 2.046301 0.458906
v 1.906875 3.953696 0.458906
v 1.090567 3.988112 -0.322922
v 1.041094 3.953696 0.406875
v 1.090567 2.011886 -0.322923
v 1.909433 2.011886 -0.322924
v 1.909433 3.988112 -0.322923
v 1.093125 3.953697 -0.458906
v 1.041093 2.046301 -0.406876
v 1.041094 2.134791 0.458906
v 1.958906 3.953697 -0.406876
v 1.906875 2.046301 0.458905
v 1.093125 2.046301 -0.458907
v 1.906875 3.953697 -0.458907
v 1.090567 3.692713 0.488113
v 1.090417 3.233749 0.489167
v 1.090417 2.766249 0.489166
v 1.011887 3.692713 0.409433
v 1.010834 3.233749 0.409583
v 1.010834 2.766249 0.409583
v 1.909433 2.307285 0.488112
v 1.909584 2.766249 0.489166
v 1.909584 3.233749 0.489166
v 1.988114 2.307285 0.409432
v 1.989167 2.766249 0.409582
v 1.989167 3.233749 0.409583
v 1.988113 2.307285 -0.409434
v 1.989166 2.766249 -0.409584
v 1.989166 3.233749 -0.409584
v 1.011886 3.692713 -0.409433
v 1.010833 3.233749 -0.409584
v 1.010833 2.766249 -0.409584
v 1.090567 3.692713 -0.488114
v 1.090416 3.233749 -0.489167
v 1.090416 2.766249 -0.489167
v 1.909433 2.307285 -0.488114
v 1.909583 2.766249 -0.489168
v 1.909583 3.233749 -0.489167
v 1.037032 2.532499 0.462968
v 1.037032 2.999999 0.462969
v 1.037032 3.467499 0.462969
v 1.962968 3.467499 -0.462970
v 1.962968 2.999999 -0.462970
v 1.962968 2.532499 -0.462970
v 1.037031 2.532499 -0.462969
v 1.037031 2.999999 -0.462969
v 1.037031 3.467499 -0.462969
v 1.998646 3.467499 -0.323074
v 1.998646 2.999999 -0.323074
v 1.998646 2.532499 -0.323074
v 1.001354 2.532499 -0.323073
v 1.001354 2.999999 -0.323073
v 1.001354 3.467499 -0.323073
v 1.962969 3.467499 0.462968
v 1.962969 2.999999 0.462968
v 1.962969 2.532499 0.462968
v 1.822923 3.867765 0.488113
v 1.822923 2.132233 0.488112
v 1.822922 2.132233 -0.488114
v 1.822922 3.867765 -0.488114
v 1.822923 2.011886 0.409432
v 1.822922 2.011886 -0.409434
v 1.177078 3.988112 0.409433
v 1.177077 3.988112 -0.409433
v 1.176927 2.532499 0.498645
v 1.176927 2.999999 0.498646
v 1.176927 3.467499 0.498646
v 1.823073 2.532499 -0.498647
v 1.823073 2.999999 -0.498647
v 1.823073 3.467499 -0.498646
v 1.177078 3.867765 0.488113
v 1.391250 3.867915 0.489167
v 1.608750 3.867915 0.489166
v 1.177078 2.132233 0.488113
v 1.391250 2.132082 0.489166
v 1.608750 2.132082 0.489166
v 1.177077 2.132233 -0.488114
v 1.391250 2.132082 -0.489167
v 1.608750 2.132082 -0.489168
v 1.177077 3.867765 -0.488114
v 1.391250 3.867916 -0.489167
v 1.608750 3.867916 -0.489167
v 1.177078 2.011886 0.409432
v 1.391250 2.010832 0.409583
v 1.608750 2.010832 0.409583
v 1.177077 2.011886 -0.409434
v 1.391250 2.010832 -0.409584
v 1.608750 2.010832 -0.409584
v 1.822923 3.988111 0.409432
v 1.608750 3.989165 0.409583
v 1.391250 3.989165 0.409583
v 1.822922 3.988112 -0.409433
v 1.608750 3.989166 -0.409584
v 1.391250 3.989166 -0.409584
v 1.823073 2.532499 0.498645
v 1.608750 2.532499 0.499999
v 1.391250 2.532499 0.499999
v 1.823073 2.999999 0.498645
v 1.608750 2.999999 0.499999
v 1.391250 2.999999 0.500000
v 1.823073 3.467499 0.498645
v 1.608750 3.467499 0.500000
v 1.391250 3.467499 0.500000
v 1.176927 2.532499 -0.498646
v 1.391250 2.532499 -0.500001
v 1.608750 2.532499 -0.500001
v 1.176927 2.999999 -0.498646
v 1.391250 2.999999 -0.500000
v 1.608750 2.999999 -0.500001
v 1.176927 3.467499 -0.498646
v 1.391250 3.467499 -0.500000
v 1.608750 3.467499 -0.500000
v 1.282500 3.957759 -0.462969
v 1.500000 3.957759 -0.462969
v 1.717500 3.957759 -0.462969
v 1.717500 2.042239 0.462968
v 1.500000 2.042239 0.462968
v 1.282500 2.042239 0.462968
v 1.717500 2.001353 -0.323074
v 1.500000 2.001353 -0.323074
v 1.282500 2.001353 -0.323074
v 1.282500 3.998645 -0.323073
v 1.500000 3.998645 -0.323073
v 1.717500 3.998645 -0.323073
v 1.717500 2.042239 -0.462970
v 1.500000 2.042239 -0.462970
v 1.282500 2.042239 -0.462969
v 1.282500 3.957759 0.462969
v 1.500000 3.957759 0.462969
v 1.717500 3.957759 0.462968
v 1.282500 3.692863 -0.498646
v 1.500000 3.692863 -0.498646
v 1.717500 3.692863 -0.498646
v 1.717500 3.692863 0.498645
v 1.500000 3.692863 0.498646
v 1.282500 3.692863 0.498646
v 1.717500 2.307134 0.498645
v 1.500000 2.307134 0.498645
v 1.282500 2.307134 0.498645
v 1.717500 2.766249 0.499999
v 1.500000 2.766249 0.499999
v 1.282500 2.766249 0.500000
v 1.717500 3.233749 0.499999
v 1.500000 3.233749 0.500000
v 1.282500 3.233749 0.500000
v 1.282500 2.307135 -0.498646
v 1.500000 2.307135 -0.498647
v 1.717500 2.307135 -0.498647
v 1.282500 2.766249 -0.500000
v 1.500000 2.766249 -0.500001
v 1.717500 2.766249 -0.500001
v 1.282500 3.233749 -0.500000
v 1.500000 3.233749 -0.500000
v 1.717500 3.233749 -0.500001
v 1.011886 3.867765 -0.322922
v 1.010833 3.867916 -0.108750
v 1.010833 3.867915 0.108750
v 1.988114 2.132233 0.322921
v 1.989167 2.132082 0.108749
v 1.989167 2.132082 -0.108751
v 1.011886 2.132233 -0.322923
v 1.010833 2.132082 -0.108750
v 1.010833 2.132082 0.108750
v 1.988114 3.867765 0.322922
v 1.989167 3.867915 0.108749
v 1.989167 3.867916 -0.108751
v 1.090567 3.988112 0.322923
v 1.090417 3.989165 0.108750
v 1.090417 3.989166 -0.108750
v 1.090567 2.011886 0.322922
v 1.090417 2.010832 0.108750
v 1.090417 2.010833 -0.108751
v 1.909433 2.011886 0.322921
v 1.909583 2.010832 0.108749
v 1.909583 2.010833 -0.108751
v 1.909433 3.988112 0.322922
v 1.909583 3.989165 0.108750
v 1.909583 3.989166 -0.108751
v 1.998646 3.467499 0.323072
v 2.000000 3.467499 0.108749
v 2.000000 3.467499 -0.108751
v 1.998646 2.999999 0.323072
v 2.000000 2.999999 0.108749
v 2.000000 2.999999 -0.108751
v 1.998646 2.532499 0.323072
v 2.000000 2.532499 0.108749
v 2.000000 2.532499 -0.108751
v 1.001354 2.532499 0.323073
v 1.000000 2.532499 0.108750
v 1.000000 2.532499 -0.108750
v 1.001354 2.999999 0.323073
v 1.000000 2.999999 0.108750
v 1.000000 2.999999 -0.108750
v 1.001354 3.467499 0.323073
v 1.000000 3.467499 0.108750
v 1.000000 3.467499 -0.108750
v 1.717500 2.001353 0.323072
v 1.717500 1.999999 0.108749
v 1.717500 1.999999 -0.108751
v 1.500000 2.001353 0.323072
v 1.500000 1.999999 0.108749
v 1.500000 1.999999 -0.108751
v 1.282500 2.001353 0.323072
v 1.282500 1.999999 0.108749
v 1.282500 1.999999 -0.108751
v 1.282500 3.998644 0.323073
v 1.282500 3.999999 0.108750
v 1.282500 3.999999 -0.108750
v 1.500000 3.998644 0.323073
v 1.500000 3.999999 0.108750
v 1.500000 3.999999 -0.108750
v 1.717500 3.998644 0.323073
v 1.717500 3.999999 0.108750
v 1.717500 3.999999 -0.108750
v 1.608750 3.999999 0.217500
v 1.608750 3.999999 -0.000000
v 1.608750 3.999999 -0.217500
v 1.391250 3.999999 0.217500
v 1.391250 3.999999 -0.000000
v 1.391250 3.999999 -0.217500
v 1.176927 3.998644 0.217500
v 1.176927 3.998645 -0.000000
v 1.176927 3.998645 -0.217500
v 1.391250 1.999999 0.217499
v 1.391250 1.999999 -0.000001
v 1.391250 1.999999 -0.217501
v 1.608750 1.999999 0.217499
v 1.608750 1.999999 -0.000001
v 1.608750 1.999999 -0.217501
v 1.823073 2.001353 0.217499
v 1.823073 2.001353 -0.000001
v 1.823073 2.001353 -0.217501
v 1.176927 2.001353 0.217499
v 1.176927 2.001353 -0.000001
v 1.176927 2.001354 -0.217501
v 1.823073 3.998644 0.217500
v 1.823073 3.998645 -0.000000
v 1.823073 3.998645 -0.217500
v 1.000000 3.233749 -0.217500
v 1.000000 3.233749 -0.000000
v 1.000000 3.233749 0.217500
v 1.000000 2.766249 -0.217500
v 1.000000 2.766249 -0.000000
v 1.000000 2.766249 0.217500
v 1.001354 2.307135 -0.217500
v 1.001354 2.307134 -0.000000
v 1.001354 2.307134 0.217500
v 2.000000 2.766249 -0.217501
v 2.000000 2.766249 -0.000001
v 2.000000 2.766249 0.217499
v 2.000000 3.233749 -0.217501
v 2.000000 3.233749 -0.000001
v 2.000000 3.233749 0.217499
v 1.998646 3.692863 -0.217501
v 1.998646 3.692863 -0.000001
v 1.998646 3.692863 0.217499
v 1.037031 3.957759 -0.217500
v 1.037031 3.957759 0.000000
v 1.037031 3.957759 0.217500
v 1.998646 2.307135 -0.217501
v 1.998646 2.307135 -0.000001
v 1.998646 2.307134 0.217499
v 1.962969 2.042239 0.217499
v 1.962969 2.042239 -0.000001
v 1.962969 2.042239 -0.217501
v 1.037031 2.042239 -0.217500
v 1.037031 2.042239 -0.000000
v 1.037031 2.042239 0.217500
v 1.001354 3.692863 -0.217500
v 1.001354 3.692863 0.000000
v 1.001354 3.692863 0.217500
v 1.962969 3.957759 -0.217501
v 1.962969 3.957759 -0.000001
v 1.962969 3.957759 0.217499
v 1.962461 2.307473 0.462460
v 1.050131 3.942056 0.449870
v 1.962461 3.957251 0.322734
v 1.050131 2.057942 0.449869
v 1.949870 2.057942 0.449869
v 1.002671 3.692844 0.323054
v 1.949870 3.942056 0.449869
v 1.037539 2.042747 0.322734
v 1.962461 2.042747 -0.322735
v 1.997329 2.307153 0.323053
v 1.037539 3.692525 -0.462461
v 1.037539 3.957251 0.322734
v 1.050130 3.942056 -0.449870
v 1.962461 2.307473 -0.462462
v 1.050130 2.057942 -0.449870
v 1.949869 2.057942 -0.449871
v 1.949869 3.942056 -0.449870
v 1.037539 3.692525 0.462461
v 1.037539 2.307473 0.462461
v 1.037032 2.766249 0.462969
v 1.037032 3.233749 0.462969
v 1.962461 3.692525 -0.462462
v 1.962968 3.233749 -0.462970
v 1.962968 2.766249 -0.462970
v 1.037539 2.307473 -0.462461
v 1.037031 2.766249 -0.462969
v 1.037031 3.233749 -0.462969
v 1.997329 3.692844 0.323054
v 1.998646 3.233749 0.323072
v 1.998646 2.766249 0.323072
v 1.002671 2.307153 0.323054
v 1.001354 2.766249 0.323073
v 1.001354 3.233749 0.323073
v 1.962461 3.692525 0.462460
v 1.962969 3.233749 0.462968
v 1.962969 2.766249 0.462968
v 1.823073 3.233749 -0.498646
v 1.823073 2.766249 -0.498647
v 1.823054 2.307153 -0.497330
v 1.176927 3.233749 0.498646
v 1.176927 2.766249 0.498646
v 1.176946 2.307153 0.497329
v 1.176946 3.692844 0.497329
v 1.823054 3.692845 -0.497330
v 1.822735 3.957251 0.462461
v 1.177265 2.042747 -0.462462
v 1.823054 3.997328 -0.323055
v 1.176946 2.002670 -0.323055
v 1.177266 2.042747 0.462460
v 1.822734 3.957251 -0.462461
v 1.177265 3.957251 -0.462461
v 1.391250 3.957759 -0.462969
v 1.608750 3.957759 -0.462969
v 1.822735 2.042747 0.462460
v 1.608750 2.042239 0.462968
v 1.391250 2.042239 0.462968
v 1.823054 2.002670 -0.323055
v 1.608750 2.001353 -0.323074
v 1.391250 2.001353 -0.323074
v 1.176946 3.997328 -0.323054
v 1.391250 3.998645 -0.323073
v 1.608750 3.998645 -0.323073
v 1.822734 2.042747 -0.462462
v 1.608750 2.042239 -0.462970
v 1.391250 2.042239 -0.462970
v 1.177266 3.957251 0.462461
v 1.391250 3.957759 0.462969
v 1.608750 3.957759 0.462968
v 1.176946 3.692845 -0.497329
v 1.391250 3.692863 -0.498646
v 1.608750 3.692863 -0.498646
v 1.823054 3.692844 0.497329
v 1.608750 3.692863 0.498645
v 1.391250 3.692863 0.498646
v 1.823054 2.307153 0.497328
v 1.608750 2.307134 0.498645
v 1.391250 2.307134 0.498645
v 1.823073 2.766249 0.498645
v 1.608750 2.766249 0.499999
v 1.391250 2.766249 0.500000
v 1.823073 3.233749 0.498645
v 1.608750 3.233749 0.500000
v 1.391250 3.233749 0.500000
v 1.176946 2.307153 -0.497330
v 1.391250 2.307134 -0.498646
v 1.608750 2.307134 -0.498647
v 1.176927 2.766249 -0.498646
v 1.391250 2.766249 -0.500001
v 1.608750 2.766249 -0.500001
v 1.176927 3.233749 -0.498646
v 1.391250 3.233749 -0.500000
v 1.608750 3.233749 -0.500000
v 1.608750 3.998644 0.323073
v 1.608750 3.999999 0.108750
v 1.608750 3.999999 -0.108750
v 1.391250 3.998644 0.323073
v 1.391250 3.999999 0.108750
v 1.391250 3.999999 -0.108750
v 1.176946 3.997328 0.323054
v 1.176927 3.998645 0.108750
v 1.176927 3.998645 -0.108750
v 1.391250 2.001353 0.323072
v 1.391250 1.999999 0.108749
v 1.391250 1.999999 -0.108751
v 1.608750 2.001353 0.323072
v 1.608750 1.999999 0.108749
v 1.608750 1.999999 -0.108751
v 1.823054 2.002670 0.323053
v 1.823073 2.001353 0.108749
v 1.823073 2.001353 -0.108751
v 1.176946 2.002670 0.323054
v 1.176927 2.001353 0.108749
v 1.176927 2.001353 -0.108751
v 1.823054 3.997328 0.323054
v 1.823073 3.998644 0.108750
v 1.823073 3.998645 -0.108750
v 1.001354 3.233749 -0.323073
v 1.000000 3.233749 -0.108750
v 1.000000 3.233749 0.108750
v 1.001354 2.766249 -0.323073
v 1.000000 2.766249 -0.108750
v 1.000000 2.766249 0.108750
v 1.002671 2.307153 -0.323055
v 1.001354 2.307135 -0.108750
v 1.001354 2.307134 0.108750
v 1.998646 2.766249 -0.323074
v 2.000000 2.766249 -0.108751
v 2.000000 2.766249 0.108749
v 1.998646 3.233749 -0.323074
v 2.000000 3.233749 -0.108751
v 2.000000 3.233749 0.108749
v 1.997329 3.692845 -0.323055
v 1.998646 3.692863 -0.108751
v 1.998646 3.692863 0.108749
v 1.037539 3.957252 -0.322734
v 1.037031 3.957759 -0.108750
v 1.037031 3.957759 0.108750
v 1.997329 2.307153 -0.323055
v 1.998646 2.307135 -0.108751
v 1.998646 2.307134 0.108749
v 1.962461 2.042747 0.322733
v 1.962969 2.042239 0.108749
v 1.962969 2.042239 -0.108751
v 1.037539 2.042747 -0.322735
v 1.037031 2.042239 -0.108750
v 1.037031 2.042239 0.108750
v 1.002671 3.692845 -0.323054
v 1.001354 3.692863 -0.108750
v 1.001354 3.692863 0.108750
v 1.962461 3.957252 -0.322735
v 1.962969 3.957759 -0.108751
v 1.962969 3.957759 0.108749
vn 0.9693 -0.0023 0.2460
vn 0.7071 -0.0020 0.7071
vn 0.7070 -0.0177 0.7070
vn 0.9713 -0.0212 0.2369
vn 0.2460 -0.0023 0.9693
vn 0.2369 -0.0212 0.9713
vn 0.2063 -0.1070 0.9726
vn 0.7044 -0.0880 0.7044
vn 0.9726 -0.1070 0.2063
vn -0.2063 0.1070 0.9726
vn -0.1834 0.5273 0.8297
vn -0.6492 0.3963 0.6492
vn -0.7044 0.0880 0.7044
vn -0.2336 0.9439 0.2336
vn -0.8297 0.5273 0.1834
vn -0.9726 0.1070 0.2063
vn 0.2794 0.9602 0.0050
vn 0.2702 0.9618 0.0444
vn 0.8377 0.5449 0.0376
vn 0.8362 0.5484 0.0042
vn 0.2336 0.9439 0.2336
vn 0.8297 0.5273 0.1834
vn 0.9726 0.1070 0.2063
vn 0.9909 0.1269 0.0448
vn 0.9911 0.1328 0.0050
vn -0.2063 -0.1070 0.9726
vn -0.7044 -0.0880 0.7044
vn -0.6492 -0.3963 0.6492
vn -0.1834 -0.5273 0.8297
vn -0.9726 -0.1070 0.2063
vn -0.8297 -0.5273 0.1834
vn -0.2336 -0.9439 0.2336
vn 0.1834 -0.5273 0.8297
vn 0.6492 -0.3963 0.6492
vn 0.2336 -0.9439 0.2336
vn 0.8297 -0.5273 0.1834
vn -1.0000 0.0030 0.0064
vn -0.9984 0.0028 0.0559
vn -0.9983 0.0253 0.0529
vn -0.9996 0.0268 0.0059
vn -0.9693 0.0023 0.2460
vn -0.9713 0.0212 0.2369
vn -0.9909 0.1269 0.0448
vn -0.9911 0.1328 0.0049
vn 0.2063 0.1070 0.9726
vn 0.7044 0.0880 0.7044
vn 0.6492 0.3963 0.6492
vn 0.1834 0.5273 0.8297
vn -0.2794 -0.9602 0.0050
vn -0.2702 -0.9618 0.0444
vn -0.8377 -0.5449 0.0376
vn -0.8362 -0.5484 0.0042
vn -0.9909 -0.1269 0.0448
vn -0.9911 -0.1328 0.0050
vn 0.2794 -0.9602 -0.0050
vn 0.2702 -0.9618 -0.0444
vn 0.8377 -0.5449 -0.0376
vn 0.8362 -0.5484 -0.0042
vn 0.2336 -0.9439 -0.2336
vn 0.8297 -0.5273 -0.1834
vn 0.9726 -0.1070 -0.2063
vn 0.9909 -0.1269 -0.0448
vn 0.9911 -0.1328 -0.0050
vn 1.0000 -0.0030 0.0064
vn 0.9984 -0.0028 0.0559
vn 0.9983 -0.0253 0.0529
vn 0.9996 -0.0269 0.0059
vn 0.9909 -0.1269 0.0448
vn 0.9911 -0.1328 0.0049
vn -0.2460 0.0023 -0.9693
vn -0.7071 0.0020 -0.7071
vn -0.7070 0.0178 -0.7070
vn -0.2369 0.0212 -0.9713
vn -0.9693 0.0023 -0.2460
vn -0.9713 0.0212 -0.2369
vn -0.9726 0.1070 -0.2063
vn -0.7044 0.0880 -0.7044
vn -0.2063 0.1070 -0.9726
vn -0.8377 0.5449 0.0376
vn -0.8362 0.5484 0.0044
vn -0.2702 0.9618 0.0444
vn -0.2794 0.9602 0.0050
vn -0.2336 0.9439 -0.2336
vn -0.1834 0.5273 -0.8297
vn -0.6492 0.3963 -0.6492
vn -0.8297 0.5273 -0.1834
vn 0.2460 -0.0023 -0.9693
vn 0.7071 -0.0020 -0.7071
vn 0.7070 -0.0177 -0.7070
vn 0.2369 -0.0212 -0.9713
vn 0.9693 -0.0023 -0.2460
vn 0.9713 -0.0212 -0.2369
vn 0.7044 -0.0880 -0.7044
vn 0.2063 -0.1070 -0.9726
vn -0.9726 -0.1070 -0.2063
vn -0.7044 -0.0880 -0.7044
vn -0.6492 -0.3963 -0.6492
vn -0.8297 -0.5273 -0.1834
vn -0.2063 -0.1070 -0.9726
vn -0.1834 -0.5273 -0.8297
vn -0.2336 -0.9439 -0.2336
vn 0.1834 -0.5273 -0.8297
vn 0.6492 -0.3963 -0.6492
vn 0.9726 0.1070 -0.2063
vn 0.7044 0.0880 -0.7044
vn 0.6492 0.3963 -0.6492
vn 0.8297 0.5273 -0.1834
vn 0.2063 0.1070 -0.9726
vn 0.1834 0.5273 -0.8297
vn 0.2336 0.9439 -0.2336
vn -0.7071 0.0020 0.7071
vn -0.7070 0.0177 0.7070
vn -0.2460 0.0023 0.9693
vn -0.2369 0.0212 0.9713
vn -0.7070 -0.0178 0.7070
vn -0.9713 -0.0212 0.2369
vn -0.2369 -0.0212 0.9713
vn -0.2460 -0.0023 0.9693
vn -0.7071 -0.0020 0.7071
vn -0.9693 -0.0023 0.2460
vn -0.7071 -0.0000 0.7071
vn -0.9690 -0.0000 0.2471
vn -0.2471 -0.0000 0.9690
vn 0.7070 0.0177 -0.7070
vn 0.2369 0.0212 -0.9713
vn 0.9713 0.0212 -0.2369
vn 0.9693 0.0023 -0.2460
vn 0.7071 0.0020 -0.7071
vn 0.2460 0.0023 -0.9693
vn 0.7071 -0.0000 -0.7071
vn 0.2471 -0.0000 -0.9690
vn 0.9690 -0.0000 -0.2471
vn -0.7070 -0.0177 -0.7070
vn -0.2369 -0.0212 -0.9713
vn -0.9713 -0.0212 -0.2369
vn -0.9693 -0.0023 -0.2460
vn -0.7071 -0.0020 -0.7071
vn -0.2460 -0.0023 -0.9693
vn -0.7071 -0.0000 -0.7071
vn -0.2471 -0.0000 -0.9690
vn -0.9690 -0.0000 -0.2472
vn 0.9983 0.0253 0.0529
vn 0.9996 0.0268 0.0059
vn 0.9713 0.0212 0.2369
vn 0.9693 0.0023 0.2460
vn 0.9984 0.0028 0.0559
vn 1.0000 0.0030 0.0064
vn 0.9984 -0.0000 0.0563
vn 1.0000 -0.0000 0.0064
vn 0.9690 -0.0000 0.2471
vn -0.9983 -0.0253 0.0529
vn -0.9996 -0.0268 0.0059
vn -0.9984 -0.0028 0.0559
vn -1.0000 -0.0030 0.0064
vn -0.9984 -0.0000 0.0563
vn -1.0000 -0.0000 0.0064
vn 0.7070 0.0177 0.7070
vn 0.2369 0.0212 0.9713
vn 0.2460 0.0023 0.9693
vn 0.7071 0.0020 0.7071
vn 0.7071 -0.0000 0.7071
vn 0.2471 -0.0000 0.9690
vn 0.2472 -0.0000 0.9690
vn 0.0064 0.0030 -1.0000
vn 0.0559 0.0028 -0.9984
vn 0.0563 -0.0000 -0.9984
vn 0.0064 -0.0000 -1.0000
vn 0.0559 -0.0028 -0.9984
vn 0.0064 -0.0030 -1.0000
vn 0.0529 -0.0253 -0.9983
vn 0.0059 -0.0269 -0.9996
vn 0.0448 -0.1269 -0.9909
vn 0.0049 -0.1328 -0.9911
vn -0.0064 0.0030 1.0000
vn -0.0559 0.0028 0.9984
vn -0.0563 -0.0000 0.9984
vn -0.0064 -0.0000 1.0000
vn -0.0559 -0.0028 0.9984
vn -0.0064 -0.0030 1.0000
vn -0.0529 -0.0253 0.9983
vn -0.0059 -0.0269 0.9996
vn -0.0448 -0.1269 0.9909
vn -0.0049 -0.1328 0.9911
vn -0.0050 0.1328 0.9911
vn -0.0448 0.1269 0.9909
vn -0.0529 0.0253 0.9983
vn -0.0059 0.0268 0.9996
vn 0.0050 0.1328 -0.9911
vn 0.0448 0.1269 -0.9909
vn 0.0529 0.0253 -0.9983
vn 0.0059 0.0269 -0.9996
vn 0.0050 0.1328 0.9911
vn 0.0448 0.1269 0.9909
vn 0.0376 0.5449 0.8377
vn 0.0044 0.5484 0.8362
vn 0.0444 0.9618 0.2702
vn 0.0050 0.9602 0.2794
vn -0.0050 -0.9602 -0.2794
vn -0.0444 -0.9618 -0.2702
vn -0.0376 -0.5449 -0.8377
vn -0.0042 -0.5484 -0.8362
vn -0.0448 -0.1269 -0.9909
vn -0.0050 -0.1328 -0.9911
vn 0.0064 1.0000 -0.0064
vn 0.0559 0.9984 -0.0059
vn 0.0529 0.9972 -0.0528
vn 0.0060 0.9984 -0.0560
vn 0.2794 0.9602 -0.0050
vn 0.2702 0.9618 -0.0444
vn 0.0444 0.9618 -0.2702
vn 0.0049 0.9602 -0.2794
vn -0.0064 -1.0000 -0.0064
vn -0.0559 -0.9984 -0.0059
vn -0.0528 -0.9972 -0.0528
vn -0.0060 -0.9984 -0.0560
vn -0.2794 -0.9602 -0.0050
vn -0.2702 -0.9618 -0.0444
vn -0.0376 -0.5449 0.8377
vn -0.0044 -0.5484 0.8362
vn -0.0444 -0.9618 0.2702
vn -0.0050 -0.9602 0.2794
vn 0.0376 0.5449 -0.8377
vn 0.0042 0.5484 -0.8362
vn -0.0444 0.9618 -0.2702
vn -0.0376 0.5449 -0.8377
vn -0.0050 0.9602 -0.2794
vn -0.0042 0.5484 -0.8362
vn -0.0050 0.1328 -0.9911
vn -0.0448 0.1269 -0.9909
vn -0.0000 0.9598 -0.2805
vn -0.0000 0.5487 -0.8360
vn -0.0000 0.1335 -0.9911
vn 0.0448 -0.1269 0.9909
vn 0.0376 -0.5449 0.8377
vn 0.0050 -0.1328 0.9911
vn 0.0042 -0.5484 0.8362
vn 0.0050 -0.9602 0.2794
vn 0.0444 -0.9618 0.2702
vn -0.0000 -0.1335 0.9911
vn -0.0000 -0.5487 0.8360
vn -0.0000 -0.9598 0.2805
vn 0.0559 -0.9984 -0.0059
vn 0.0528 -0.9972 -0.0528
vn 0.0064 -1.0000 -0.0064
vn 0.0059 -0.9984 -0.0560
vn 0.0050 -0.9602 -0.2794
vn 0.0444 -0.9618 -0.2702
vn -0.0000 -1.0000 -0.0064
vn -0.0000 -0.9984 -0.0563
vn -0.0000 -0.9598 -0.2805
vn -0.2794 0.9602 -0.0049
vn -0.0560 0.9984 -0.0059
vn -0.0528 0.9972 -0.0528
vn -0.2702 0.9618 -0.0444
vn -0.0064 1.0000 -0.0064
vn -0.0059 0.9984 -0.0559
vn -0.0000 1.0000 -0.0064
vn -0.0000 0.9984 -0.0563
vn 0.0376 -0.5449 -0.8377
vn 0.0042 -0.5484 -0.8362
vn -0.0000 -0.5487 -0.8360
vn -0.0000 -0.5488 -0.8360
vn -0.0000 -0.1335 -0.9911
vn -0.0376 0.5449 0.8377
vn -0.0042 0.5484 0.8362
vn -0.0050 0.9602 0.2794
vn -0.0444 0.9618 0.2702
vn -0.0000 0.1335 0.9911
vn -0.0000 0.5487 0.8360
vn -0.0000 0.5488 0.8360
vn -0.0000 0.9598 0.2805
vn -0.0529 0.0253 -0.9983
vn -0.0059 0.0268 -0.9996
vn -0.0064 0.0030 -1.0000
vn -0.0559 0.0028 -0.9984
vn -0.0000 0.0271 -0.9996
vn -0.0000 0.0030 -1.0000
vn 0.0529 0.0253 0.9983
vn 0.0059 0.0268 0.9996
vn 0.0064 0.0030 1.0000
vn 0.0559 0.0028 0.9984
vn -0.0000 0.0271 0.9996
vn -0.0000 0.0030 1.0000
vn 0.0559 -0.0028 0.9984
vn 0.0529 -0.0253 0.9983
vn 0.0064 -0.0030 1.0000
vn 0.0059 -0.0268 0.9996
vn -0.0000 -0.0030 1.0000
vn -0.0000 -0.0271 0.9996
vn 0.0563 -0.0000 0.9984
vn 0.0064 -0.0000 1.0000
vn -0.0000 -0.0000 1.0000
vn -0.0559 -0.0028 -0.9984
vn -0.0529 -0.0253 -0.9983
vn -0.0064 -0.0030 -1.0000
vn -0.0059 -0.0269 -0.9996
vn -0.0000 -0.0030 -1.0000
vn -0.0000 -0.0271 -0.9996
vn -0.0000 -0.0270 -0.9996
vn -0.0563 -0.0000 -0.9984
vn -0.0064 -0.0000 -1.0000
vn -0.0000 -0.0000 -1.0000
vn -0.0000 0.9984 0.0563
vn 0.0059 0.9984 0.0560
vn 0.0064 1.0000 0.0064
vn -0.0000 1.0000 0.0064
vn -0.0000 1.0000 -0.0000
vn 0.0064 1.0000 -0.0000
vn -0.0059 0.9984 0.0560
vn -0.0064 1.0000 0.0064
vn -0.0064 1.0000 -0.0000
vn -0.0528 0.9972 0.0529
vn -0.0560 0.9984 0.0059
vn -0.0563 0.9984 -0.0000
vn -0.2805 0.9598 -0.0000
vn -0.0000 -0.9984 0.0563
vn -0.0059 -0.9984 0.0559
vn -0.0064 -1.0000 0.0064
vn -0.0000 -1.0000 0.0064
vn -0.0000 -1.0000 -0.0000
vn -0.0064 -1.0000 -0.0000
vn 0.0059 -0.9984 0.0560
vn 0.0064 -1.0000 0.0064
vn 0.0064 -1.0000 -0.0000
vn 0.0528 -0.9972 0.0528
vn 0.2702 -0.9618 0.0444
vn 0.0559 -0.9984 0.0059
vn 0.2794 -0.9602 0.0050
vn 0.0563 -0.9984 -0.0000
vn 0.2805 -0.9598 -0.0000
vn -0.0528 -0.9972 0.0528
vn -0.0560 -0.9984 0.0059
vn -0.0563 -0.9984 -0.0000
vn -0.2805 -0.9598 -0.0000
vn 0.0528 0.9972 0.0529
vn 0.0560 0.9984 0.0059
vn 0.0563 0.9984 -0.0000
vn 0.2805 0.9598 -0.0000
vn -0.9984 -0.0000 -0.0563
vn -1.0000 -0.0000 -0.0064
vn -1.0000 0.0030 -0.0064
vn -0.9984 0.0028 -0.0559
vn -1.0000 -0.0000 -0.0000
vn -1.0000 0.0030 -0.0000
vn -0.9984 -0.0028 -0.0559
vn -1.0000 -0.0030 -0.0064
vn -1.0000 -0.0030 -0.0000
vn -0.9909 -0.1269 -0.0448
vn -0.9983 -0.0253 -0.0529
vn -0.9911 -0.1328 -0.0049
vn -0.9996 -0.0268 -0.0059
vn -0.9911 -0.1335 -0.0000
vn -0.9996 -0.0270 -0.0000
vn -0.9996 -0.0271 -0.0000
vn 0.9984 -0.0000 -0.0563
vn 1.0000 -0.0000 -0.0064
vn 1.0000 -0.0030 -0.0064
vn 0.9984 -0.0028 -0.0559
vn 1.0000 -0.0000 -0.0000
vn 1.0000 -0.0030 -0.0000
vn 0.9984 0.0028 -0.0559
vn 1.0000 0.0030 -0.0064
vn 1.0000 0.0030 -0.0000
vn 0.9909 0.1269 -0.0448
vn 0.9983 0.0254 -0.0530
vn 0.9911 0.1328 -0.0049
vn 0.9996 0.0268 -0.0059
vn 0.9911 0.1335 -0.0000
vn 0.9996 0.0271 -0.0000
vn -0.9909 0.1269 -0.0448
vn -0.8377 0.5449 -0.0376
vn -0.9911 0.1328 -0.0050
vn -0.8362 0.5484 -0.0042
vn -0.9911 0.1335 -0.0000
vn -0.8360 0.5487 -0.0000
vn -0.8360 0.5488 -0.0000
vn 0.9983 -0.0254 -0.0530
vn 0.9996 -0.0268 -0.0059
vn 0.9996 -0.0271 -0.0000
vn 0.9996 -0.0270 -0.0000
vn 0.9911 -0.1335 -0.0000
vn 0.8377 -0.5449 0.0376
vn 0.8362 -0.5484 0.0042
vn 0.8360 -0.5487 -0.0000
vn 0.8360 -0.5488 -0.0000
vn -0.8377 -0.5449 -0.0376
vn -0.8362 -0.5484 -0.0042
vn -0.8360 -0.5488 -0.0000
vn -0.8360 -0.5487 -0.0000
vn -0.9983 0.0253 -0.0529
vn -0.9996 0.0268 -0.0059
vn -0.9996 0.0271 -0.0000
vn 0.8377 0.5449 -0.0376
vn 0.8362 0.5484 -0.0042
vn 0.8360 0.5487 -0.0000
vt 0.194092 0.746094
vt 0.194092 0.750000
vt 0.182740 0.750000
vt 0.182739 0.746094
vt 0.194092 0.753906
vt 0.182739 0.753906
vt 0.171387 0.753906
vt 0.171387 0.750000
vt 0.171387 0.746094
vt 0.262207 0.871094
vt 0.263672 0.871094
vt 0.263184 0.873698
vt 0.262207 0.875000
vt 0.265137 0.871094
vt 0.263672 0.875000
vt 0.262207 0.878906
vt 0.265137 0.716797
vt 0.265137 0.731445
vt 0.263672 0.731445
vt 0.263672 0.716797
vt 0.265137 0.746094
vt 0.263672 0.746094
vt 0.262207 0.746094
vt 0.262207 0.731445
vt 0.262207 0.716797
vt 0.171387 0.871094
vt 0.171387 0.875000
vt 0.170410 0.873698
vt 0.169922 0.871094
vt 0.171387 0.878906
vt 0.169922 0.875000
vt 0.168457 0.871094
vt 0.169922 0.753906
vt 0.170410 0.751302
vt 0.168457 0.753906
vt 0.169922 0.750000
vt 0.239502 0.408203
vt 0.239502 0.393555
vt 0.250854 0.393555
vt 0.250854 0.408203
vt 0.239502 0.378906
vt 0.250854 0.378906
vt 0.262207 0.378906
vt 0.262207 0.393555
vt 0.262207 0.408203
vt 0.262207 0.753906
vt 0.262207 0.750000
vt 0.263184 0.751302
vt 0.263672 0.753906
vt 0.263672 0.750000
vt 0.265137 0.753906
vt 0.168457 0.408203
vt 0.168457 0.393555
vt 0.169922 0.393555
vt 0.169922 0.408203
vt 0.168457 0.378906
vt 0.169922 0.378906
vt 0.171387 0.378906
vt 0.171387 0.393555
vt 0.171387 0.408203
vt 0.168457 0.658203
vt 0.168457 0.643555
vt 0.169922 0.643555
vt 0.169922 0.658203
vt 0.168457 0.628906
vt 0.169922 0.628906
vt 0.171387 0.628906
vt 0.171387 0.643555
vt 0.171387 0.658203
vt 0.194092 0.716797
vt 0.194092 0.731445
vt 0.182740 0.731445
vt 0.182739 0.716797
vt 0.171387 0.731445
vt 0.171387 0.716797
vt 0.239502 0.503906
vt 0.239502 0.500000
vt 0.250854 0.500000
vt 0.250854 0.503906
vt 0.239502 0.496094
vt 0.250854 0.496094
vt 0.262207 0.496094
vt 0.262207 0.500000
vt 0.262207 0.503906
vt 0.263672 0.393555
vt 0.263672 0.408203
vt 0.263672 0.378906
vt 0.265137 0.378906
vt 0.265137 0.393555
vt 0.265137 0.408203
vt 0.265137 0.503906
vt 0.263672 0.503906
vt 0.263184 0.501302
vt 0.263672 0.500000
vt 0.194092 0.621094
vt 0.194092 0.625000
vt 0.182740 0.625000
vt 0.182739 0.621094
vt 0.194092 0.628906
vt 0.182739 0.628906
vt 0.171387 0.625000
vt 0.171387 0.621094
vt 0.171387 0.496094
vt 0.171387 0.500000
vt 0.170410 0.501302
vt 0.169922 0.500000
vt 0.171387 0.503906
vt 0.169922 0.503906
vt 0.168457 0.503906
vt 0.168457 0.621094
vt 0.169922 0.621094
vt 0.170410 0.623698
vt 0.169922 0.625000
vt 0.262207 0.628906
vt 0.262207 0.625000
vt 0.263184 0.623698
vt 0.263672 0.625000
vt 0.262207 0.621094
vt 0.263672 0.621094
vt 0.265137 0.621094
vt 0.239502 0.878906
vt 0.239502 0.875000
vt 0.250854 0.875000
vt 0.250854 0.878906
vt 0.239502 0.871094
vt 0.250854 0.871094
vt 0.182739 0.875000
vt 0.182739 0.878906
vt 0.182739 0.871094
vt 0.194092 0.871094
vt 0.194092 0.875000
vt 0.194092 0.878906
vt 0.205444 0.875000
vt 0.205444 0.878906
vt 0.205444 0.871094
vt 0.216797 0.871094
vt 0.216797 0.875000
vt 0.216797 0.878906
vt 0.228150 0.875000
vt 0.228150 0.878906
vt 0.228150 0.871094
vt 0.250854 0.625000
vt 0.250854 0.621094
vt 0.250854 0.628906
vt 0.239502 0.628906
vt 0.239502 0.625000
vt 0.239502 0.621094
vt 0.228150 0.625000
vt 0.228150 0.621094
vt 0.228150 0.628906
vt 0.216797 0.628906
vt 0.216797 0.625000
vt 0.216797 0.621094
vt 0.205445 0.625000
vt 0.205444 0.621094
vt 0.205444 0.628906
vt 0.182739 0.500000
vt 0.182739 0.503906
vt 0.182739 0.496094
vt 0.194092 0.496094
vt 0.194092 0.500000
vt 0.194092 0.503906
vt 0.205444 0.500000
vt 0.205444 0.503906
vt 0.205444 0.496094
vt 0.216797 0.496094
vt 0.216797 0.500000
vt 0.216797 0.503906
vt 0.228150 0.500000
vt 0.228150 0.503906
vt 0.228150 0.496094
vt 0.250854 0.731445
vt 0.250854 0.716797
vt 0.250854 0.746094
vt 0.239502 0.746094
vt 0.239502 0.731445
vt 0.239502 0.716797
vt 0.228150 0.731445
vt 0.228150 0.716797
vt 0.228150 0.746094
vt 0.216797 0.746094
vt 0.216797 0.731445
vt 0.216797 0.716797
vt 0.205445 0.731445
vt 0.205444 0.716797
vt 0.205444 0.746094
vt 0.182739 0.393555
vt 0.182739 0.408203
vt 0.182739 0.378906
vt 0.194092 0.378906
vt 0.194092 0.393555
vt 0.194092 0.408203
vt 0.205444 0.393555
vt 0.205444 0.408203
vt 0.205444 0.378906
vt 0.216797 0.378906
vt 0.216797 0.393554
vt 0.216797 0.408203
vt 0.228150 0.393554
vt 0.228150 0.408203
vt 0.228150 0.378906
vt 0.250854 0.750000
vt 0.250854 0.753906
vt 0.239502 0.753906
vt 0.239502 0.750000
vt 0.228150 0.750000
vt 0.228150 0.753906
vt 0.216797 0.753906
vt 0.216797 0.750000
vt 0.205445 0.750000
vt 0.205444 0.753906
vt 0.239502 0.591797
vt 0.239502 0.606445
vt 0.228149 0.606445
vt 0.228149 0.591797
vt 0.216797 0.606445
vt 0.216797 0.591797
vt 0.205445 0.606445
vt 0.205444 0.591797
vt 0.194092 0.606445
vt 0.194092 0.591797
vt 0.182739 0.606445
vt 0.182739 0.591797
vt 0.171387 0.606445
vt 0.171387 0.591797
vt 0.239502 0.841797
vt 0.239502 0.856445
vt 0.228149 0.856445
vt 0.228149 0.841797
vt 0.216797 0.856445
vt 0.216797 0.841797
vt 0.205445 0.856445
vt 0.205444 0.841797
vt 0.194092 0.856445
vt 0.194092 0.841797
vt 0.182740 0.856445
vt 0.182739 0.841797
vt 0.171387 0.856445
vt 0.171387 0.841797
vt 0.262207 0.841797
vt 0.262207 0.856445
vt 0.250854 0.856445
vt 0.250854 0.841797
vt 0.262207 0.591797
vt 0.262207 0.606445
vt 0.250854 0.606445
vt 0.250854 0.591797
vt 0.262207 0.783203
vt 0.262207 0.768555
vt 0.263672 0.768555
vt 0.263672 0.783203
vt 0.265137 0.768555
vt 0.265137 0.783203
vt 0.168457 0.533203
vt 0.168457 0.518555
vt 0.169922 0.518555
vt 0.169922 0.533203
vt 0.171387 0.518555
vt 0.171387 0.533203
vt 0.674560 0.267578
vt 0.669067 0.267578
vt 0.669067 0.252930
vt 0.674560 0.252930
vt 0.663574 0.267578
vt 0.663574 0.252930
vt 0.663574 0.238281
vt 0.669067 0.238281
vt 0.674560 0.238281
vt 0.591065 0.326172
vt 0.596558 0.326172
vt 0.596558 0.340820
vt 0.591065 0.340820
vt 0.602051 0.326172
vt 0.602051 0.340820
vt 0.602051 0.355469
vt 0.596558 0.355469
vt 0.591065 0.355469
vt 0.169922 0.856445
vt 0.169922 0.841797
vt 0.168457 0.856445
vt 0.168457 0.841797
vt 0.265137 0.591797
vt 0.265137 0.606445
vt 0.263672 0.606445
vt 0.263672 0.591797
vt 0.265137 0.518555
vt 0.263672 0.518555
vt 0.265137 0.533203
vt 0.263672 0.533203
vt 0.262207 0.533203
vt 0.262207 0.518555
vt 0.265137 0.547852
vt 0.263672 0.547852
vt 0.265137 0.562500
vt 0.263672 0.562500
vt 0.262207 0.562500
vt 0.262207 0.547852
vt 0.265137 0.577148
vt 0.263672 0.577148
vt 0.262207 0.577148
vt 0.171387 0.768555
vt 0.169922 0.768555
vt 0.171387 0.783203
vt 0.169922 0.783203
vt 0.168457 0.783203
vt 0.168457 0.768555
vt 0.171387 0.797851
vt 0.169922 0.797851
vt 0.171387 0.812500
vt 0.169922 0.812500
vt 0.168457 0.812500
vt 0.168457 0.797851
vt 0.171387 0.827148
vt 0.169922 0.827148
vt 0.168457 0.827148
vt 0.558106 0.326172
vt 0.563599 0.326172
vt 0.563599 0.340820
vt 0.558106 0.340820
vt 0.569092 0.326172
vt 0.569092 0.340820
vt 0.569092 0.355469
vt 0.563599 0.355469
vt 0.558106 0.355469
vt 0.574585 0.326172
vt 0.574585 0.340820
vt 0.580078 0.326172
vt 0.580078 0.340820
vt 0.580078 0.355469
vt 0.574585 0.355469
vt 0.585572 0.326172
vt 0.585572 0.340820
vt 0.585572 0.355469
vt 0.707519 0.267578
vt 0.702026 0.267578
vt 0.702026 0.252930
vt 0.707519 0.252930
vt 0.696533 0.267578
vt 0.696533 0.252930
vt 0.696533 0.238281
vt 0.702026 0.238281
vt 0.707519 0.238281
vt 0.691040 0.267578
vt 0.691040 0.252930
vt 0.685546 0.267578
vt 0.685546 0.252930
vt 0.685546 0.238281
vt 0.691040 0.238281
vt 0.680053 0.267578
vt 0.680053 0.252930
vt 0.680053 0.238281
vt 0.168457 0.606445
vt 0.169922 0.606445
vt 0.168457 0.591797
vt 0.169922 0.591797
vt 0.168457 0.577148
vt 0.169922 0.577148
vt 0.168457 0.562500
vt 0.169922 0.562500
vt 0.171387 0.562500
vt 0.171387 0.577148
vt 0.168457 0.547852
vt 0.169922 0.547852
vt 0.171387 0.547852
vt 0.263672 0.856445
vt 0.263672 0.841797
vt 0.265137 0.841797
vt 0.265137 0.856445
vt 0.262207 0.827148
vt 0.263672 0.827148
vt 0.262207 0.812500
vt 0.263672 0.812500
vt 0.265137 0.812500
vt 0.265137 0.827148
vt 0.262207 0.797851
vt 0.263672 0.797851
vt 0.265137 0.797852
vt 0.250854 0.518555
vt 0.250854 0.533203
vt 0.239502 0.533203
vt 0.239502 0.518555
vt 0.250854 0.547852
vt 0.250854 0.562500
vt 0.239502 0.562500
vt 0.239502 0.547852
vt 0.250854 0.577148
vt 0.239502 0.577148
vt 0.250854 0.768555
vt 0.250854 0.783203
vt 0.239502 0.783203
vt 0.239502 0.768555
vt 0.250854 0.797851
vt 0.250854 0.812500
vt 0.239502 0.812500
vt 0.239502 0.797852
vt 0.250854 0.827148
vt 0.239502 0.827148
vt 0.194092 0.768555
vt 0.182740 0.768555
vt 0.194092 0.783203
vt 0.182739 0.783203
vt 0.194092 0.797852
vt 0.182739 0.797851
vt 0.194092 0.812500
vt 0.182739 0.812500
vt 0.194092 0.827148
vt 0.182739 0.827148
vt 0.216797 0.768554
vt 0.205445 0.768555
vt 0.216797 0.783203
vt 0.205444 0.783203
vt 0.216797 0.797851
vt 0.205445 0.797851
vt 0.216797 0.812500
vt 0.205444 0.812500
vt 0.216797 0.827148
vt 0.205445 0.827148
vt 0.228150 0.768555
vt 0.228150 0.783203
vt 0.228149 0.797851
vt 0.228149 0.812500
vt 0.228149 0.827148
vt 0.194092 0.518555
vt 0.182740 0.518555
vt 0.194092 0.533203
vt 0.182739 0.533203
vt 0.194092 0.547852
vt 0.182740 0.547852
vt 0.194092 0.562500
vt 0.182739 0.562500
vt 0.194092 0.577148
vt 0.182739 0.577148
vt 0.216797 0.518555
vt 0.205445 0.518555
vt 0.216797 0.533203
vt 0.205444 0.533203
vt 0.216797 0.547852
vt 0.205445 0.547852
vt 0.216797 0.562500
vt 0.205444 0.562500
vt 0.216797 0.577148
vt 0.205445 0.577148
vt 0.228150 0.518555
vt 0.228150 0.533203
vt 0.228149 0.547852
vt 0.228149 0.562500
vt 0.228149 0.577148
vt 0.685546 0.355469
vt 0.680053 0.355469
vt 0.680053 0.340820
vt 0.685546 0.340820
vt 0.674560 0.355469
vt 0.674560 0.340820
vt 0.674560 0.326172
vt 0.680053 0.326172
vt 0.685546 0.326172
vt 0.680053 0.311523
vt 0.685546 0.311523
vt 0.674560 0.311523
vt 0.674560 0.296875
vt 0.680053 0.296875
vt 0.685546 0.296875
vt 0.680053 0.282227
vt 0.685546 0.282227
vt 0.674560 0.282227
vt 0.696533 0.355469
vt 0.691040 0.355469
vt 0.691040 0.340820
vt 0.696533 0.340820
vt 0.691040 0.326172
vt 0.696533 0.326172
vt 0.691040 0.311523
vt 0.696533 0.311523
vt 0.691040 0.296875
vt 0.696533 0.296875
vt 0.691040 0.282227
vt 0.696533 0.282227
vt 0.707519 0.355469
vt 0.702026 0.355469
vt 0.702026 0.340820
vt 0.707519 0.340820
vt 0.702026 0.326172
vt 0.707519 0.326172
vt 0.702026 0.311523
vt 0.707519 0.311523
vt 0.702026 0.296875
vt 0.707519 0.296875
vt 0.702026 0.282227
vt 0.707519 0.282227
vt 0.580078 0.238281
vt 0.585572 0.238281
vt 0.585572 0.252930
vt 0.580078 0.252930
vt 0.591065 0.238281
vt 0.591065 0.252930
vt 0.591065 0.267578
vt 0.585572 0.267578
vt 0.580078 0.267578
vt 0.585572 0.282227
vt 0.580078 0.282227
vt 0.591065 0.282227
vt 0.591065 0.296875
vt 0.585572 0.296875
vt 0.580078 0.296875
vt 0.585572 0.311523
vt 0.580078 0.311523
vt 0.591065 0.311523
vt 0.569092 0.238281
vt 0.574585 0.238281
vt 0.574585 0.252930
vt 0.569092 0.252930
vt 0.574585 0.267578
vt 0.569092 0.267578
vt 0.574585 0.282227
vt 0.569092 0.282227
vt 0.574585 0.296875
vt 0.569092 0.296875
vt 0.574585 0.311523
vt 0.569092 0.311523
vt 0.558106 0.238281
vt 0.563599 0.238281
vt 0.563599 0.252930
vt 0.558106 0.252930
vt 0.563599 0.267578
vt 0.558106 0.267578
vt 0.563599 0.282227
vt 0.558106 0.282227
vt 0.563599 0.296875
vt 0.558106 0.296875
vt 0.563599 0.311523
vt 0.558106 0.311523
vt 0.596558 0.238281
vt 0.596558 0.252930
vt 0.602051 0.238281
vt 0.602051 0.252930
vt 0.602051 0.267578
vt 0.596558 0.267578
vt 0.596558 0.282227
vt 0.602051 0.282227
vt 0.602051 0.296875
vt 0.596558 0.296875
vt 0.596558 0.311523
vt 0.602051 0.311523
vt 0.669067 0.355469
vt 0.669067 0.340820
vt 0.663574 0.355469
vt 0.663574 0.340820
vt 0.663574 0.326172
vt 0.669067 0.326172
vt 0.669067 0.311523
vt 0.663574 0.311523
vt 0.663574 0.296875
vt 0.669067 0.296875
vt 0.669067 0.282227
vt 0.663574 0.282227
vt 0.216797 0.481445
vt 0.228149 0.481445
vt 0.216797 0.466797
vt 0.228149 0.466797
vt 0.239502 0.466797
vt 0.239502 0.481445
vt 0.216797 0.452148
vt 0.228149 0.452148
vt 0.216797 0.437500
vt 0.228149 0.437500
vt 0.239502 0.437500
vt 0.239502 0.452148
vt 0.216797 0.422851
vt 0.228150 0.422851
vt 0.239502 0.422852
vt 0.194092 0.481445
vt 0.205444 0.481445
vt 0.194092 0.466797
vt 0.205444 0.466797
vt 0.194092 0.452148
vt 0.205444 0.452148
vt 0.194092 0.437500
vt 0.205444 0.437500
vt 0.194092 0.422852
vt 0.205444 0.422852
vt 0.171387 0.481445
vt 0.182739 0.481445
vt 0.171387 0.466797
vt 0.182739 0.466797
vt 0.171387 0.452148
vt 0.182739 0.452148
vt 0.171387 0.437500
vt 0.182739 0.437500
vt 0.171387 0.422852
vt 0.182739 0.422852
vt 0.216797 0.643555
vt 0.205445 0.643555
vt 0.216797 0.658203
vt 0.205444 0.658203
vt 0.194092 0.658203
vt 0.194092 0.643555
vt 0.216797 0.672852
vt 0.205445 0.672852
vt 0.216797 0.687500
vt 0.205444 0.687500
vt 0.194092 0.687500
vt 0.194092 0.672852
vt 0.216797 0.702148
vt 0.205445 0.702148
vt 0.194092 0.702148
vt 0.239502 0.643555
vt 0.228149 0.643555
vt 0.239502 0.658203
vt 0.228149 0.658203
vt 0.239502 0.672852
vt 0.228149 0.672852
vt 0.239502 0.687500
vt 0.228149 0.687500
vt 0.239502 0.702148
vt 0.228149 0.702148
vt 0.262207 0.643555
vt 0.250854 0.643555
vt 0.262207 0.658203
vt 0.250854 0.658203
vt 0.262207 0.672852
vt 0.250854 0.672852
vt 0.262207 0.687500
vt 0.250854 0.687500
vt 0.262207 0.702148
vt 0.250854 0.702148
vt 0.262207 0.481445
vt 0.263672 0.481445
vt 0.263672 0.496094
vt 0.262207 0.466797
vt 0.263672 0.466797
vt 0.265137 0.466797
vt 0.265137 0.481445
vt 0.265137 0.496094
vt 0.262207 0.452148
vt 0.263672 0.452148
vt 0.262207 0.437500
vt 0.263672 0.437500
vt 0.265137 0.437500
vt 0.265137 0.452148
vt 0.262207 0.422852
vt 0.263672 0.422852
vt 0.265137 0.422852
vt 0.182740 0.643555
vt 0.182739 0.658203
vt 0.182739 0.672852
vt 0.182739 0.687500
vt 0.171387 0.687500
vt 0.171387 0.672852
vt 0.182739 0.702148
vt 0.171387 0.702148
vt 0.168457 0.746094
vt 0.168457 0.731445
vt 0.169922 0.731445
vt 0.169922 0.746094
vt 0.168457 0.716797
vt 0.169922 0.716797
vt 0.168457 0.702148
vt 0.169922 0.702148
vt 0.168457 0.687500
vt 0.169922 0.687500
vt 0.168457 0.672852
vt 0.169922 0.672852
vt 0.168457 0.496094
vt 0.168457 0.481445
vt 0.169922 0.481445
vt 0.169922 0.496094
vt 0.168457 0.466797
vt 0.169922 0.466797
vt 0.168457 0.452148
vt 0.169922 0.452148
vt 0.168457 0.437500
vt 0.169922 0.437500
vt 0.168457 0.422852
vt 0.169922 0.422852
vt 0.250854 0.481445
vt 0.250854 0.466797
vt 0.250854 0.452148
vt 0.250854 0.437500
vt 0.250854 0.422852
vt 0.265137 0.628906
vt 0.265137 0.643555
vt 0.263672 0.643555
vt 0.263672 0.628906
vt 0.265137 0.658203
vt 0.263672 0.658203
vt 0.265137 0.672852
vt 0.263672 0.672852
vt 0.265137 0.687500
vt 0.263672 0.687500
vt 0.265137 0.702148
vt 0.263672 0.702148
s 1
usemtl Starter_Blocky_Rig
f 2014/2538/729 2212/2539/730 2431/2540/731 2180/2541/732
f 2212/2539/730 2011/2542/733 2177/2543/734 2431/2540/731
f 2431/2540/731 2177/2543/734 1983/2544/735 2132/2545/736
f 2180/2541/732 2431/2540/731 2132/2545/736 1985/2546/737
f 1981/2547/738 2155/2548/739 2432/2549/740 2156/2550/741
f 1999/2551/742 2160/2552/743 2432/2549/740 2155/2548/739
f 1989/2553/744 2156/2550/741 2432/2549/740 2160/2552/743
f 2092/2554/745 2332/2555/746 2433/2556/747 2430/2557/748
f 2332/2555/746 1997/2558/749 2135/2559/750 2433/2556/747
f 2433/2556/747 2135/2559/750 1986/2560/751 2320/2561/752
f 2430/2557/748 2433/2556/747 2320/2561/752 2080/2562/753
f 1982/2563/754 2166/2564/755 2434/2565/756 2157/2566/757
f 1991/2567/758 2152/2568/759 2434/2565/756 2166/2564/755
f 1992/2569/760 2157/2566/757 2434/2565/756 2152/2568/759
f 1983/2544/735 2168/2570/761 2435/2571/762 2132/2545/736
f 1994/2572/763 2134/2573/764 2435/2571/762 2168/2570/761
f 1985/2546/737 2132/2545/736 2435/2571/762 2134/2573/764
f 2110/2574/765 2350/2575/766 2436/2576/767 2427/2577/768
f 2350/2575/766 2008/2578/769 2174/2579/770 2436/2576/767
f 2436/2576/767 2174/2579/770 1989/2580/744 2145/2581/771
f 2427/2577/768 2436/2576/767 2145/2581/771 2073/2582/772
f 1984/2583/773 2138/2584/774 2437/2585/775 2158/2586/776
f 1986/2560/751 2135/2587/750 2437/2585/775 2138/2584/774
f 1997/2588/749 2158/2586/776 2437/2585/775 2135/2587/750
f 2086/2589/777 2326/2590/778 2438/2591/779 2424/2592/780
f 2326/2590/778 1992/2593/760 2152/2594/759 2438/2591/779
f 2438/2591/779 2152/2594/759 1991/2595/758 2150/2596/781
f 2424/2592/780 2438/2591/779 2150/2596/781 2079/2597/782
f 2091/2598/783 2162/2599/784 2439/2600/785 2421/2601/786
f 2162/2599/784 2003/2602/787 2141/2603/788 2439/2600/785
f 2439/2600/785 2141/2603/788 1995/2604/789 2148/2605/790
f 2421/2601/786 2439/2600/785 2148/2605/790 2076/2606/791
f 2101/2607/792 2341/2608/793 2440/2609/794 2418/2610/795
f 2341/2608/793 2014/2538/729 2180/2541/732 2440/2609/794
f 2440/2609/794 2180/2541/732 1985/2546/737 2314/2611/796
f 2418/2610/795 2440/2609/794 2314/2611/796 2074/2612/797
f 2023/2613/798 2203/2614/799 2441/2615/800 2189/2616/801
f 2203/2614/799 2020/2617/802 2186/2618/803 2441/2615/800
f 2441/2615/800 2186/2618/803 1988/2619/804 2143/2620/805
f 2189/2616/801 2441/2615/800 2143/2620/805 2000/2621/806
f 2073/2582/772 2145/2581/771 2442/2622/807 2415/2623/808
f 2145/2581/771 1989/2580/744 2160/2624/743 2442/2622/807
f 2442/2622/807 2160/2624/743 1999/2625/742 2323/2626/809
f 2415/2623/808 2442/2622/807 2323/2626/809 2083/2627/810
f 1987/2628/811 2164/2629/812 2443/2630/813 2144/2631/814
f 2000/2621/806 2143/2620/805 2443/2630/813 2164/2629/812
f 1988/2619/804 2144/2631/814 2443/2630/813 2143/2620/805
f 2026/2632/815 2200/2633/816 2444/2634/817 2192/2635/818
f 2200/2633/816 2017/2636/819 2183/2637/820 2444/2634/817
f 2444/2634/817 2183/2637/820 1995/2604/789 2140/2638/821
f 2192/2635/818 2444/2634/817 2140/2638/821 2002/2639/822
f 1990/2640/823 2137/2641/824 2445/2642/825 2165/2643/826
f 2001/2644/827 2169/2645/828 2445/2642/825 2137/2641/824
f 1993/2646/829 2165/2643/826 2445/2642/825 2169/2645/828
f 2003/2647/787 2153/2648/830 2446/2649/831 2141/2650/788
f 2002/2639/822 2140/2638/821 2446/2649/831 2153/2648/830
f 1995/2604/789 2141/2650/788 2446/2649/831 2140/2638/821
f 1996/2651/832 2142/2652/833 2447/2653/834 2167/2654/835
f 2004/2655/836 2170/2656/837 2447/2653/834 2142/2652/833
f 1998/2657/838 2167/2654/835 2447/2653/834 2170/2656/837
f 2008/2658/769 2197/2659/839 2448/2660/840 2174/2661/770
f 2197/2659/839 2005/2662/841 2171/2663/842 2448/2660/840
f 2448/2660/840 2171/2663/842 1981/2547/738 2156/2550/741
f 2174/2661/770 2448/2660/840 2156/2550/741 1989/2553/744
f 1991/2567/758 2166/2564/755 2449/2664/843 2133/2665/844
f 2166/2564/755 1982/2563/754 2131/2666/845 2449/2664/843
f 2449/2664/843 2131/2666/845 2007/2667/846 2195/2668/847
f 2133/2665/844 2449/2664/843 2195/2668/847 2010/2669/848
f 2010/2669/848 2195/2668/847 2450/2670/849 2176/2671/850
f 2195/2668/847 2007/2667/846 2173/2672/851 2450/2670/849
f 2450/2670/849 2173/2672/851 2006/2673/851 2196/2674/849
f 2176/2671/850 2450/2670/849 2196/2674/849 2009/2675/850
f 2009/2675/850 2196/2674/849 2451/2676/849 2175/2677/850
f 2196/2674/849 2006/2673/851 2172/2678/851 2451/2676/849
f 2451/2676/849 2172/2678/851 2005/2662/841 2197/2659/839
f 2175/2677/850 2451/2676/849 2197/2659/839 2008/2658/769
f 2004/2655/836 2142/2652/833 2452/2679/852 2154/2680/853
f 2142/2652/833 1996/2651/832 2146/2681/854 2452/2679/852
f 2452/2679/852 2146/2681/854 2019/2682/855 2198/2683/856
f 2154/2680/853 2452/2679/852 2198/2683/856 2028/2684/857
f 2028/2684/857 2198/2683/856 2453/2685/858 2194/2686/859
f 2198/2683/856 2019/2682/855 2185/2687/860 2453/2685/858
f 2453/2685/858 2185/2687/860 2018/2688/860 2199/2689/858
f 2194/2686/859 2453/2685/858 2199/2689/858 2027/2690/859
f 2027/2690/859 2199/2689/858 2454/2691/858 2193/2692/859
f 2199/2689/858 2018/2688/860 2184/2693/860 2454/2691/858
f 2454/2691/858 2184/2693/860 2017/2636/819 2200/2633/816
f 2193/2692/859 2454/2691/858 2200/2633/816 2026/2632/815
f 2001/2644/827 2137/2641/824 2455/2694/861 2149/2695/862
f 2137/2641/824 1990/2640/823 2147/2696/863 2455/2694/861
f 2455/2694/861 2147/2696/863 2022/2697/864 2201/2698/865
f 2149/2695/862 2455/2694/861 2201/2698/865 2025/2699/866
f 2025/2699/866 2201/2698/865 2456/2700/867 2191/2701/868
f 2201/2698/865 2022/2697/864 2188/2702/869 2456/2700/867
f 2456/2700/867 2188/2702/869 2021/2703/869 2202/2704/867
f 2191/2701/868 2456/2700/867 2202/2704/867 2024/2705/868
f 2024/2705/868 2202/2704/867 2457/2706/867 2190/2707/868
f 2202/2704/867 2021/2703/869 2187/2708/869 2457/2706/867
f 2457/2706/867 2187/2708/869 2020/2617/802 2203/2614/799
f 2190/2707/868 2457/2706/867 2203/2614/799 2023/2613/798
f 2080/2562/753 2320/2561/752 2458/2709/870 2412/2710/871
f 2320/2561/752 1986/2560/751 2139/2711/872 2458/2709/870
f 2458/2709/870 2139/2711/872 2016/2712/873 2335/2713/874
f 2412/2710/871 2458/2709/870 2335/2713/874 2095/2714/875
f 2095/2714/875 2335/2713/874 2459/2715/876 2409/2716/877
f 2335/2713/874 2016/2712/873 2182/2717/878 2459/2715/876
f 2459/2715/876 2182/2717/878 2015/2718/878 2338/2719/876
f 2409/2716/877 2459/2715/876 2338/2719/876 2098/2720/877
f 2098/2720/877 2338/2719/876 2460/2721/876 2406/2722/877
f 2338/2719/876 2015/2718/878 2181/2723/878 2460/2721/876
f 2460/2721/876 2181/2723/878 2014/2538/729 2341/2608/793
f 2406/2722/877 2460/2721/876 2341/2608/793 2101/2607/792
f 2079/2597/782 2150/2596/781 2461/2724/879 2403/2725/880
f 2150/2596/781 1991/2595/758 2133/2726/844 2461/2724/879
f 2461/2724/879 2133/2726/844 2010/2727/848 2344/2728/881
f 2403/2725/880 2461/2724/879 2344/2728/881 2104/2729/882
f 2104/2729/882 2344/2728/881 2462/2730/883 2400/2731/884
f 2344/2728/881 2010/2727/848 2176/2732/850 2462/2730/883
f 2462/2730/883 2176/2732/850 2009/2733/850 2347/2734/883
f 2400/2731/884 2462/2730/883 2347/2734/883 2107/2735/884
f 2107/2735/884 2347/2734/883 2463/2736/883 2397/2737/884
f 2347/2734/883 2009/2733/850 2175/2738/850 2463/2736/883
f 2463/2736/883 2175/2738/850 2008/2578/769 2350/2575/766
f 2397/2737/884 2463/2736/883 2350/2575/766 2110/2574/765
f 1986/2560/751 2138/2584/774 2464/2739/885 2139/2711/872
f 2138/2584/774 1984/2583/773 2136/2740/886 2464/2739/885
f 2464/2739/885 2136/2740/886 2013/2741/887 2210/2742/888
f 2139/2711/872 2464/2739/885 2210/2742/888 2016/2712/873
f 2016/2712/873 2210/2742/888 2465/2743/889 2182/2717/878
f 2210/2742/888 2013/2741/887 2179/2744/890 2465/2743/889
f 2465/2743/889 2179/2744/890 2012/2745/891 2211/2746/889
f 2182/2717/878 2465/2743/889 2211/2746/889 2015/2718/878
f 2015/2718/878 2211/2746/889 2466/2747/889 2181/2723/878
f 2211/2746/889 2012/2745/891 2178/2748/890 2466/2747/889
f 2466/2747/889 2178/2748/890 2011/2542/733 2212/2539/730
f 2181/2723/878 2466/2747/889 2212/2539/730 2014/2538/729
f 2070/2749/892 2226/2750/893 2467/2751/894 2310/2752/895
f 2226/2750/893 2028/2684/857 2194/2686/859 2467/2751/894
f 2467/2751/894 2194/2686/859 2027/2690/859 2225/2753/894
f 2310/2752/895 2467/2751/894 2225/2753/894 2067/2754/895
f 2067/2754/895 2225/2753/894 2468/2755/894 2307/2756/895
f 2225/2753/894 2027/2690/859 2193/2692/859 2468/2755/894
f 2468/2755/894 2193/2692/859 2026/2632/815 2224/2757/896
f 2307/2756/895 2468/2755/894 2224/2757/896 2064/2758/897
f 2064/2758/897 2224/2757/896 2469/2759/898 2304/2760/899
f 2224/2757/896 2026/2632/815 2192/2635/818 2469/2759/898
f 2469/2759/898 2192/2635/818 2002/2639/822 2215/2761/900
f 2304/2760/899 2469/2759/898 2215/2761/900 2037/2762/901
f 2061/2763/902 2223/2764/903 2470/2765/904 2301/2766/905
f 2223/2764/903 2005/2662/841 2172/2678/851 2470/2765/904
f 2470/2765/904 2172/2678/851 2006/2673/851 2222/2767/904
f 2301/2766/905 2470/2765/904 2222/2767/904 2058/2768/905
f 2058/2768/905 2222/2767/904 2471/2769/904 2298/2770/905
f 2222/2767/904 2006/2673/851 2173/2672/851 2471/2769/904
f 2471/2769/904 2173/2672/851 2007/2667/846 2221/2771/906
f 2298/2770/905 2471/2769/904 2221/2771/906 2055/2772/907
f 2055/2772/907 2221/2771/906 2472/2773/908 2295/2774/909
f 2221/2771/906 2007/2667/846 2131/2666/845 2472/2773/908
f 2472/2773/908 2131/2666/845 1982/2563/754 2230/2775/910
f 2295/2774/909 2472/2773/908 2230/2775/910 2032/2776/911
f 2029/2777/912 2227/2778/913 2473/2779/914 2292/2780/915
f 2227/2778/913 1981/2547/738 2171/2663/842 2473/2779/914
f 2473/2779/914 2171/2663/842 2005/2662/841 2223/2764/903
f 2292/2780/915 2473/2779/914 2223/2764/903 2061/2763/902
f 2040/2781/916 2216/2782/917 2474/2783/918 2289/2784/919
f 2216/2782/917 2004/2655/836 2154/2680/853 2474/2783/918
f 2474/2783/918 2154/2680/853 2028/2684/857 2226/2750/893
f 2289/2784/919 2474/2783/918 2226/2750/893 2070/2749/892
f 2031/2785/920 2213/2786/921 2475/2787/922 2286/2788/923
f 2213/2786/921 1984/2583/773 2158/2586/776 2475/2787/922
f 2475/2787/922 2158/2586/776 1997/2588/749 2245/2789/924
f 2286/2788/923 2475/2787/922 2245/2789/924 2047/2790/925
f 2044/2791/926 2242/2792/927 2476/2793/928 2283/2794/929
f 2242/2792/927 1993/2646/829 2169/2645/828 2476/2793/928
f 2476/2793/928 2169/2645/828 2001/2644/827 2233/2795/930
f 2283/2794/929 2476/2793/928 2233/2795/930 2035/2796/931
f 2130/2797/932 2394/2798/933 2477/2799/934 2280/2800/935
f 2394/2798/933 2094/2801/936 2163/2802/937 2477/2799/934
f 2477/2799/934 2163/2802/937 1998/2803/838 2248/2804/938
f 2280/2800/935 2477/2799/934 2248/2804/938 2050/2805/939
f 2121/2806/940 2391/2807/941 2478/2808/942 2277/2809/943
f 2391/2807/941 2088/2810/944 2161/2811/945 2478/2808/942
f 2478/2808/942 2161/2811/945 1993/2812/829 2242/2813/927
f 2277/2809/943 2478/2808/942 2242/2813/927 2044/2814/926
f 2032/2776/911 2230/2775/910 2479/2815/946 2274/2816/947
f 2230/2775/910 1982/2563/754 2157/2566/757 2479/2815/946
f 2479/2815/946 2157/2566/757 1992/2569/760 2239/2817/948
f 2274/2816/947 2479/2815/946 2239/2817/948 2041/2818/949
f 2050/2819/939 2248/2820/938 2480/2821/950 2271/2822/951
f 2248/2820/938 1998/2657/838 2170/2656/837 2480/2821/950
f 2480/2821/950 2170/2656/837 2004/2655/836 2216/2782/917
f 2271/2822/951 2480/2821/950 2216/2782/917 2040/2781/916
f 1987/2628/811 2220/2823/952 2481/2824/953 2164/2629/812
f 2220/2823/952 2052/2825/954 2269/2826/955 2481/2824/953
f 2481/2824/953 2269/2826/955 2038/2827/956 2236/2828/957
f 2164/2629/812 2481/2824/953 2236/2828/957 2000/2621/806
f 2052/2825/954 2250/2829/958 2482/2830/959 2269/2826/955
f 2250/2829/958 2051/2831/958 2270/2832/959 2482/2830/959
f 2482/2830/959 2270/2832/959 2039/2833/960 2237/2834/960
f 2269/2826/955 2482/2830/959 2237/2834/960 2038/2827/956
f 2051/2831/958 2249/2835/958 2483/2836/959 2270/2832/959
f 2249/2835/958 2050/2819/939 2271/2822/951 2483/2836/959
f 2483/2836/959 2271/2822/951 2040/2781/916 2238/2837/960
f 2270/2832/959 2483/2836/959 2238/2837/960 2039/2833/960
f 1983/2544/735 2214/2838/961 2484/2839/962 2168/2570/761
f 2214/2838/961 2034/2840/963 2272/2841/964 2484/2839/962
f 2484/2839/962 2272/2841/964 2043/2842/965 2217/2843/966
f 2168/2570/761 2484/2839/962 2217/2843/966 1994/2572/763
f 2034/2840/963 2232/2844/967 2485/2845/968 2272/2841/964
f 2232/2844/967 2033/2846/967 2273/2847/968 2485/2845/968
f 2485/2845/968 2273/2847/968 2042/2848/969 2241/2849/969
f 2272/2841/964 2485/2845/968 2241/2849/969 2043/2842/965
f 2033/2846/967 2231/2850/967 2486/2851/968 2273/2847/968
f 2231/2850/967 2032/2776/911 2274/2816/947 2486/2851/968
f 2486/2851/968 2274/2816/947 2041/2818/949 2240/2852/969
f 2273/2847/968 2486/2851/968 2240/2852/969 2042/2848/969
f 2091/2853/783 2388/2854/970 2487/2855/971 2162/2856/784
f 2388/2854/970 2115/2857/972 2275/2858/973 2487/2855/971
f 2487/2855/971 2275/2858/973 2046/2859/974 2218/2860/975
f 2162/2856/784 2487/2855/971 2218/2860/975 2003/2861/787
f 2115/2857/972 2385/2862/976 2488/2863/977 2275/2858/973
f 2385/2862/976 2118/2864/976 2276/2865/977 2488/2863/977
f 2488/2863/977 2276/2865/977 2045/2866/978 2244/2867/978
f 2275/2858/973 2488/2863/977 2244/2867/978 2046/2859/974
f 2118/2864/976 2382/2868/976 2489/2869/977 2276/2865/977
f 2382/2868/976 2121/2806/940 2277/2809/943 2489/2869/977
f 2489/2869/977 2277/2809/943 2044/2814/926 2243/2870/978
f 2276/2865/977 2489/2869/977 2243/2870/978 2045/2866/978
f 2085/2871/979 2379/2872/980 2490/2873/981 2159/2874/982
f 2379/2872/980 2124/2875/983 2278/2876/984 2490/2873/981
f 2490/2873/981 2278/2876/984 2052/2877/954 2220/2878/952
f 2159/2874/982 2490/2873/981 2220/2878/952 1987/2879/811
f 2124/2875/983 2376/2880/985 2491/2881/986 2278/2876/984
f 2376/2880/985 2127/2882/985 2279/2883/986 2491/2881/986
f 2491/2881/986 2279/2883/986 2051/2884/958 2250/2885/958
f 2278/2876/984 2491/2881/986 2250/2885/958 2052/2877/954
f 2127/2882/985 2373/2886/985 2492/2887/986 2279/2883/986
f 2373/2886/985 2130/2797/932 2280/2800/935 2492/2887/986
f 2492/2887/986 2280/2800/935 2050/2805/939 2249/2888/958
f 2279/2883/986 2492/2887/986 2249/2888/958 2051/2884/958
f 2003/2647/787 2218/2889/975 2493/2890/987 2153/2648/830
f 2218/2889/975 2046/2891/974 2281/2892/988 2493/2890/987
f 2493/2890/987 2281/2892/988 2037/2762/901 2215/2761/900
f 2153/2648/830 2493/2890/987 2215/2761/900 2002/2639/822
f 2046/2891/974 2244/2893/978 2494/2894/989 2281/2892/988
f 2244/2893/978 2045/2895/978 2282/2896/990 2494/2894/989
f 2494/2894/989 2282/2896/990 2036/2897/991 2235/2898/991
f 2281/2892/988 2494/2894/989 2235/2898/991 2037/2762/901
f 2045/2895/978 2243/2899/978 2495/2900/989 2282/2896/990
f 2243/2899/978 2044/2791/926 2283/2794/929 2495/2900/989
f 2495/2900/989 2283/2794/929 2035/2796/931 2234/2901/991
f 2282/2896/990 2495/2900/989 2234/2901/991 2036/2897/991
f 1981/2547/738 2227/2778/913 2496/2902/992 2155/2548/739
f 2227/2778/913 2029/2777/912 2284/2903/993 2496/2902/992
f 2496/2902/992 2284/2903/993 2049/2904/994 2219/2905/995
f 2155/2548/739 2496/2902/992 2219/2905/995 1999/2551/742
f 2029/2777/912 2228/2906/996 2497/2907/997 2284/2903/993
f 2228/2906/996 2030/2908/996 2285/2909/998 2497/2907/997
f 2497/2907/997 2285/2909/998 2048/2910/999 2247/2911/999
f 2284/2903/993 2497/2907/997 2247/2911/999 2049/2904/994
f 2030/2908/996 2229/2912/996 2498/2913/998 2285/2909/998
f 2229/2912/996 2031/2785/920 2286/2788/923 2498/2913/998
f 2498/2913/998 2286/2788/923 2047/2790/925 2246/2914/999
f 2285/2909/998 2498/2913/998 2246/2914/999 2048/2910/999
f 2000/2621/806 2236/2828/957 2499/2915/1000 2189/2616/801
f 2236/2828/957 2038/2827/956 2287/2916/1001 2499/2915/1000
f 2499/2915/1000 2287/2916/1001 2068/2917/1002 2266/2918/1003
f 2189/2616/801 2499/2915/1000 2266/2918/1003 2023/2613/798
f 2038/2827/956 2237/2834/960 2500/2919/1004 2287/2916/1001
f 2237/2834/960 2039/2833/960 2288/2920/1004 2500/2919/1004
f 2500/2919/1004 2288/2920/1004 2069/2921/1005 2267/2922/1005
f 2287/2916/1001 2500/2919/1004 2267/2922/1005 2068/2917/1002
f 2039/2833/960 2238/2837/960 2501/2923/1004 2288/2920/1004
f 2238/2837/960 2040/2781/916 2289/2784/919 2501/2923/1004
f 2501/2923/1004 2289/2784/919 2070/2749/892 2268/2924/1005
f 2288/2920/1004 2501/2923/1004 2268/2924/1005 2069/2921/1005
f 1984/2583/773 2213/2786/921 2502/2925/1006 2136/2740/886
f 2213/2786/921 2031/2785/920 2290/2926/1007 2502/2925/1006
f 2502/2925/1006 2290/2926/1007 2059/2927/1008 2257/2928/1009
f 2136/2740/886 2502/2925/1006 2257/2928/1009 2013/2741/887
f 2031/2785/920 2229/2912/996 2503/2929/1010 2290/2926/1007
f 2229/2912/996 2030/2908/996 2291/2930/1010 2503/2929/1010
f 2503/2929/1010 2291/2930/1010 2060/2931/1011 2258/2932/1011
f 2290/2926/1007 2503/2929/1010 2258/2932/1011 2059/2927/1008
f 2030/2908/996 2228/2906/996 2504/2933/1010 2291/2930/1010
f 2228/2906/996 2029/2777/912 2292/2780/915 2504/2933/1010
f 2504/2933/1010 2292/2780/915 2061/2763/902 2259/2934/1011
f 2291/2930/1010 2504/2933/1010 2259/2934/1011 2060/2931/1011
f 2011/2542/733 2251/2935/1012 2505/2936/1013 2177/2543/734
f 2251/2935/1012 2053/2937/1014 2293/2938/1015 2505/2936/1013
f 2505/2936/1013 2293/2938/1015 2034/2840/963 2214/2838/961
f 2177/2543/734 2505/2936/1013 2214/2838/961 1983/2544/735
f 2053/2937/1014 2252/2939/1016 2506/2940/1017 2293/2938/1015
f 2252/2939/1016 2054/2941/1016 2294/2942/1017 2506/2940/1017
f 2506/2940/1017 2294/2942/1017 2033/2846/967 2232/2844/967
f 2293/2938/1015 2506/2940/1017 2232/2844/967 2034/2840/963
f 2054/2941/1016 2253/2943/1016 2507/2944/1017 2294/2942/1017
f 2253/2943/1016 2055/2772/907 2295/2774/909 2507/2944/1017
f 2507/2944/1017 2295/2774/909 2032/2776/911 2231/2850/967
f 2294/2942/1017 2507/2944/1017 2231/2850/967 2033/2846/967
f 2012/2745/891 2254/2945/1018 2508/2946/1018 2178/2748/890
f 2254/2945/1018 2056/2947/1019 2296/2948/1019 2508/2946/1018
f 2508/2946/1018 2296/2948/1019 2053/2937/1014 2251/2935/1012
f 2178/2748/890 2508/2946/1018 2251/2935/1012 2011/2542/733
f 2056/2947/1019 2255/2949/1020 2509/2950/1020 2296/2948/1019
f 2255/2949/1020 2057/2951/1020 2297/2952/1020 2509/2950/1020
f 2509/2950/1020 2297/2952/1020 2054/2941/1016 2252/2939/1016
f 2296/2948/1019 2509/2950/1020 2252/2939/1016 2053/2937/1014
f 2057/2951/1020 2256/2953/1020 2510/2954/1020 2297/2952/1020
f 2256/2953/1020 2058/2768/905 2298/2770/905 2510/2954/1020
f 2510/2954/1020 2298/2770/905 2055/2772/907 2253/2943/1016
f 2297/2952/1020 2510/2954/1020 2253/2943/1016 2054/2941/1016
f 2013/2741/887 2257/2928/1009 2511/2955/1018 2179/2744/890
f 2257/2928/1009 2059/2927/1008 2299/2956/1019 2511/2955/1018
f 2511/2955/1018 2299/2956/1019 2056/2947/1019 2254/2945/1018
f 2179/2744/890 2511/2955/1018 2254/2945/1018 2012/2745/891
f 2059/2927/1008 2258/2932/1011 2512/2957/1020 2299/2956/1019
f 2258/2932/1011 2060/2931/1011 2300/2958/1020 2512/2957/1020
f 2512/2957/1020 2300/2958/1020 2057/2951/1020 2255/2949/1020
f 2299/2956/1019 2512/2957/1020 2255/2949/1020 2056/2947/1019
f 2060/2931/1011 2259/2934/1011 2513/2959/1020 2300/2958/1020
f 2259/2934/1011 2061/2763/902 2301/2766/905 2513/2959/1020
f 2513/2959/1020 2301/2766/905 2058/2768/905 2256/2953/1020
f 2300/2958/1020 2513/2959/1020 2256/2953/1020 2057/2951/1020
f 2025/2699/866 2260/2960/1021 2514/2961/1022 2149/2695/862
f 2260/2960/1021 2062/2962/1023 2302/2963/1024 2514/2961/1022
f 2514/2961/1022 2302/2963/1024 2035/2796/931 2233/2795/930
f 2149/2695/862 2514/2961/1022 2233/2795/930 2001/2644/827
f 2062/2962/1023 2261/2964/1025 2515/2965/1026 2302/2963/1024
f 2261/2964/1025 2063/2966/1025 2303/2967/1027 2515/2965/1026
f 2515/2965/1026 2303/2967/1027 2036/2897/991 2234/2901/991
f 2302/2963/1024 2515/2965/1026 2234/2901/991 2035/2796/931
f 2063/2966/1025 2262/2968/1025 2516/2969/1026 2303/2967/1027
f 2262/2968/1025 2064/2758/897 2304/2760/899 2516/2969/1026
f 2516/2969/1026 2304/2760/899 2037/2762/901 2235/2898/991
f 2303/2967/1027 2516/2969/1026 2235/2898/991 2036/2897/991
f 2024/2705/868 2263/2970/1028 2517/2971/1028 2191/2701/868
f 2263/2970/1028 2065/2972/1029 2305/2973/1029 2517/2971/1028
f 2517/2971/1028 2305/2973/1029 2062/2962/1023 2260/2960/1021
f 2191/2701/868 2517/2971/1028 2260/2960/1021 2025/2699/866
f 2065/2972/1029 2264/2974/1030 2518/2975/1030 2305/2973/1029
f 2264/2974/1030 2066/2976/1030 2306/2977/1030 2518/2975/1030
f 2518/2975/1030 2306/2977/1030 2063/2966/1025 2261/2964/1025
f 2305/2973/1029 2518/2975/1030 2261/2964/1025 2062/2962/1023
f 2066/2976/1030 2265/2978/1030 2519/2979/1030 2306/2977/1030
f 2265/2978/1030 2067/2754/895 2307/2756/895 2519/2979/1030
f 2519/2979/1030 2307/2756/895 2064/2758/897 2262/2968/1025
f 2306/2977/1030 2519/2979/1030 2262/2968/1025 2063/2966/1025
f 2023/2613/798 2266/2918/1003 2520/2980/1028 2190/2707/868
f 2266/2918/1003 2068/2917/1002 2308/2981/1029 2520/2980/1028
f 2520/2980/1028 2308/2981/1029 2065/2972/1029 2263/2970/1028
f 2190/2707/868 2520/2980/1028 2263/2970/1028 2024/2705/868
f 2068/2917/1002 2267/2922/1005 2521/2982/1030 2308/2981/1029
f 2267/2922/1005 2069/2921/1005 2309/2983/1030 2521/2982/1030
f 2521/2982/1030 2309/2983/1030 2066/2976/1030 2264/2974/1030
f 2308/2981/1029 2521/2982/1030 2264/2974/1030 2065/2972/1029
f 2069/2921/1005 2268/2924/1005 2522/2984/1030 2309/2983/1030
f 2268/2924/1005 2070/2749/892 2310/2752/895 2522/2984/1030
f 2522/2984/1030 2310/2752/895 2067/2754/895 2265/2978/1030
f 2309/2983/1030 2522/2984/1030 2265/2978/1030 2066/2976/1030
f 2048/2985/999 2246/2986/999 2523/2987/1031 2365/2988/1031
f 2246/2986/999 2047/2989/925 2368/2990/1032 2523/2987/1031
f 2523/2987/1031 2368/2990/1032 2128/2991/1033 2371/2992/1034
f 2365/2988/1031 2523/2987/1031 2371/2992/1034 2125/2993/1034
f 2125/2993/1034 2371/2992/1034 2524/2994/1035 2366/2995/1035
f 2371/2992/1034 2128/2991/1033 2369/2996/1036 2524/2994/1035
f 2524/2994/1035 2369/2996/1036 2129/2997/1036 2372/2998/1035
f 2366/2995/1035 2524/2994/1035 2372/2998/1035 2126/2999/1035
f 2126/2999/1035 2372/2998/1035 2525/3000/1035 2367/3001/1035
f 2372/2998/1035 2129/2997/1036 2370/3002/1036 2525/3000/1035
f 2525/3000/1035 2370/3002/1036 2130/2797/932 2373/2886/985
f 2367/3001/1035 2525/3000/1035 2373/2886/985 2127/2882/985
f 2049/3003/994 2247/3004/999 2526/3005/1031 2362/3006/1037
f 2247/3004/999 2048/2985/999 2365/2988/1031 2526/3005/1031
f 2526/3005/1031 2365/2988/1031 2125/2993/1034 2374/3007/1034
f 2362/3006/1037 2526/3005/1031 2374/3007/1034 2122/3008/1038
f 2122/3008/1038 2374/3007/1034 2527/3009/1035 2363/3010/1039
f 2374/3007/1034 2125/2993/1034 2366/2995/1035 2527/3009/1035
f 2527/3009/1035 2366/2995/1035 2126/2999/1035 2375/3011/1035
f 2363/3010/1039 2527/3009/1035 2375/3011/1035 2123/3012/1039
f 2123/3012/1039 2375/3011/1035 2528/3013/1035 2364/3014/1039
f 2375/3011/1035 2126/2999/1035 2367/3001/1035 2528/3013/1035
f 2528/3013/1035 2367/3001/1035 2127/2882/985 2376/2880/985
f 2364/3014/1039 2528/3013/1035 2376/2880/985 2124/2875/983
f 1999/3015/742 2219/3016/995 2529/3017/1040 2323/3018/809
f 2219/3016/995 2049/3003/994 2362/3006/1037 2529/3017/1040
f 2529/3017/1040 2362/3006/1037 2122/3008/1038 2377/3019/1041
f 2323/3018/809 2529/3017/1040 2377/3019/1041 2083/3020/810
f 2083/3020/810 2377/3019/1041 2530/3021/1042 2324/3022/1043
f 2377/3019/1041 2122/3008/1038 2363/3010/1039 2530/3021/1042
f 2530/3021/1042 2363/3010/1039 2123/3012/1039 2378/3023/1042
f 2324/3022/1043 2530/3021/1042 2378/3023/1042 2084/3024/1043
f 2084/3024/1043 2378/3023/1042 2531/3025/1042 2325/3026/1043
f 2378/3023/1042 2123/3012/1039 2364/3014/1039 2531/3025/1042
f 2531/3025/1042 2364/3014/1039 2124/2875/983 2379/2872/980
f 2325/3026/1043 2531/3025/1042 2379/2872/980 2085/2871/979
f 2042/3027/969 2240/3028/969 2532/3029/1044 2356/3030/1044
f 2240/3028/969 2041/3031/949 2359/3032/1045 2532/3029/1044
f 2532/3029/1044 2359/3032/1045 2119/3033/1046 2380/3034/1047
f 2356/3030/1044 2532/3029/1044 2380/3034/1047 2116/3035/1047
f 2116/3035/1047 2380/3034/1047 2533/3036/1048 2357/3037/1048
f 2380/3034/1047 2119/3033/1046 2360/3038/1049 2533/3036/1048
f 2533/3036/1048 2360/3038/1049 2120/3039/1049 2381/3040/1048
f 2357/3037/1048 2533/3036/1048 2381/3040/1048 2117/3041/1048
f 2117/3041/1048 2381/3040/1048 2534/3042/1048 2358/3043/1048
f 2381/3040/1048 2120/3039/1049 2361/3044/1049 2534/3042/1048
f 2534/3042/1048 2361/3044/1049 2121/2806/940 2382/2868/976
f 2358/3043/1048 2534/3042/1048 2382/2868/976 2118/2864/976
f 2043/3045/965 2241/3046/969 2535/3047/1044 2353/3048/1050
f 2241/3046/969 2042/3027/969 2356/3030/1044 2535/3047/1044
f 2535/3047/1044 2356/3030/1044 2116/3035/1047 2383/3049/1047
f 2353/3048/1050 2535/3047/1044 2383/3049/1047 2113/3050/1051
f 2113/3050/1051 2383/3049/1047 2536/3051/1048 2354/3052/1052
f 2383/3049/1047 2116/3035/1047 2357/3037/1048 2536/3051/1048
f 2536/3051/1048 2357/3037/1048 2117/3041/1048 2384/3053/1048
f 2354/3052/1052 2536/3051/1048 2384/3053/1048 2114/3054/1052
f 2114/3054/1052 2384/3053/1048 2537/3055/1048 2355/3056/1052
f 2384/3053/1048 2117/3041/1048 2358/3043/1048 2537/3055/1048
f 2537/3055/1048 2358/3043/1048 2118/2864/976 2385/2862/976
f 2355/3056/1052 2537/3055/1048 2385/2862/976 2115/2857/972
f 1994/3057/763 2217/3058/966 2538/3059/1053 2329/3060/1054
f 2217/3058/966 2043/3045/965 2353/3048/1050 2538/3059/1053
f 2538/3059/1053 2353/3048/1050 2113/3050/1051 2386/3061/1055
f 2329/3060/1054 2538/3059/1053 2386/3061/1055 2089/3062/1056
f 2089/3062/1056 2386/3061/1055 2539/3063/1057 2330/3064/1058
f 2386/3061/1055 2113/3050/1051 2354/3052/1052 2539/3063/1057
f 2539/3063/1057 2354/3052/1052 2114/3054/1052 2387/3065/1057
f 2330/3064/1058 2539/3063/1057 2387/3065/1057 2090/3066/1058
f 2090/3066/1058 2387/3065/1057 2540/3067/1057 2331/3068/1058
f 2387/3065/1057 2114/3054/1052 2355/3056/1052 2540/3067/1057
f 2540/3067/1057 2355/3056/1052 2115/2857/972 2388/2854/970
f 2331/3068/1058 2540/3067/1057 2388/2854/970 2091/2853/783
f 2041/3031/949 2239/3069/948 2541/3070/1059 2359/3032/1045
f 2239/3069/948 1992/3071/760 2326/3072/778 2541/3070/1059
f 2541/3070/1059 2326/3072/778 2086/3073/777 2389/3074/1060
f 2359/3032/1045 2541/3070/1059 2389/3074/1060 2119/3033/1046
f 2119/3033/1046 2389/3074/1060 2542/3075/1061 2360/3038/1049
f 2389/3074/1060 2086/3073/777 2327/3076/1062 2542/3075/1061
f 2542/3075/1061 2327/3076/1062 2087/3077/1062 2390/3078/1061
f 2360/3038/1049 2542/3075/1061 2390/3078/1061 2120/3039/1049
f 2120/3039/1049 2390/3078/1061 2543/3079/1061 2361/3044/1049
f 2390/3078/1061 2087/3077/1062 2328/3080/1062 2543/3079/1061
f 2543/3079/1061 2328/3080/1062 2088/2810/944 2391/2807/941
f 2361/3044/1049 2543/3079/1061 2391/2807/941 2121/2806/940
f 2047/2989/925 2245/3081/924 2544/3082/1063 2368/2990/1032
f 2245/3081/924 1997/3083/749 2332/3084/746 2544/3082/1063
f 2544/3082/1063 2332/3084/746 2092/3085/745 2392/3086/1064
f 2368/2990/1032 2544/3082/1063 2392/3086/1064 2128/2991/1033
f 2128/2991/1033 2392/3086/1064 2545/3087/1065 2369/2996/1036
f 2392/3086/1064 2092/3085/745 2333/3088/1066 2545/3087/1065
f 2545/3087/1065 2333/3088/1066 2093/3089/1066 2393/3090/1065
f 2369/2996/1036 2545/3087/1065 2393/3090/1065 2129/2997/1036
f 2129/2997/1036 2393/3090/1065 2546/3091/1065 2370/3002/1036
f 2393/3090/1065 2093/3089/1066 2334/3092/1066 2546/3091/1065
f 2546/3091/1065 2334/3092/1066 2094/2801/936 2394/2798/933
f 2370/3002/1036 2546/3091/1065 2394/2798/933 2130/2797/932
f 2021/2703/869 2208/3093/1067 2547/3094/1067 2187/2708/869
f 2208/3093/1067 2109/3095/1068 2395/3096/1068 2547/3094/1067
f 2547/3094/1067 2395/3096/1068 2112/3097/1069 2209/3098/1070
f 2187/2708/869 2547/3094/1067 2209/3098/1070 2020/2617/802
f 2109/3095/1068 2349/3099/1071 2548/3100/1071 2395/3096/1068
f 2349/3099/1071 2108/3101/1071 2396/3102/1071 2548/3100/1071
f 2548/3100/1071 2396/3102/1071 2111/3103/1072 2352/3104/1072
f 2395/3096/1068 2548/3100/1071 2352/3104/1072 2112/3097/1069
f 2108/3101/1071 2348/3105/1071 2549/3106/1071 2396/3102/1071
f 2348/3105/1071 2107/2735/884 2397/2737/884 2549/3106/1071
f 2549/3106/1071 2397/2737/884 2110/2574/765 2351/3107/1072
f 2396/3102/1071 2549/3106/1071 2351/3107/1072 2111/3103/1072
f 2022/2697/864 2207/3108/1073 2550/3109/1067 2188/2702/869
f 2207/3108/1073 2106/3110/1074 2398/3111/1068 2550/3109/1067
f 2550/3109/1067 2398/3111/1068 2109/3095/1068 2208/3093/1067
f 2188/2702/869 2550/3109/1067 2208/3093/1067 2021/2703/869
f 2106/3110/1074 2346/3112/1075 2551/3113/1071 2398/3111/1068
f 2346/3112/1075 2105/3114/1075 2399/3115/1071 2551/3113/1071
f 2551/3113/1071 2399/3115/1071 2108/3101/1071 2349/3099/1071
f 2398/3111/1068 2551/3113/1071 2349/3099/1071 2109/3095/1068
f 2105/3114/1075 2345/3116/1075 2552/3117/1071 2399/3115/1071
f 2345/3116/1075 2104/2729/882 2400/2731/884 2552/3117/1071
f 2552/3117/1071 2400/2731/884 2107/2735/884 2348/3105/1071
f 2399/3115/1071 2552/3117/1071 2348/3105/1071 2108/3101/1071
f 1990/2640/823 2317/3118/1076 2553/3119/1077 2147/2696/863
f 2317/3118/1076 2077/3120/1078 2401/3121/1079 2553/3119/1077
f 2553/3119/1077 2401/3121/1079 2106/3110/1074 2207/3108/1073
f 2147/2696/863 2553/3119/1077 2207/3108/1073 2022/2697/864
f 2077/3120/1078 2318/3122/1080 2554/3123/1081 2401/3121/1079
f 2318/3122/1080 2078/3124/1080 2402/3125/1082 2554/3123/1081
f 2554/3123/1081 2402/3125/1082 2105/3114/1075 2346/3112/1075
f 2401/3121/1079 2554/3123/1081 2346/3112/1075 2106/3110/1074
f 2078/3124/1080 2319/3126/1080 2555/3127/1082 2402/3125/1082
f 2319/3126/1080 2079/2597/782 2403/2725/880 2555/3127/1082
f 2555/3127/1082 2403/2725/880 2104/2729/882 2345/3116/1075
f 2402/3125/1082 2555/3127/1082 2345/3116/1075 2105/3114/1075
f 2018/2688/860 2205/3128/1083 2556/3129/1083 2184/2693/860
f 2205/3128/1083 2100/3130/1084 2404/3131/1084 2556/3129/1083
f 2556/3129/1083 2404/3131/1084 2103/3132/1085 2206/3133/1086
f 2184/2693/860 2556/3129/1083 2206/3133/1086 2017/2636/819
f 2100/3130/1084 2340/3134/1087 2557/3135/1087 2404/3131/1084
f 2340/3134/1087 2099/3136/1087 2405/3137/1087 2557/3135/1087
f 2557/3135/1087 2405/3137/1087 2102/3138/1088 2343/3139/1088
f 2404/3131/1084 2557/3135/1087 2343/3139/1088 2103/3132/1085
f 2099/3136/1087 2339/3140/1087 2558/3141/1087 2405/3137/1087
f 2339/3140/1087 2098/2720/877 2406/2722/877 2558/3141/1087
f 2558/3141/1087 2406/2722/877 2101/2607/792 2342/3142/1088
f 2405/3137/1087 2558/3141/1087 2342/3142/1088 2102/3138/1088
f 2019/2682/855 2204/3143/1089 2559/3144/1083 2185/2687/860
f 2204/3143/1089 2097/3145/1090 2407/3146/1084 2559/3144/1083
f 2559/3144/1083 2407/3146/1084 2100/3130/1084 2205/3128/1083
f 2185/2687/860 2559/3144/1083 2205/3128/1083 2018/2688/860
f 2097/3145/1090 2337/3147/1091 2560/3148/1087 2407/3146/1084
f 2337/3147/1091 2096/3149/1091 2408/3150/1087 2560/3148/1087
f 2560/3148/1087 2408/3150/1087 2099/3136/1087 2340/3134/1087
f 2407/3146/1084 2560/3148/1087 2340/3134/1087 2100/3130/1084
f 2096/3149/1091 2336/3151/1091 2561/3152/1087 2408/3150/1087
f 2336/3151/1091 2095/2714/875 2409/2716/877 2561/3152/1087
f 2561/3152/1087 2409/2716/877 2098/2720/877 2339/3140/1087
f 2408/3150/1087 2561/3152/1087 2339/3140/1087 2099/3136/1087
f 1996/2651/832 2151/3153/1092 2562/3154/1093 2146/2681/854
f 2151/3153/1092 2082/3155/1094 2410/3156/1095 2562/3154/1093
f 2562/3154/1093 2410/3156/1095 2097/3145/1090 2204/3143/1089
f 2146/2681/854 2562/3154/1093 2204/3143/1089 2019/2682/855
f 2082/3155/1094 2322/3157/1096 2563/3158/1097 2410/3156/1095
f 2322/3157/1096 2081/3159/1096 2411/3160/1097 2563/3158/1097
f 2563/3158/1097 2411/3160/1097 2096/3149/1091 2337/3147/1091
f 2410/3156/1095 2563/3158/1097 2337/3147/1091 2097/3145/1090
f 2081/3159/1096 2321/3161/1096 2564/3162/1097 2411/3160/1097
f 2321/3161/1096 2080/2562/753 2412/2710/871 2564/3162/1097
f 2564/3162/1097 2412/2710/871 2095/2714/875 2336/3151/1091
f 2411/3160/1097 2564/3162/1097 2336/3151/1091 2096/3149/1091
f 1988/2619/804 2311/3163/1098 2565/3164/1099 2144/3165/814
f 2311/3163/1098 2071/3166/1100 2413/3167/1101 2565/3164/1099
f 2565/3164/1099 2413/3167/1101 2085/3168/979 2159/3169/982
f 2144/3165/814 2565/3164/1099 2159/3169/982 1987/3170/811
f 2071/3166/1100 2312/3171/1102 2566/3172/1103 2413/3167/1101
f 2312/3171/1102 2072/3173/1102 2414/3174/1103 2566/3172/1103
f 2566/3172/1103 2414/3174/1103 2084/3175/1043 2325/3176/1043
f 2413/3167/1101 2566/3172/1103 2325/3176/1043 2085/3168/979
f 2072/3173/1102 2313/3177/1102 2567/3178/1104 2414/3174/1103
f 2313/3177/1102 2073/2582/772 2415/2623/808 2567/3178/1104
f 2567/3178/1104 2415/2623/808 2083/2627/810 2324/3179/1043
f 2414/3174/1103 2567/3178/1104 2324/3179/1043 2084/3175/1043
f 2017/2636/819 2206/3133/1086 2568/3180/1105 2183/2637/820
f 2206/3133/1086 2103/3132/1085 2416/3181/1106 2568/3180/1105
f 2568/3180/1105 2416/3181/1106 2076/2606/791 2148/2605/790
f 2183/2637/820 2568/3180/1105 2148/2605/790 1995/2604/789
f 2103/3132/1085 2343/3139/1088 2569/3182/1107 2416/3181/1106
f 2343/3139/1088 2102/3138/1088 2417/3183/1108 2569/3182/1107
f 2569/3182/1107 2417/3183/1108 2075/3184/1109 2316/3185/1109
f 2416/3181/1106 2569/3182/1107 2316/3185/1109 2076/2606/791
f 2102/3138/1088 2342/3142/1088 2570/3186/1107 2417/3183/1108
f 2342/3142/1088 2101/2607/792 2418/2610/795 2570/3186/1107
f 2570/3186/1107 2418/2610/795 2074/2612/797 2315/3187/1109
f 2417/3183/1108 2570/3186/1107 2315/3187/1109 2075/3184/1109
f 1994/3188/763 2329/3189/1054 2571/3190/1110 2134/3191/764
f 2329/3189/1054 2089/3192/1056 2419/3193/1111 2571/3190/1110
f 2571/3190/1110 2419/3193/1111 2074/2612/797 2314/2611/796
f 2134/3191/764 2571/3190/1110 2314/2611/796 1985/2546/737
f 2089/3192/1056 2330/3194/1058 2572/3195/1112 2419/3193/1111
f 2330/3194/1058 2090/3196/1058 2420/3197/1112 2572/3195/1112
f 2572/3195/1112 2420/3197/1112 2075/3184/1109 2315/3187/1109
f 2419/3193/1111 2572/3195/1112 2315/3187/1109 2074/2612/797
f 2090/3196/1058 2331/3198/1058 2573/3199/1113 2420/3197/1112
f 2331/3198/1058 2091/2598/783 2421/2601/786 2573/3199/1113
f 2573/3199/1113 2421/2601/786 2076/2606/791 2316/3185/1109
f 2420/3197/1112 2573/3199/1113 2316/3185/1109 2075/3184/1109
f 1993/3200/829 2161/3201/945 2574/3202/1114 2165/3203/826
f 2161/3201/945 2088/3204/944 2422/3205/1115 2574/3202/1114
f 2574/3202/1114 2422/3205/1115 2077/3120/1078 2317/3118/1076
f 2165/3203/826 2574/3202/1114 2317/3118/1076 1990/2640/823
f 2088/3204/944 2328/3206/1062 2575/3207/1116 2422/3205/1115
f 2328/3206/1062 2087/3208/1062 2423/3209/1117 2575/3207/1116
f 2575/3207/1116 2423/3209/1117 2078/3124/1080 2318/3122/1080
f 2422/3205/1115 2575/3207/1116 2318/3122/1080 2077/3120/1078
f 2087/3208/1062 2327/3210/1062 2576/3211/1117 2423/3209/1117
f 2327/3210/1062 2086/2589/777 2424/2592/780 2576/3211/1117
f 2576/3211/1117 2424/2592/780 2079/2597/782 2319/3126/1080
f 2423/3209/1117 2576/3211/1117 2319/3126/1080 2078/3124/1080
f 2020/2617/802 2209/3098/1070 2577/3212/1118 2186/2618/803
f 2209/3098/1070 2112/3097/1069 2425/3213/1119 2577/3212/1118
f 2577/3212/1118 2425/3213/1119 2071/3166/1100 2311/3163/1098
f 2186/2618/803 2577/3212/1118 2311/3163/1098 1988/2619/804
f 2112/3097/1069 2352/3104/1072 2578/3214/1120 2425/3213/1119
f 2352/3104/1072 2111/3103/1072 2426/3215/1120 2578/3214/1120
f 2578/3214/1120 2426/3215/1120 2072/3173/1102 2312/3171/1102
f 2425/3213/1119 2578/3214/1120 2312/3171/1102 2071/3166/1100
f 2111/3103/1072 2351/3107/1072 2579/3216/1120 2426/3215/1120
f 2351/3107/1072 2110/2574/765 2427/2577/768 2579/3216/1120
f 2579/3216/1120 2427/2577/768 2073/2582/772 2313/3177/1102
f 2426/3215/1120 2579/3216/1120 2313/3177/1102 2072/3173/1102
f 1998/3217/838 2163/3218/937 2580/3219/1121 2167/3220/835
f 2163/3218/937 2094/3221/936 2428/3222/1122 2580/3219/1121
f 2580/3219/1121 2428/3222/1122 2082/3155/1094 2151/3153/1092
f 2167/3220/835 2580/3219/1121 2151/3153/1092 1996/2651/832
f 2094/3221/936 2334/3223/1066 2581/3224/1123 2428/3222/1122
f 2334/3223/1066 2093/3225/1066 2429/3226/1123 2581/3224/1123
f 2581/3224/1123 2429/3226/1123 2081/3159/1096 2322/3157/1096
f 2428/3222/1122 2581/3224/1123 2322/3157/1096 2082/3155/1094
f 2093/3225/1066 2333/3227/1066 2582/3228/1123 2429/3226/1123
f 2333/3227/1066 2092/2554/745 2430/2557/748 2582/3228/1123
f 2582/3228/1123 2430/2557/748 2080/2562/753 2321/3161/1096
f 2429/3226/1123 2582/3228/1123 2321/3161/1096 2081/3159/1096
g Left_Leg_Left_Leg
v -0.908379 1.866712 0.480742
v -0.908379 0.133287 0.480741
v -0.091620 0.133287 0.480741
v -0.091620 1.866712 0.480741
v -0.980740 1.866712 0.408381
v -0.980740 0.133287 0.408380
v -0.019259 0.133287 0.408380
v -0.908379 1.980740 0.408381
v -0.980741 1.866712 -0.408379
v -0.980741 0.133287 -0.408379
v -0.908379 0.019259 0.408380
v -0.908380 0.019259 -0.408379
v -0.091620 0.019259 0.408380
v -0.091621 0.019259 -0.408380
v -0.019259 0.133287 -0.408380
v -0.019259 1.866712 -0.408379
v -0.019259 1.866712 0.408380
v -0.091620 1.980740 0.408380
v -0.091621 1.980740 -0.408379
v -0.908380 1.980740 -0.408379
v -0.908380 1.866712 -0.480740
v -0.908380 0.133287 -0.480740
v -0.091621 0.133287 -0.480741
v -0.091621 1.866712 -0.480740
v -0.909583 1.467499 0.489168
v -0.909583 0.999999 0.489167
v -0.909583 0.532499 0.489167
v -0.090416 0.532499 0.489167
v -0.090416 0.999999 0.489167
v -0.090416 1.467499 0.489167
v -0.010834 0.532500 -0.409583
v -0.010834 1.000000 -0.409583
v -0.010834 1.467499 -0.409583
v -0.989166 1.467499 0.409584
v -0.989166 1.000000 0.409584
v -0.989166 0.532500 0.409584
v -0.989167 1.467499 -0.409582
v -0.989167 1.000000 -0.409583
v -0.989167 0.532500 -0.409583
v -0.909584 1.467500 -0.489166
v -0.909584 1.000000 -0.489166
v -0.909584 0.532500 -0.489166
v -0.090417 0.532500 -0.489167
v -0.090417 1.000000 -0.489166
v -0.090417 1.467500 -0.489166
v -0.010833 0.532500 0.409583
v -0.010833 1.000000 0.409583
v -0.010833 1.467499 0.409584
v -0.717500 1.867916 0.489168
v -0.500000 1.867916 0.489167
v -0.282500 1.867916 0.489167
v -0.717500 0.132083 0.489167
v -0.500000 0.132083 0.489167
v -0.282500 0.132083 0.489167
v -0.282500 1.989166 -0.409583
v -0.500000 1.989166 -0.409583
v -0.717500 1.989166 -0.409582
v -0.717500 0.132083 -0.489166
v -0.500000 0.132083 -0.489166
v -0.282500 0.132083 -0.489167
v -0.717500 1.867916 -0.489166
v -0.500000 1.867916 -0.489166
v -0.282500 1.867916 -0.489166
v -0.717500 0.010833 0.409584
v -0.500000 0.010833 0.409584
v -0.282500 0.010833 0.409583
v -0.282500 1.989166 0.409584
v -0.500000 1.989166 0.409584
v -0.717500 1.989166 0.409584
v -0.717500 0.010833 -0.409583
v -0.500000 0.010833 -0.409583
v -0.282500 0.010833 -0.409583
v -0.282500 0.532499 0.500000
v -0.500000 0.532499 0.500000
v -0.717500 0.532499 0.500000
v -0.282500 0.999999 0.500000
v -0.500000 0.999999 0.500000
v -0.717500 0.999999 0.500001
v -0.282500 1.467499 0.500000
v -0.500000 1.467499 0.500001
v -0.717500 1.467499 0.500001
v -0.717500 0.532500 -0.500000
v -0.500000 0.532500 -0.500000
v -0.282500 0.532500 -0.500000
v -0.717500 1.000000 -0.499999
v -0.500000 1.000000 -0.500000
v -0.282500 1.000000 -0.500000
v -0.717500 1.467500 -0.499999
v -0.500000 1.467500 -0.499999
v -0.282500 1.467500 -0.500000
v -0.989166 1.867916 0.217501
v -0.989167 1.867916 0.000001
v -0.989167 1.867916 -0.217499
v -0.989166 0.132083 0.217501
v -0.989167 0.132083 0.000001
v -0.989167 0.132083 -0.217499
v -0.010833 1.867916 -0.217500
v -0.010833 1.867916 0.000000
v -0.010833 1.867916 0.217500
v -0.909583 1.989166 0.217501
v -0.909583 1.989166 0.000001
v -0.909584 1.989166 -0.217499
v -0.090416 0.010833 0.217500
v -0.090417 0.010833 -0.000000
v -0.090417 0.010833 -0.217500
v -0.090416 1.989166 0.217501
v -0.090417 1.989166 0.000000
v -0.090417 1.989166 -0.217500
v -0.010833 0.132083 -0.217500
v -0.010833 0.132083 -0.000000
v -0.010833 0.132083 0.217500
v -0.909584 0.010833 -0.217500
v -0.909583 0.010833 0.000000
v -0.909583 0.010833 0.217501
v 0.000000 1.467499 0.217500
v 0.000000 1.467499 0.000000
v -0.000000 1.467499 -0.217500
v 0.000000 1.000000 0.217500
v 0.000000 0.999999 0.000000
v -0.000000 1.000000 -0.217500
v 0.000000 0.532500 0.217500
v 0.000000 0.532500 0.000000
v -0.000000 0.532500 -0.217500
v -1.000000 0.532500 0.217501
v -1.000000 0.532500 0.000001
v -1.000000 0.532500 -0.217499
v -1.000000 1.000000 0.217501
v -1.000000 0.999999 0.000001
v -1.000000 1.000000 -0.217499
v -1.000000 1.467499 0.217501
v -1.000000 1.467499 0.000001
v -1.000000 1.467499 -0.217499
v -0.717500 1.999999 0.217501
v -0.717500 1.999999 0.000001
v -0.717500 1.999999 -0.217499
v -0.500000 1.999999 0.217501
v -0.500000 1.999999 0.000001
v -0.500000 1.999999 -0.217499
v -0.282500 1.999999 0.217501
v -0.282500 1.999999 0.000001
v -0.282500 1.999999 -0.217499
v -0.282500 -0.000000 0.217500
v -0.282500 -0.000000 0.000000
v -0.282500 -0.000000 -0.217500
v -0.500000 -0.000000 0.217500
v -0.500000 -0.000000 0.000000
v -0.500000 -0.000000 -0.217500
v -0.717500 -0.000000 0.217500
v -0.717500 -0.000000 0.000000
v -0.717500 -0.000000 -0.217500
v -0.909433 0.307285 0.488114
v -0.177077 1.867765 0.488114
v -0.958906 1.865208 0.458907
v -0.041093 0.134791 0.458906
v -0.958906 1.953697 0.406876
v -0.958906 0.046302 0.406876
v -0.177077 0.132234 0.488113
v -0.041093 1.953697 0.406875
v -0.090567 1.692713 0.488114
v -0.958906 0.134791 0.458907
v -0.958907 0.134791 -0.458906
v -0.041094 0.046302 -0.406875
v -0.011887 1.692714 -0.409433
v -0.988113 0.307286 0.409434
v -0.988114 1.867766 -0.322921
v -0.988114 0.132234 -0.322922
v -0.041094 0.134792 -0.458906
v -0.822923 1.988113 -0.409432
v -0.958907 1.865208 -0.458905
v -0.988114 0.307286 -0.409432
v -0.011886 1.867765 0.322923
v -0.909433 0.307286 -0.488113
v -0.177078 0.132234 -0.488113
v -0.177078 1.867766 -0.488113
v -0.041094 1.865208 -0.458906
v -0.090567 1.692714 -0.488113
v -0.906875 1.953697 0.458907
v -0.906875 0.046302 0.458907
v -0.093125 1.953697 0.458907
v -0.909433 1.988113 -0.322922
v -0.177077 0.011886 0.409433
v -0.090567 0.011886 -0.322923
v -0.041093 0.046302 0.406875
v -0.011886 1.692713 0.409433
v -0.090567 1.988113 -0.322922
v -0.822922 1.988113 0.409434
v -0.958907 1.953697 -0.406874
v -0.906875 1.953697 -0.458905
v -0.958907 0.046302 -0.406875
v -0.041094 1.953697 -0.406875
v -0.093125 0.046302 0.458906
v -0.011886 0.132233 0.322922
v -0.041093 1.865208 0.458907
v -0.093125 1.953697 -0.458906
v -0.909433 0.011886 0.322923
v -0.906875 0.046302 -0.458906
v -0.177078 0.011886 -0.409433
v -0.093125 0.046302 -0.458906
v -0.909433 1.692713 0.488114
v -0.909583 1.233749 0.489167
v -0.909583 0.766249 0.489167
v -0.090567 0.307286 0.488113
v -0.090416 0.766249 0.489167
v -0.090416 1.233749 0.489167
v -0.011887 0.307286 -0.409433
v -0.010834 0.766250 -0.409583
v -0.010834 1.233750 -0.409583
v -0.988113 1.692713 0.409434
v -0.989166 1.233750 0.409584
v -0.989166 0.766250 0.409584
v -0.988114 1.692714 -0.409432
v -0.989167 1.233750 -0.409583
v -0.989167 0.766250 -0.409583
v -0.909433 1.692714 -0.488112
v -0.909584 1.233750 -0.489166
v -0.909584 0.766250 -0.489166
v -0.090567 0.307286 -0.488113
v -0.090417 0.766250 -0.489166
v -0.090417 1.233750 -0.489166
v -0.011886 0.307286 0.409433
v -0.010833 0.766250 0.409583
v -0.010833 1.233750 0.409584
v -0.823073 0.532499 0.498646
v -0.823073 0.999999 0.498646
v -0.823073 1.467499 0.498647
v -0.176927 0.532500 -0.498646
v -0.176927 1.000000 -0.498646
v -0.176927 1.467500 -0.498645
v -0.037031 1.467499 -0.462968
v -0.037031 1.000000 -0.462969
v -0.037031 0.532500 -0.462969
v -0.001354 1.467499 -0.323073
v -0.001354 1.000000 -0.323073
v -0.001354 0.532500 -0.323073
v -0.962969 0.532500 -0.462968
v -0.962969 1.000000 -0.462968
v -0.962969 1.467499 -0.462968
v -0.998646 0.532500 -0.323072
v -0.998646 1.000000 -0.323072
v -0.998646 1.467499 -0.323072
v -0.037031 1.467499 0.462969
v -0.037031 0.999999 0.462969
v -0.037031 0.532500 0.462969
v -0.962968 0.532500 0.462969
v -0.962968 0.999999 0.462969
v -0.962968 1.467499 0.462970
v -0.822922 1.867765 0.488114
v -0.608750 1.867916 0.489168
v -0.391250 1.867916 0.489167
v -0.822922 0.132234 0.488114
v -0.608750 0.132083 0.489167
v -0.391250 0.132083 0.489167
v -0.177078 1.988113 -0.409432
v -0.391250 1.989166 -0.409583
v -0.608750 1.989166 -0.409583
v -0.822923 0.132234 -0.488113
v -0.608750 0.132083 -0.489166
v -0.391250 0.132083 -0.489166
v -0.822923 1.867766 -0.488113
v -0.608750 1.867916 -0.489166
v -0.391250 1.867916 -0.489166
v -0.822922 0.011886 0.409433
v -0.608750 0.010833 0.409584
v -0.391250 0.010833 0.409584
v -0.177077 1.988113 0.409433
v -0.391250 1.989166 0.409584
v -0.608750 1.989166 0.409584
v -0.822923 0.011886 -0.409432
v -0.608750 0.010833 -0.409583
v -0.391250 0.010833 -0.409583
v -0.176927 0.532499 0.498646
v -0.391250 0.532499 0.500000
v -0.608750 0.532499 0.500000
v -0.176927 0.999999 0.498646
v -0.391250 0.999999 0.500000
v -0.608750 0.999999 0.500000
v -0.176927 1.467499 0.498646
v -0.391250 1.467499 0.500001
v -0.608750 1.467499 0.500001
v -0.823073 0.532500 -0.498645
v -0.608750 0.532500 -0.500000
v -0.391250 0.532500 -0.500000
v -0.823073 1.000000 -0.498645
v -0.608750 1.000000 -0.499999
v -0.391250 1.000000 -0.500000
v -0.823073 1.467500 -0.498645
v -0.608750 1.467500 -0.499999
v -0.391250 1.467500 -0.499999
v -0.717500 1.233750 -0.499999
v -0.500000 1.233750 -0.499999
v -0.282500 1.233750 -0.500000
v -0.717500 0.766250 -0.499999
v -0.500000 0.766250 -0.500000
v -0.282500 0.766250 -0.500000
v -0.717500 0.307135 -0.498645
v -0.500000 0.307135 -0.498646
v -0.282500 0.307135 -0.498646
v -0.282500 1.233749 0.500000
v -0.500000 1.233749 0.500000
v -0.717500 1.233749 0.500001
v -0.282500 0.766249 0.500000
v -0.500000 0.766249 0.500000
v -0.717500 0.766249 0.500001
v -0.282500 0.307135 0.498646
v -0.500000 0.307135 0.498646
v -0.717500 0.307135 0.498646
v -0.282500 1.692864 0.498646
v -0.500000 1.692864 0.498647
v -0.717500 1.692864 0.498647
v -0.282500 0.042239 0.462969
v -0.500000 0.042239 0.462969
v -0.717500 0.042239 0.462969
v -0.717500 1.998645 -0.323072
v -0.500000 1.998645 -0.323072
v -0.282500 1.998645 -0.323072
v -0.717500 1.692864 -0.498645
v -0.500000 1.692864 -0.498645
v -0.282500 1.692864 -0.498645
v -0.717500 1.957760 0.462970
v -0.500000 1.957760 0.462970
v -0.282500 1.957760 0.462969
v -0.282500 0.042240 -0.462969
v -0.500000 0.042239 -0.462969
v -0.717500 0.042240 -0.462968
v -0.282500 0.001354 -0.323073
v -0.500000 0.001354 -0.323073
v -0.717500 0.001354 -0.323073
v -0.717500 1.957760 -0.462968
v -0.500000 1.957760 -0.462968
v -0.282500 1.957760 -0.462968
v -0.988113 1.867765 0.322924
v -0.989167 1.867916 0.108751
v -0.989167 1.867916 -0.108749
v -0.988113 0.132234 0.322923
v -0.989167 0.132083 0.108751
v -0.989167 0.132083 -0.108749
v -0.011887 1.867766 -0.322922
v -0.010833 1.867916 -0.108750
v -0.010833 1.867916 0.108750
v -0.909433 1.988113 0.322924
v -0.909583 1.989166 0.108751
v -0.909583 1.989166 -0.108749
v -0.090567 0.011886 0.322922
v -0.090417 0.010833 0.108750
v -0.090417 0.010833 -0.108750
v -0.090567 1.988113 0.322923
v -0.090417 1.989166 0.108751
v -0.090417 1.989166 -0.108750
v -0.011887 0.132234 -0.322923
v -0.010833 0.132083 -0.108750
v -0.010833 0.132083 0.108750
v -0.909433 0.011886 -0.322922
v -0.909583 0.010833 -0.108750
v -0.909583 0.010833 0.108750
v -0.001354 1.467499 0.323073
v 0.000000 1.467499 0.108750
v 0.000000 1.467499 -0.108750
v -0.001354 1.000000 0.323073
v 0.000000 0.999999 0.108750
v 0.000000 1.000000 -0.108750
v -0.001354 0.532500 0.323073
v 0.000000 0.532500 0.108750
v 0.000000 0.532500 -0.108750
v -0.998646 0.532500 0.323074
v -1.000000 0.532500 0.108751
v -1.000000 0.532500 -0.108749
v -0.998646 1.000000 0.323074
v -1.000000 0.999999 0.108751
v -1.000000 1.000000 -0.108749
v -0.998646 1.467499 0.323074
v -1.000000 1.467499 0.108751
v -1.000000 1.467499 -0.108749
v -0.717500 1.998645 0.323074
v -0.717500 1.999999 0.108751
v -0.717500 1.999999 -0.108749
v -0.500000 1.998645 0.323074
v -0.500000 1.999999 0.108751
v -0.500000 1.999999 -0.108749
v -0.282500 1.998645 0.323074
v -0.282500 1.999999 0.108751
v -0.282500 1.999999 -0.108749
v -0.282500 0.001354 0.323073
v -0.282500 -0.000000 0.108750
v -0.282500 -0.000000 -0.108750
v -0.500000 0.001354 0.323073
v -0.500000 -0.000000 0.108750
v -0.500000 -0.000000 -0.108750
v -0.717500 0.001354 0.323073
v -0.717500 -0.000000 0.108750
v -0.717500 -0.000000 -0.108750
v -0.608750 -0.000000 -0.217500
v -0.608750 -0.000000 0.000000
v -0.608750 -0.000000 0.217500
v -0.391250 -0.000000 -0.217500
v -0.391250 -0.000000 0.000000
v -0.391250 -0.000000 0.217500
v -0.176927 0.001354 -0.217500
v -0.176927 0.001354 -0.000000
v -0.176927 0.001354 0.217500
v -0.391250 1.999999 -0.217499
v -0.391250 1.999999 0.000001
v -0.391250 1.999999 0.217501
v -0.608750 1.999999 -0.217499
v -0.608750 1.999999 0.000001
v -0.608750 1.999999 0.217501
v -0.823073 1.998645 -0.217499
v -0.823073 1.998645 0.000001
v -0.823073 1.998645 0.217501
v -1.000000 1.233750 -0.217499
v -1.000000 1.233749 0.000001
v -1.000000 1.233750 0.217501
v -1.000000 0.766250 -0.217499
v -1.000000 0.766250 0.000001
v -1.000000 0.766250 0.217501
v -0.998646 0.307135 -0.217499
v -0.998646 0.307135 0.000001
v -0.998646 0.307135 0.217501
v -0.000000 0.766250 -0.217500
v 0.000000 0.766250 0.000000
v 0.000000 0.766250 0.217500
v -0.000000 1.233750 -0.217500
v 0.000000 1.233749 0.000000
v 0.000000 1.233750 0.217500
v -0.001354 1.692864 -0.217500
v -0.001354 1.692864 0.000000
v -0.001354 1.692864 0.217500
v -0.176927 1.998645 -0.217499
v -0.176927 1.998645 0.000001
v -0.176927 1.998645 0.217501
v -0.037031 1.957760 -0.217500
v -0.037031 1.957760 0.000000
v -0.037031 1.957760 0.217500
v -0.001354 0.307135 -0.217500
v -0.001354 0.307135 -0.000000
v -0.001354 0.307135 0.217500
v -0.037031 0.042239 -0.217500
v -0.037031 0.042239 -0.000000
v -0.037031 0.042239 0.217500
v -0.823073 0.001354 -0.217500
v -0.823073 0.001354 0.000000
v -0.823073 0.001354 0.217500
v -0.998646 1.692864 -0.217499
v -0.998646 1.692864 0.000001
v -0.998646 1.692864 0.217501
v -0.962969 0.042239 -0.217500
v -0.962969 0.042239 0.000001
v -0.962969 0.042239 0.217501
v -0.962969 1.957760 0.217501
v -0.962969 1.957760 0.000001
v -0.962969 1.957760 -0.217499
v -0.962461 1.692525 0.462462
v -0.949869 1.942056 0.449871
v -0.962461 1.957252 -0.322733
v -0.949870 0.057943 0.449870
v -0.037539 0.307474 0.462461
v -0.050130 0.057943 0.449870
v -0.962461 0.042747 0.322735
v -0.050130 1.942056 0.449870
v -0.177266 1.957252 -0.462460
v -0.997329 1.692845 0.323055
v -0.962461 1.692526 -0.462460
v -0.823054 0.002670 0.323055
v -0.037539 0.042747 0.322734
v -0.002670 0.307154 0.323054
v -0.037539 1.957252 0.322735
v -0.822735 0.042747 -0.462461
v -0.949870 1.942057 -0.449869
v -0.037539 0.307474 -0.462461
v -0.949870 0.057943 -0.449869
v -0.177265 1.957252 0.462462
v -0.050131 0.057943 -0.449870
v -0.176946 1.692845 -0.497329
v -0.050130 1.942057 -0.449869
v -0.176946 1.997328 0.323055
v -0.822734 0.042747 0.462461
v -0.823054 1.692845 0.497330
v -0.823054 0.307154 0.497330
v -0.823073 0.766249 0.498646
v -0.823073 1.233749 0.498646
v -0.176946 0.307154 -0.497329
v -0.176927 0.766250 -0.498646
v -0.176927 1.233750 -0.498645
v -0.037539 1.692526 -0.462461
v -0.037031 1.233750 -0.462969
v -0.037031 0.766250 -0.462969
v -0.002670 1.692845 0.323055
v -0.001354 1.233750 0.323073
v -0.001354 0.766250 0.323073
v -0.962461 0.307474 -0.462460
v -0.962969 0.766250 -0.462968
v -0.962969 1.233750 -0.462968
v -0.997329 0.307154 0.323055
v -0.998646 0.766250 0.323074
v -0.998646 1.233750 0.323074
v -0.037539 1.692525 0.462461
v -0.037031 1.233749 0.462969
v -0.037031 0.766249 0.462969
v -0.962461 0.307474 0.462462
v -0.962968 0.766249 0.462969
v -0.962968 1.233749 0.462970
v -0.823073 1.233750 -0.498645
v -0.608750 1.233750 -0.499999
v -0.391250 1.233750 -0.500000
v -0.823073 0.766250 -0.498645
v -0.608750 0.766250 -0.500000
v -0.391250 0.766250 -0.500000
v -0.823054 0.307154 -0.497329
v -0.608750 0.307135 -0.498645
v -0.391250 0.307135 -0.498646
v -0.176927 1.233749 0.498646
v -0.391250 1.233749 0.500000
v -0.608750 1.233749 0.500001
v -0.176927 0.766249 0.498646
v -0.391250 0.766249 0.500000
v -0.608750 0.766249 0.500000
v -0.176946 0.307154 0.497329
v -0.391250 0.307135 0.498646
v -0.608750 0.307135 0.498646
v -0.176945 1.692845 0.497330
v -0.391250 1.692864 0.498646
v -0.608750 1.692864 0.498647
v -0.177265 0.042747 0.462461
v -0.391250 0.042239 0.462969
v -0.608750 0.042239 0.462969
v -0.823054 1.997328 0.323055
v -0.608750 1.998645 0.323074
v -0.391250 1.998645 0.323074
v -0.823054 1.692845 -0.497328
v -0.608750 1.692864 -0.498645
v -0.391250 1.692864 -0.498645
v -0.822734 1.957252 0.462462
v -0.608750 1.957760 0.462970
v -0.391250 1.957760 0.462969
v -0.177266 0.042747 -0.462461
v -0.391250 0.042239 -0.462969
v -0.608750 0.042239 -0.462968
v -0.176946 0.002670 0.323054
v -0.391250 0.001354 0.323073
v -0.608750 0.001354 0.323073
v -0.822735 1.957252 -0.462460
v -0.608750 1.957760 -0.462968
v -0.391250 1.957760 -0.462968
v -0.608750 0.001354 -0.323073
v -0.608750 -0.000000 -0.108750
v -0.608750 -0.000000 0.108750
v -0.391250 0.001354 -0.323073
v -0.391250 -0.000000 -0.108750
v -0.391250 -0.000000 0.108750
v -0.176946 0.002671 -0.323054
v -0.176927 0.001354 -0.108750
v -0.176927 0.001354 0.108750
v -0.391250 1.998645 -0.323072
v -0.391250 1.999999 -0.108749
v -0.391250 1.999999 0.108751
v -0.608750 1.998645 -0.323072
v -0.608750 1.999999 -0.108749
v -0.608750 1.999999 0.108751
v -0.823054 1.997329 -0.323053
v -0.823073 1.998645 -0.108749
v -0.823073 1.998645 0.108751
v -0.998646 1.233750 -0.323072
v -1.000000 1.233750 -0.108749
v -1.000000 1.233749 0.108751
v -0.998646 0.766250 -0.323072
v -1.000000 0.766250 -0.108749
v -1.000000 0.766250 0.108751
v -0.997329 0.307154 -0.323054
v -0.998646 0.307135 -0.108749
v -0.998646 0.307135 0.108751
v -0.001354 0.766250 -0.323073
v 0.000000 0.766250 -0.108750
v 0.000000 0.766250 0.108750
v -0.001354 1.233750 -0.323073
v 0.000000 1.233749 -0.108750
v 0.000000 1.233749 0.108750
v -0.002671 1.692845 -0.323054
v -0.001354 1.692864 -0.108750
v -0.001354 1.692864 0.108750
v -0.176946 1.997329 -0.323054
v -0.176927 1.998645 -0.108749
v -0.176927 1.998645 0.108751
v -0.037539 1.957252 -0.322734
v -0.037031 1.957760 -0.108750
v -0.037031 1.957760 0.108750
v -0.002671 0.307154 -0.323054
v -0.001354 0.307135 -0.108750
v -0.001354 0.307135 0.108750
v -0.037539 0.042747 -0.322735
v -0.037031 0.042239 -0.108750
v -0.037031 0.042239 0.108750
v -0.823054 0.002671 -0.323054
v -0.823073 0.001354 -0.108750
v -0.823073 0.001354 0.108750
v -0.997329 1.692845 -0.323053
v -0.998646 1.692864 -0.108749
v -0.998646 1.692864 0.108751
v -0.962461 0.042747 -0.322734
v -0.962969 0.042239 -0.108750
v -0.962969 0.042239 0.108751
v -0.962461 1.957252 0.322735
v -0.962969 1.957760 0.108751
v -0.962969 1.957760 -0.108749
vn -0.9693 0.0023 0.2460
vn -0.7071 0.0020 0.7071
vn -0.7070 0.0178 0.7070
vn -0.9713 0.0212 0.2369
vn -0.2460 0.0023 0.9693
vn -0.2369 0.0212 0.9713
vn -0.2063 0.1070 0.9726
vn -0.7044 0.0880 0.7044
vn -0.9726 0.1070 0.2063
vn -0.1834 0.5273 0.8297
vn -0.6492 0.3963 0.6492
vn -0.2336 0.9439 0.2336
vn -0.8297 0.5273 0.1834
vn -0.2794 0.9602 -0.0050
vn -0.2702 0.9618 -0.0444
vn -0.8377 0.5449 -0.0376
vn -0.8362 0.5484 -0.0042
vn -0.2336 0.9439 -0.2336
vn -0.8297 0.5273 -0.1834
vn -0.9726 0.1070 -0.2063
vn -0.9909 0.1269 -0.0448
vn -0.9911 0.1328 -0.0050
vn -0.2063 -0.1070 0.9726
vn -0.7044 -0.0880 0.7044
vn -0.6492 -0.3963 0.6492
vn -0.1834 -0.5273 0.8297
vn -0.9726 -0.1070 0.2063
vn -0.8297 -0.5273 0.1834
vn -0.2336 -0.9439 0.2336
vn 0.9693 -0.0023 0.2460
vn 0.7071 -0.0020 0.7071
vn 0.7070 -0.0177 0.7070
vn 0.9713 -0.0212 0.2369
vn 0.2460 -0.0023 0.9693
vn 0.2369 -0.0212 0.9713
vn 0.2063 -0.1070 0.9726
vn 0.7044 -0.0880 0.7044
vn 0.9726 -0.1070 0.2063
vn 0.1834 -0.5273 0.8297
vn 0.6492 -0.3963 0.6492
vn 0.2336 -0.9439 0.2336
vn 0.8297 -0.5273 0.1834
vn -0.2794 -0.9602 0.0050
vn -0.2702 -0.9618 0.0444
vn -0.8377 -0.5449 0.0376
vn -0.8362 -0.5484 0.0042
vn -0.9909 -0.1269 0.0448
vn -0.9911 -0.1328 0.0050
vn 0.2063 0.1070 0.9726
vn 0.7044 0.0880 0.7044
vn 0.6492 0.3963 0.6492
vn 0.1834 0.5273 0.8297
vn 0.9726 0.1070 0.2063
vn 0.8297 0.5273 0.1834
vn 0.2336 0.9439 0.2336
vn 0.0050 0.1328 -0.9911
vn 0.0042 0.5484 -0.8362
vn 0.0376 0.5449 -0.8377
vn 0.0448 0.1269 -0.9909
vn 0.0050 0.9602 -0.2794
vn 0.0444 0.9618 -0.2702
vn 0.2336 0.9439 -0.2336
vn 0.1834 0.5273 -0.8297
vn 0.2063 0.1070 -0.9726
vn -1.0000 0.0030 0.0064
vn -0.9984 0.0028 0.0559
vn -0.9983 0.0253 0.0529
vn -0.9996 0.0268 0.0059
vn -0.9909 0.1269 0.0448
vn -0.9911 0.1328 0.0049
vn -0.2460 0.0023 -0.9693
vn -0.7071 0.0020 -0.7071
vn -0.7070 0.0178 -0.7070
vn -0.2369 0.0212 -0.9713
vn -0.9693 0.0023 -0.2460
vn -0.9713 0.0212 -0.2369
vn -0.7044 0.0880 -0.7044
vn -0.2063 0.1070 -0.9726
vn -0.0064 -1.0000 0.0064
vn -0.0059 -0.9984 0.0559
vn -0.0528 -0.9972 0.0528
vn -0.0560 -0.9984 0.0060
vn -0.0050 -0.9602 0.2794
vn -0.0444 -0.9618 0.2702
vn 0.9911 -0.1328 0.0050
vn 0.9909 -0.1269 0.0448
vn 0.8377 -0.5449 0.0376
vn 0.8362 -0.5484 0.0044
vn 0.2702 -0.9618 0.0444
vn 0.2794 -0.9602 0.0050
vn 1.0000 -0.0030 0.0064
vn 0.9984 -0.0028 0.0559
vn 0.9983 -0.0253 0.0529
vn 0.9996 -0.0268 0.0059
vn 0.2794 0.9602 0.0050
vn 0.2702 0.9618 0.0444
vn 0.8377 0.5449 0.0376
vn 0.8362 0.5484 0.0042
vn 0.9909 0.1269 0.0448
vn 0.9911 0.1328 0.0050
vn -0.0050 -0.1328 -0.9911
vn -0.0042 -0.5484 -0.8362
vn -0.0376 -0.5449 -0.8377
vn -0.0448 -0.1269 -0.9909
vn -0.0050 -0.9602 -0.2794
vn -0.0444 -0.9618 -0.2702
vn -0.2336 -0.9439 -0.2336
vn -0.1834 -0.5273 -0.8297
vn -0.2063 -0.1070 -0.9726
vn -0.1834 0.5273 -0.8297
vn -0.6492 0.3963 -0.6492
vn 0.2460 -0.0023 -0.9693
vn 0.7071 -0.0020 -0.7071
vn 0.7070 -0.0177 -0.7070
vn 0.2369 -0.0212 -0.9713
vn 0.9693 -0.0023 -0.2460
vn 0.9713 -0.0212 -0.2369
vn 0.9726 -0.1070 -0.2063
vn 0.7044 -0.0880 -0.7044
vn 0.2063 -0.1070 -0.9726
vn -0.9726 -0.1070 -0.2063
vn -0.7044 -0.0880 -0.7044
vn -0.6492 -0.3963 -0.6492
vn -0.8297 -0.5273 -0.1834
vn 0.0050 0.9602 0.2794
vn 0.0042 0.5484 0.8362
vn 0.0376 0.5449 0.8377
vn 0.0444 0.9618 0.2702
vn 0.0050 0.1328 0.9911
vn 0.0448 0.1269 0.9909
vn 0.2336 -0.9439 -0.2336
vn 0.1834 -0.5273 -0.8297
vn 0.6492 -0.3963 -0.6492
vn 0.8297 -0.5273 -0.1834
vn 0.0064 0.0030 -1.0000
vn 0.0059 0.0268 -0.9996
vn 0.0529 0.0253 -0.9983
vn 0.0559 0.0028 -0.9984
vn 0.2369 0.0212 -0.9713
vn 0.2460 0.0023 -0.9693
vn 0.9726 0.1070 -0.2063
vn 0.7044 0.0880 -0.7044
vn 0.6492 0.3963 -0.6492
vn 0.8297 0.5273 -0.1834
vn 0.0064 1.0000 0.0064
vn 0.0059 0.9984 0.0559
vn 0.0528 0.9972 0.0528
vn 0.0560 0.9984 0.0060
vn -0.0042 -0.5484 0.8362
vn -0.0376 -0.5449 0.8377
vn -0.0050 -0.1328 0.9911
vn -0.0448 -0.1269 0.9909
vn -0.0064 0.0030 1.0000
vn -0.0059 0.0269 0.9996
vn -0.0530 0.0254 0.9983
vn -0.0559 0.0028 0.9984
vn -0.0050 0.1328 0.9911
vn -0.0448 0.1269 0.9909
vn -0.0059 -0.0269 0.9996
vn -0.0529 -0.0253 0.9983
vn -0.0064 -0.0030 1.0000
vn -0.0559 -0.0028 0.9984
vn -0.2460 -0.0023 0.9693
vn -0.2369 -0.0212 0.9713
vn -0.0064 -0.0000 1.0000
vn -0.0563 -0.0000 0.9984
vn -0.2471 -0.0000 0.9690
vn 0.0049 -0.1328 -0.9911
vn 0.0059 -0.0269 -0.9996
vn 0.0529 -0.0253 -0.9983
vn 0.0448 -0.1269 -0.9909
vn 0.0064 -0.0030 -1.0000
vn 0.0559 -0.0028 -0.9984
vn 0.0064 -0.0000 -1.0000
vn 0.0563 -0.0000 -0.9984
vn 0.2471 -0.0000 -0.9690
vn 0.7070 0.0177 -0.7070
vn 0.9713 0.0212 -0.2369
vn 0.9693 0.0023 -0.2460
vn 0.7071 0.0020 -0.7071
vn 0.7071 -0.0000 -0.7071
vn 0.9690 -0.0000 -0.2472
vn 0.9690 -0.0000 -0.2471
vn 0.9983 0.0253 0.0529
vn 0.9996 0.0268 0.0059
vn 0.9713 0.0212 0.2369
vn 0.9693 0.0023 0.2460
vn 0.9984 0.0028 0.0559
vn 1.0000 0.0030 0.0064
vn 0.9984 -0.0000 0.0563
vn 1.0000 -0.0000 0.0064
vn 0.9690 -0.0000 0.2471
vn 0.9690 -0.0000 0.2472
vn -0.7070 -0.0177 -0.7070
vn -0.2369 -0.0212 -0.9713
vn -0.9713 -0.0212 -0.2369
vn -0.9693 -0.0023 -0.2460
vn -0.7071 -0.0020 -0.7071
vn -0.2460 -0.0023 -0.9693
vn -0.7071 -0.0000 -0.7071
vn -0.2471 -0.0000 -0.9690
vn -0.9690 -0.0000 -0.2472
vn -0.9690 -0.0000 -0.2471
vn -0.9983 -0.0253 0.0529
vn -0.9996 -0.0268 0.0059
vn -0.9713 -0.0212 0.2369
vn -0.9693 -0.0023 0.2460
vn -0.9984 -0.0028 0.0559
vn -1.0000 -0.0030 0.0064
vn -0.9984 -0.0000 0.0563
vn -1.0000 -0.0000 0.0064
vn -0.9690 -0.0000 0.2472
vn -0.9690 -0.0000 0.2471
vn 0.7070 0.0177 0.7070
vn 0.2369 0.0212 0.9713
vn 0.2460 0.0023 0.9693
vn 0.7071 0.0020 0.7071
vn 0.7071 -0.0000 0.7071
vn 0.2471 -0.0000 0.9690
vn -0.7070 -0.0177 0.7070
vn -0.7071 -0.0020 0.7071
vn -0.7071 -0.0000 0.7071
vn -0.0563 -0.0000 -0.9984
vn -0.0559 0.0028 -0.9984
vn -0.0064 0.0030 -1.0000
vn -0.0064 -0.0000 -1.0000
vn -0.0000 -0.0000 -1.0000
vn -0.0000 0.0030 -1.0000
vn -0.0559 -0.0028 -0.9984
vn -0.0064 -0.0030 -1.0000
vn -0.0000 -0.0030 -1.0000
vn -0.0529 -0.0253 -0.9983
vn -0.0059 -0.0268 -0.9996
vn -0.0000 -0.0271 -0.9996
vn -0.0000 -0.1335 -0.9911
vn -0.0000 -0.0270 -0.9996
vn 0.0563 -0.0000 0.9984
vn 0.0559 0.0028 0.9984
vn 0.0064 0.0030 1.0000
vn 0.0064 -0.0000 1.0000
vn -0.0000 -0.0000 1.0000
vn -0.0000 0.0030 1.0000
vn 0.0559 -0.0028 0.9984
vn 0.0064 -0.0030 1.0000
vn -0.0000 -0.0030 1.0000
vn 0.0529 -0.0253 0.9983
vn 0.0448 -0.1269 0.9909
vn 0.0059 -0.0269 0.9996
vn 0.0050 -0.1328 0.9911
vn -0.0000 -0.0271 0.9996
vn -0.0000 -0.1335 0.9911
vn 0.0529 0.0253 0.9983
vn 0.0059 0.0269 0.9996
vn -0.0000 0.0271 0.9996
vn -0.0000 0.1335 0.9911
vn -0.0000 0.0270 0.9996
vn 0.0376 -0.5449 0.8377
vn 0.0444 -0.9618 0.2702
vn 0.0042 -0.5484 0.8362
vn 0.0050 -0.9602 0.2794
vn -0.0000 -0.5487 0.8360
vn -0.0000 -0.9598 0.2805
vn -0.2794 0.9602 0.0050
vn -0.2702 0.9618 0.0444
vn -0.0528 0.9972 0.0528
vn -0.0559 0.9984 0.0059
vn -0.0444 0.9618 0.2702
vn -0.0049 0.9602 0.2794
vn -0.0059 0.9984 0.0560
vn -0.0064 1.0000 0.0064
vn -0.0000 0.9984 0.0563
vn -0.0000 1.0000 0.0064
vn -0.0000 0.9598 0.2805
vn -0.0529 0.0253 -0.9983
vn -0.0448 0.1269 -0.9909
vn -0.0049 0.1328 -0.9911
vn -0.0059 0.0268 -0.9996
vn -0.0000 0.0271 -0.9996
vn -0.0000 0.1335 -0.9911
vn -0.0376 0.5449 0.8377
vn -0.0042 0.5484 0.8362
vn -0.0000 0.5487 0.8360
vn 0.0376 -0.5449 -0.8377
vn 0.0444 -0.9618 -0.2702
vn 0.0050 -0.9602 -0.2794
vn 0.0042 -0.5484 -0.8362
vn -0.0000 -0.5487 -0.8360
vn -0.0000 -0.9598 -0.2805
vn 0.0528 -0.9972 0.0529
vn 0.0560 -0.9984 0.0059
vn 0.0059 -0.9984 0.0559
vn 0.0064 -1.0000 0.0064
vn -0.0000 -0.9984 0.0563
vn -0.0000 -1.0000 0.0064
vn -0.0376 0.5449 -0.8377
vn -0.0444 0.9618 -0.2702
vn -0.0050 0.9602 -0.2794
vn -0.0042 0.5484 -0.8362
vn -0.0000 0.5488 -0.8360
vn -0.0000 0.9598 -0.2805
vn -0.0000 0.5487 -0.8360
vn -0.0000 -0.9984 -0.0563
vn -0.0000 -1.0000 -0.0064
vn -0.0064 -1.0000 -0.0064
vn -0.0059 -0.9984 -0.0559
vn -0.0000 -1.0000 -0.0000
vn -0.0064 -1.0000 -0.0000
vn 0.0059 -0.9984 -0.0559
vn 0.0064 -1.0000 -0.0064
vn 0.0064 -1.0000 -0.0000
vn 0.2702 -0.9618 -0.0444
vn 0.0528 -0.9972 -0.0529
vn 0.2794 -0.9602 -0.0049
vn 0.0559 -0.9984 -0.0059
vn 0.2805 -0.9598 -0.0000
vn 0.0563 -0.9984 -0.0000
vn -0.0000 0.9984 -0.0563
vn -0.0000 1.0000 -0.0064
vn 0.0064 1.0000 -0.0064
vn 0.0059 0.9984 -0.0559
vn -0.0000 1.0000 -0.0000
vn 0.0064 1.0000 -0.0000
vn -0.0059 0.9984 -0.0560
vn -0.0064 1.0000 -0.0064
vn -0.0064 1.0000 -0.0000
vn -0.0528 0.9972 -0.0528
vn -0.0559 0.9984 -0.0059
vn -0.2805 0.9598 -0.0000
vn -0.0563 0.9984 -0.0000
vn -0.9984 -0.0000 -0.0563
vn -1.0000 -0.0000 -0.0064
vn -1.0000 0.0030 -0.0064
vn -0.9984 0.0028 -0.0559
vn -1.0000 -0.0000 -0.0000
vn -1.0000 0.0030 -0.0000
vn -0.9984 -0.0028 -0.0559
vn -1.0000 -0.0030 -0.0064
vn -1.0000 -0.0030 -0.0000
vn -0.9909 -0.1269 -0.0448
vn -0.9983 -0.0253 -0.0529
vn -0.9911 -0.1328 -0.0049
vn -0.9996 -0.0268 -0.0059
vn -0.9911 -0.1335 -0.0000
vn -0.9996 -0.0271 -0.0000
vn 0.9984 -0.0000 -0.0563
vn 1.0000 -0.0000 -0.0064
vn 1.0000 -0.0030 -0.0064
vn 0.9984 -0.0028 -0.0559
vn 1.0000 -0.0000 -0.0000
vn 1.0000 -0.0030 -0.0000
vn 0.9984 0.0028 -0.0559
vn 1.0000 0.0030 -0.0064
vn 1.0000 0.0030 -0.0000
vn 0.9909 0.1269 -0.0448
vn 0.9983 0.0253 -0.0529
vn 0.9911 0.1328 -0.0049
vn 0.9996 0.0268 -0.0059
vn 0.9911 0.1335 -0.0000
vn 0.9996 0.0271 -0.0000
vn 0.0528 0.9972 -0.0528
vn 0.0560 0.9984 -0.0059
vn 0.2794 0.9602 -0.0050
vn 0.2702 0.9618 -0.0444
vn 0.0563 0.9984 -0.0000
vn 0.2805 0.9598 -0.0000
vn 0.8377 0.5449 -0.0376
vn 0.8362 0.5484 -0.0042
vn 0.8360 0.5487 -0.0000
vn 0.8360 0.5488 -0.0000
vn 0.9983 -0.0253 -0.0529
vn 0.9996 -0.0268 -0.0059
vn 0.9911 -0.1328 -0.0050
vn 0.9909 -0.1269 -0.0448
vn 0.9996 -0.0271 -0.0000
vn 0.9911 -0.1335 -0.0000
vn 0.8377 -0.5449 -0.0376
vn 0.8362 -0.5484 -0.0042
vn 0.8360 -0.5487 -0.0000
vn -0.0528 -0.9972 -0.0528
vn -0.0560 -0.9984 -0.0059
vn -0.2794 -0.9602 -0.0050
vn -0.2702 -0.9618 -0.0444
vn -0.0563 -0.9984 -0.0000
vn -0.2805 -0.9598 -0.0000
vn -0.9983 0.0253 -0.0529
vn -0.9996 0.0268 -0.0059
vn -0.9996 0.0271 -0.0000
vn -0.9911 0.1335 -0.0000
vn -0.8377 -0.5449 -0.0376
vn -0.8362 -0.5484 -0.0042
vn -0.8360 -0.5487 -0.0000
vn -0.8377 0.5449 0.0376
vn -0.8362 0.5484 0.0042
vn -0.8360 0.5487 -0.0000
vt 0.678955 0.628906
vt 0.678955 0.625000
vt 0.690307 0.625000
vt 0.690307 0.628906
vt 0.678955 0.621094
vt 0.690307 0.621094
vt 0.701660 0.621094
vt 0.701660 0.625000
vt 0.701660 0.628906
vt 0.703125 0.621094
vt 0.702637 0.623698
vt 0.704590 0.621094
vt 0.703125 0.625000
vt 0.704590 0.716797
vt 0.704590 0.731445
vt 0.703125 0.731445
vt 0.703125 0.716797
vt 0.704590 0.746094
vt 0.703125 0.746094
vt 0.701660 0.746094
vt 0.701660 0.731445
vt 0.701660 0.716797
vt 0.610840 0.621094
vt 0.610840 0.625000
vt 0.609863 0.623698
vt 0.609375 0.621094
vt 0.610840 0.628906
vt 0.609375 0.625000
vt 0.607910 0.621094
vt 0.633545 0.496094
vt 0.633545 0.500000
vt 0.622193 0.500000
vt 0.622193 0.496094
vt 0.633545 0.503906
vt 0.622193 0.503906
vt 0.610840 0.503906
vt 0.610840 0.500000
vt 0.610840 0.496094
vt 0.609375 0.503906
vt 0.609863 0.501302
vt 0.607910 0.503906
vt 0.609375 0.500000
vt 0.607910 0.658203
vt 0.607910 0.643555
vt 0.609375 0.643555
vt 0.609375 0.658203
vt 0.607910 0.628906
vt 0.609375 0.628906
vt 0.610840 0.643555
vt 0.610840 0.658203
vt 0.701660 0.503906
vt 0.701660 0.500000
vt 0.702637 0.501302
vt 0.703125 0.503906
vt 0.701660 0.496094
vt 0.703125 0.500000
vt 0.704590 0.503906
vt 0.701660 0.841797
vt 0.703125 0.841797
vt 0.703125 0.856445
vt 0.701660 0.856445
vt 0.704590 0.841797
vt 0.704590 0.856445
vt 0.704590 0.871094
vt 0.703125 0.871094
vt 0.701660 0.871094
vt 0.678955 0.658203
vt 0.678955 0.643555
vt 0.690307 0.643555
vt 0.690307 0.658203
vt 0.701660 0.643555
vt 0.701660 0.658203
vt 0.678955 0.753906
vt 0.678955 0.750000
vt 0.690307 0.750000
vt 0.690307 0.753906
vt 0.678955 0.746094
vt 0.690307 0.746094
vt 0.701660 0.750000
vt 0.701660 0.753906
vt 0.538330 0.267578
vt 0.538330 0.252930
vt 0.543824 0.252930
vt 0.543824 0.267578
vt 0.538330 0.238281
vt 0.543824 0.238281
vt 0.549317 0.238281
vt 0.549317 0.252930
vt 0.549317 0.267578
vt 0.610840 0.966797
vt 0.610840 0.981445
vt 0.609375 0.981445
vt 0.609375 0.966797
vt 0.610840 0.996094
vt 0.609375 0.996094
vt 0.607910 0.996094
vt 0.607910 0.981445
vt 0.607910 0.966797
vt 0.633545 0.966797
vt 0.633545 0.981445
vt 0.622193 0.981445
vt 0.622193 0.966797
vt 0.633545 0.996094
vt 0.622193 0.996094
vt 0.704590 0.966797
vt 0.704590 0.981445
vt 0.703125 0.981445
vt 0.703125 0.966797
vt 0.704590 0.996094
vt 0.703125 0.996094
vt 0.701660 0.996094
vt 0.701660 0.981445
vt 0.701660 0.966797
vt 0.610840 0.783203
vt 0.609375 0.783203
vt 0.609375 0.768555
vt 0.610840 0.768555
vt 0.607910 0.783203
vt 0.607910 0.768555
vt 0.607910 0.753906
vt 0.609375 0.753906
vt 0.610840 0.753906
vt 0.704590 0.753906
vt 0.703125 0.753906
vt 0.702637 0.751302
vt 0.703125 0.750000
vt 0.633545 0.871094
vt 0.633545 0.875000
vt 0.622193 0.875000
vt 0.622193 0.871094
vt 0.633545 0.878906
vt 0.622193 0.878906
vt 0.610840 0.878906
vt 0.610840 0.875000
vt 0.610840 0.871094
vt 0.610840 0.746094
vt 0.610840 0.750000
vt 0.609863 0.751302
vt 0.609375 0.750000
vt 0.704590 0.533203
vt 0.703125 0.533203
vt 0.703125 0.518555
vt 0.704590 0.518555
vt 0.701660 0.533203
vt 0.701660 0.518555
vt 0.607910 0.871094
vt 0.609375 0.871094
vt 0.609863 0.873698
vt 0.609375 0.875000
vt 0.678955 0.841797
vt 0.690307 0.841797
vt 0.690307 0.856445
vt 0.678955 0.856445
vt 0.690307 0.871094
vt 0.678955 0.871094
vt 0.701660 0.878906
vt 0.701660 0.875000
vt 0.702637 0.873698
vt 0.703125 0.875000
vt 0.410888 0.326172
vt 0.410888 0.340820
vt 0.405395 0.340820
vt 0.405395 0.326172
vt 0.410888 0.355469
vt 0.405395 0.355469
vt 0.399902 0.355469
vt 0.399902 0.340820
vt 0.399902 0.326172
vt 0.607910 0.591797
vt 0.609375 0.591797
vt 0.609375 0.606445
vt 0.607910 0.606445
vt 0.610840 0.591797
vt 0.610840 0.606445
vt 0.678955 0.591797
vt 0.690307 0.591797
vt 0.690307 0.606445
vt 0.678955 0.606445
vt 0.701660 0.591797
vt 0.701660 0.606445
vt 0.622193 0.591797
vt 0.622193 0.606445
vt 0.633545 0.591797
vt 0.633545 0.606445
vt 0.633545 0.621094
vt 0.622193 0.621094
vt 0.644897 0.591797
vt 0.644897 0.606445
vt 0.656250 0.591797
vt 0.656250 0.606445
vt 0.656250 0.621094
vt 0.644898 0.621094
vt 0.667602 0.591797
vt 0.667602 0.606445
vt 0.667603 0.621094
vt 0.610840 0.841797
vt 0.622193 0.841797
vt 0.622193 0.856445
vt 0.610840 0.856445
vt 0.633545 0.841797
vt 0.633545 0.856446
vt 0.644897 0.841797
vt 0.644897 0.856445
vt 0.656250 0.841797
vt 0.656250 0.856445
vt 0.656250 0.871094
vt 0.644897 0.871094
vt 0.667602 0.841797
vt 0.667602 0.856445
vt 0.667602 0.871094
vt 0.690307 0.875000
vt 0.690307 0.878906
vt 0.678955 0.878906
vt 0.678955 0.875000
vt 0.667602 0.875000
vt 0.667602 0.878906
vt 0.656250 0.878906
vt 0.656250 0.875000
vt 0.644897 0.875000
vt 0.644897 0.878906
vt 0.690307 0.981445
vt 0.690307 0.966797
vt 0.690307 0.996094
vt 0.678955 0.996094
vt 0.678955 0.981445
vt 0.678955 0.966797
vt 0.667602 0.981445
vt 0.667602 0.966797
vt 0.667602 0.996094
vt 0.656250 0.996094
vt 0.656250 0.981445
vt 0.656250 0.966797
vt 0.644897 0.981445
vt 0.644897 0.966797
vt 0.644897 0.996094
vt 0.622193 0.750000
vt 0.622193 0.753906
vt 0.622193 0.746094
vt 0.633545 0.746094
vt 0.633545 0.750000
vt 0.633545 0.753906
vt 0.644898 0.750000
vt 0.644898 0.753906
vt 0.644898 0.746094
vt 0.656250 0.746094
vt 0.656250 0.750000
vt 0.656250 0.753906
vt 0.667603 0.750000
vt 0.667603 0.753906
vt 0.667603 0.746094
vt 0.622193 0.643555
vt 0.622193 0.658203
vt 0.622193 0.628906
vt 0.633545 0.628906
vt 0.633545 0.643555
vt 0.633545 0.658203
vt 0.644898 0.643555
vt 0.644898 0.658203
vt 0.644898 0.628906
vt 0.656250 0.628906
vt 0.656250 0.643555
vt 0.656250 0.658203
vt 0.667603 0.643555
vt 0.667603 0.658203
vt 0.667603 0.628906
vt 0.690307 0.500000
vt 0.690307 0.496094
vt 0.690307 0.503906
vt 0.678955 0.503906
vt 0.678955 0.500000
vt 0.678955 0.496094
vt 0.667602 0.500000
vt 0.667602 0.496094
vt 0.667602 0.503906
vt 0.656250 0.503906
vt 0.656250 0.500000
vt 0.656250 0.496094
vt 0.644897 0.500000
vt 0.644897 0.496094
vt 0.644897 0.503906
vt 0.622193 0.625000
vt 0.633545 0.625000
vt 0.644898 0.625000
vt 0.656250 0.625000
vt 0.667603 0.625000
vt 0.667603 0.768555
vt 0.656250 0.768554
vt 0.678955 0.768555
vt 0.678955 0.783203
vt 0.667602 0.783203
vt 0.656250 0.783203
vt 0.667602 0.797852
vt 0.656250 0.797851
vt 0.678955 0.797852
vt 0.678955 0.812500
vt 0.667602 0.812500
vt 0.656250 0.812500
vt 0.667602 0.827148
vt 0.656250 0.827148
vt 0.678955 0.827148
vt 0.644898 0.768555
vt 0.633545 0.768555
vt 0.644898 0.783203
vt 0.633545 0.783203
vt 0.644897 0.797852
vt 0.633545 0.797852
vt 0.644897 0.812500
vt 0.633545 0.812500
vt 0.644897 0.827148
vt 0.633545 0.827148
vt 0.622193 0.768555
vt 0.622193 0.783203
vt 0.622193 0.797852
vt 0.610840 0.797852
vt 0.622193 0.812500
vt 0.610840 0.812500
vt 0.622193 0.827148
vt 0.610840 0.827148
vt 0.667602 0.518555
vt 0.656250 0.518555
vt 0.678955 0.518555
vt 0.678955 0.533203
vt 0.667602 0.533203
vt 0.656250 0.533203
vt 0.667602 0.547852
vt 0.656250 0.547852
vt 0.678955 0.547852
vt 0.678955 0.562500
vt 0.667602 0.562500
vt 0.656250 0.562500
vt 0.667602 0.577148
vt 0.656250 0.577148
vt 0.678955 0.577148
vt 0.644897 0.518555
vt 0.633545 0.518554
vt 0.644897 0.533203
vt 0.633545 0.533203
vt 0.644897 0.547851
vt 0.633545 0.547851
vt 0.644897 0.562500
vt 0.633545 0.562500
vt 0.644897 0.577148
vt 0.633545 0.577148
vt 0.622193 0.518554
vt 0.610840 0.518555
vt 0.622192 0.533203
vt 0.610840 0.533203
vt 0.622192 0.547851
vt 0.610840 0.547852
vt 0.622192 0.562500
vt 0.610840 0.562500
vt 0.622193 0.577148
vt 0.610840 0.577148
vt 0.690307 0.518555
vt 0.690307 0.533203
vt 0.690307 0.547852
vt 0.701660 0.547852
vt 0.701660 0.562500
vt 0.690307 0.562500
vt 0.690307 0.577148
vt 0.701660 0.577148
vt 0.609375 0.518555
vt 0.607910 0.518555
vt 0.609375 0.533203
vt 0.607910 0.533203
vt 0.609375 0.547852
vt 0.607910 0.547852
vt 0.609375 0.562500
vt 0.607910 0.562500
vt 0.609375 0.577148
vt 0.607910 0.577148
vt 0.443848 0.326172
vt 0.443848 0.340820
vt 0.438355 0.340820
vt 0.438355 0.326172
vt 0.443848 0.355469
vt 0.438355 0.355469
vt 0.432862 0.355469
vt 0.432862 0.340820
vt 0.432862 0.326172
vt 0.427368 0.340820
vt 0.427368 0.326172
vt 0.427368 0.355469
vt 0.421875 0.355469
vt 0.421875 0.340820
vt 0.421875 0.326172
vt 0.416382 0.340820
vt 0.416382 0.326172
vt 0.416382 0.355469
vt 0.690307 0.768555
vt 0.701660 0.768555
vt 0.701660 0.783203
vt 0.690307 0.783203
vt 0.690307 0.797852
vt 0.701660 0.797852
vt 0.701660 0.812500
vt 0.690307 0.812500
vt 0.690307 0.827148
vt 0.701660 0.827148
vt 0.703125 0.606445
vt 0.704590 0.606445
vt 0.703125 0.591797
vt 0.704590 0.591797
vt 0.703125 0.577148
vt 0.704590 0.577148
vt 0.703125 0.562500
vt 0.704590 0.562500
vt 0.703125 0.547852
vt 0.704590 0.547852
vt 0.609375 0.856445
vt 0.607910 0.856445
vt 0.607910 0.841797
vt 0.609375 0.841797
vt 0.609375 0.827148
vt 0.607910 0.827148
vt 0.607910 0.812500
vt 0.609375 0.812500
vt 0.609375 0.797852
vt 0.607910 0.797852
vt 0.505371 0.267578
vt 0.505371 0.252930
vt 0.510864 0.252930
vt 0.510864 0.267578
vt 0.505371 0.238281
vt 0.510864 0.238281
vt 0.516357 0.238281
vt 0.516357 0.252930
vt 0.516357 0.267578
vt 0.521851 0.252930
vt 0.521851 0.267578
vt 0.521851 0.238281
vt 0.527344 0.238281
vt 0.527344 0.252930
vt 0.527344 0.267578
vt 0.532837 0.252930
vt 0.532837 0.267578
vt 0.532837 0.238281
vt 0.703125 0.768555
vt 0.704590 0.768555
vt 0.704590 0.783203
vt 0.703125 0.783203
vt 0.703125 0.797852
vt 0.704590 0.797851
vt 0.704590 0.812500
vt 0.703125 0.812500
vt 0.703125 0.827148
vt 0.704590 0.827148
vt 0.527344 0.355469
vt 0.527344 0.340820
vt 0.532837 0.340820
vt 0.532837 0.355469
vt 0.527344 0.326172
vt 0.532837 0.326172
vt 0.538330 0.326172
vt 0.538330 0.340820
vt 0.538330 0.355469
vt 0.527344 0.311523
vt 0.532837 0.311523
vt 0.527344 0.296875
vt 0.532837 0.296875
vt 0.538330 0.296875
vt 0.538330 0.311523
vt 0.527344 0.282227
vt 0.532837 0.282227
vt 0.538330 0.282227
vt 0.516357 0.355469
vt 0.516357 0.340820
vt 0.521851 0.340820
vt 0.521851 0.355469
vt 0.516357 0.326172
vt 0.521851 0.326172
vt 0.516357 0.311523
vt 0.521851 0.311523
vt 0.516357 0.296875
vt 0.521851 0.296875
vt 0.516357 0.282227
vt 0.521851 0.282227
vt 0.505371 0.355469
vt 0.505371 0.340820
vt 0.510864 0.340820
vt 0.510864 0.355469
vt 0.505371 0.326172
vt 0.510864 0.326172
vt 0.505371 0.311523
vt 0.510864 0.311523
vt 0.505371 0.296875
vt 0.510864 0.296875
vt 0.505371 0.282227
vt 0.510864 0.282227
vt 0.421875 0.238281
vt 0.421875 0.252930
vt 0.416382 0.252930
vt 0.416382 0.238281
vt 0.421875 0.267578
vt 0.416382 0.267578
vt 0.410888 0.267578
vt 0.410888 0.252930
vt 0.410888 0.238281
vt 0.421875 0.282227
vt 0.416382 0.282227
vt 0.421875 0.296875
vt 0.416382 0.296875
vt 0.410888 0.296875
vt 0.410888 0.282227
vt 0.421875 0.311523
vt 0.416382 0.311523
vt 0.410888 0.311523
vt 0.432862 0.238281
vt 0.432862 0.252930
vt 0.427368 0.252930
vt 0.427368 0.238281
vt 0.432862 0.267578
vt 0.427368 0.267578
vt 0.432862 0.282227
vt 0.427368 0.282227
vt 0.432861 0.296875
vt 0.427368 0.296875
vt 0.432862 0.311523
vt 0.427368 0.311523
vt 0.443848 0.238281
vt 0.443848 0.252930
vt 0.438355 0.252930
vt 0.438355 0.238281
vt 0.443848 0.267578
vt 0.438355 0.267578
vt 0.443848 0.282227
vt 0.438355 0.282227
vt 0.443848 0.296875
vt 0.438355 0.296875
vt 0.443848 0.311523
vt 0.438355 0.311523
vt 0.656250 0.731445
vt 0.667603 0.731445
vt 0.656250 0.716797
vt 0.667603 0.716797
vt 0.678955 0.716797
vt 0.678955 0.731445
vt 0.656250 0.702148
vt 0.667603 0.702148
vt 0.656250 0.687500
vt 0.667603 0.687500
vt 0.678955 0.687500
vt 0.678955 0.702148
vt 0.656250 0.672852
vt 0.667603 0.672852
vt 0.678955 0.672852
vt 0.633545 0.731445
vt 0.644898 0.731445
vt 0.633545 0.716797
vt 0.644898 0.716797
vt 0.633545 0.702148
vt 0.644898 0.702148
vt 0.633545 0.687500
vt 0.644898 0.687500
vt 0.633545 0.672852
vt 0.644898 0.672852
vt 0.610840 0.731445
vt 0.622193 0.731445
vt 0.610840 0.716797
vt 0.622193 0.716797
vt 0.610840 0.702148
vt 0.622193 0.702148
vt 0.610840 0.687500
vt 0.622193 0.687500
vt 0.610840 0.672852
vt 0.622193 0.672852
vt 0.656250 0.893555
vt 0.644897 0.893555
vt 0.656250 0.908203
vt 0.644897 0.908203
vt 0.633545 0.908203
vt 0.633545 0.893555
vt 0.656250 0.922852
vt 0.644897 0.922852
vt 0.656250 0.937500
vt 0.644897 0.937500
vt 0.633545 0.937500
vt 0.633545 0.922852
vt 0.656250 0.952148
vt 0.644897 0.952148
vt 0.633545 0.952148
vt 0.678955 0.893555
vt 0.667602 0.893555
vt 0.678955 0.908203
vt 0.667602 0.908203
vt 0.678955 0.922852
vt 0.667602 0.922852
vt 0.678955 0.937500
vt 0.667602 0.937500
vt 0.678955 0.952148
vt 0.667602 0.952148
vt 0.701660 0.893555
vt 0.690307 0.893555
vt 0.701660 0.908203
vt 0.690307 0.908203
vt 0.701660 0.922852
vt 0.690307 0.922852
vt 0.701660 0.937500
vt 0.690307 0.937500
vt 0.701660 0.952148
vt 0.690307 0.952148
vt 0.405395 0.252930
vt 0.405395 0.238281
vt 0.405395 0.267578
vt 0.399902 0.267578
vt 0.399902 0.252930
vt 0.399902 0.238281
vt 0.405395 0.282227
vt 0.405395 0.296875
vt 0.399902 0.296875
vt 0.399902 0.282227
vt 0.405395 0.311523
vt 0.399902 0.311523
vt 0.704590 0.878906
vt 0.704590 0.893555
vt 0.703125 0.893555
vt 0.703125 0.878906
vt 0.704590 0.908203
vt 0.703125 0.908203
vt 0.704590 0.922852
vt 0.703125 0.922852
vt 0.704590 0.937500
vt 0.703125 0.937500
vt 0.704590 0.952148
vt 0.703125 0.952148
vt 0.622193 0.893555
vt 0.622193 0.908203
vt 0.610840 0.908203
vt 0.610840 0.893555
vt 0.622192 0.922852
vt 0.622192 0.937500
vt 0.610840 0.937500
vt 0.610840 0.922852
vt 0.622192 0.952148
vt 0.610840 0.952148
vt 0.609375 0.893555
vt 0.609375 0.878906
vt 0.609375 0.908203
vt 0.607910 0.908203
vt 0.607910 0.893555
vt 0.607910 0.878906
vt 0.609375 0.922852
vt 0.609375 0.937500
vt 0.607910 0.937500
vt 0.607910 0.922852
vt 0.609375 0.952148
vt 0.607910 0.952148
vt 0.543824 0.340820
vt 0.543824 0.355469
vt 0.543824 0.326172
vt 0.549317 0.326172
vt 0.549317 0.340820
vt 0.549317 0.355469
vt 0.543824 0.311523
vt 0.543824 0.296875
vt 0.549317 0.296875
vt 0.549317 0.311523
vt 0.543824 0.282227
vt 0.549317 0.282227
vt 0.690307 0.731445
vt 0.690307 0.716797
vt 0.690307 0.702148
vt 0.690307 0.687500
vt 0.701660 0.687500
vt 0.701660 0.702148
vt 0.690307 0.672852
vt 0.701660 0.672852
vt 0.607910 0.746094
vt 0.607910 0.731445
vt 0.609375 0.731445
vt 0.609375 0.746094
vt 0.607910 0.716797
vt 0.609375 0.716797
vt 0.607910 0.702148
vt 0.609375 0.702148
vt 0.607910 0.687500
vt 0.609375 0.687500
vt 0.607910 0.672852
vt 0.609375 0.672852
vt 0.704590 0.628906
vt 0.704590 0.643555
vt 0.703125 0.643555
vt 0.703125 0.628906
vt 0.704590 0.658203
vt 0.703125 0.658203
vt 0.704590 0.672852
vt 0.703125 0.672852
vt 0.704590 0.687500
vt 0.703125 0.687500
vt 0.704590 0.702148
vt 0.703125 0.702148
s 1
usemtl Starter_Blocky_Rig
f 2616/3229/1124 2828/3230/1125 3033/3231/1126 2790/3232/1127
f 2828/3230/1125 2607/3233/1128 2781/3234/1129 3033/3231/1126
f 3033/3231/1126 2781/3234/1129 2583/3235/1130 2735/3236/1131
f 2790/3232/1127 3033/3231/1126 2735/3236/1131 2587/3237/1132
f 2583/3235/1130 2759/3238/1133 3034/3239/1134 2735/3236/1131
f 2590/3240/1135 2737/3241/1136 3034/3239/1134 2759/3238/1133
f 2587/3237/1132 2735/3236/1131 3034/3239/1134 2737/3241/1136
f 2684/3242/1137 2762/3243/1138 3035/3244/1139 3032/3245/1140
f 2762/3243/1138 2602/3246/1141 2769/3247/1142 3035/3244/1139
f 3035/3244/1139 2769/3247/1142 2591/3248/1143 2747/3249/1144
f 3032/3245/1140 3035/3244/1139 2747/3249/1144 2675/3250/1145
f 2584/3251/1146 2742/3252/1147 3036/3253/1148 2760/3254/1149
f 2588/3255/1150 2738/3256/1151 3036/3253/1148 2742/3252/1147
f 2593/3257/1152 2760/3254/1149 3036/3253/1148 2738/3256/1151
f 2628/3258/1153 2825/3259/1154 3037/3260/1155 2802/3261/1156
f 2825/3259/1154 2610/3262/1157 2784/3263/1158 3037/3260/1155
f 3037/3260/1155 2784/3263/1158 2585/3264/1159 2736/3265/1160
f 2802/3261/1156 3037/3260/1155 2736/3265/1160 2589/3266/1161
f 2585/3264/1159 2773/3267/1162 3038/3268/1163 2736/3265/1160
f 2595/3269/1164 2765/3270/1165 3038/3268/1163 2773/3267/1162
f 2589/3266/1161 2736/3265/1160 3038/3268/1163 2765/3270/1165
f 2696/3271/1166 2777/3272/1167 3039/3273/1168 3029/3274/1169
f 2777/3272/1167 2593/3275/1152 2738/3276/1151 3039/3273/1168
f 3039/3273/1168 2738/3276/1151 2588/3255/1150 2916/3277/1170
f 3029/3274/1169 3039/3273/1168 2916/3277/1170 2676/3278/1171
f 2586/3279/1172 2775/3280/1173 3040/3281/1174 2761/3282/1175
f 2599/3283/1176 2740/3284/1177 3040/3281/1174 2775/3280/1173
f 2600/3285/1178 2761/3282/1175 3040/3281/1174 2740/3284/1177
f 2645/3286/1179 2912/3287/1180 3041/3288/1181 2756/3289/1182
f 2912/3287/1180 2637/3290/1183 2835/3291/1184 3041/3288/1181
f 3041/3288/1181 2835/3291/1184 2601/3292/1185 2776/3293/1186
f 2756/3289/1182 3041/3288/1181 2776/3293/1186 2606/3294/1187
f 2712/3295/1188 2952/3296/1189 3042/3297/1190 3026/3298/1191
f 2952/3296/1189 2616/3229/1124 2790/3232/1127 3042/3297/1190
f 3042/3297/1190 2790/3232/1127 2587/3237/1132 2913/3299/1192
f 3026/3298/1191 3042/3297/1190 2913/3299/1192 2673/3300/1193
f 2622/3301/1194 2819/3302/1195 3043/3303/1196 2796/3304/1197
f 2819/3302/1195 2619/3305/1198 2793/3306/1199 3043/3303/1196
f 3043/3303/1196 2793/3306/1199 2591/3248/1143 2751/3307/1200
f 2796/3304/1197 3043/3303/1196 2751/3307/1200 2603/3308/1201
f 2730/3309/1202 2970/3310/1203 3044/3311/1204 3023/3312/1205
f 2970/3310/1203 2646/3313/1206 2844/3314/1207 3044/3311/1204
f 3044/3311/1204 2844/3314/1207 2593/3315/1152 2777/3316/1167
f 3023/3312/1205 3044/3311/1204 2777/3316/1167 2696/3317/1166
f 2693/3318/1208 2774/3319/1209 3045/3320/1210 3020/3321/1211
f 2774/3319/1209 2589/3322/1161 2765/3323/1165 3045/3320/1210
f 3045/3320/1210 2765/3323/1165 2595/3324/1164 2925/3325/1212
f 3020/3321/1211 3045/3320/1210 2925/3325/1212 2685/3326/1213
f 2703/3327/1214 2943/3328/1215 3046/3329/1216 3017/3330/1217
f 2943/3328/1215 2628/3331/1153 2802/3332/1156 3046/3329/1216
f 3046/3329/1216 2802/3332/1156 2589/3322/1161 2774/3319/1209
f 3017/3330/1217 3046/3329/1216 2774/3319/1209 2693/3318/1208
f 2688/3333/1218 2928/3334/1219 3047/3335/1220 3014/3336/1221
f 2928/3334/1219 2600/3337/1178 2740/3338/1177 3047/3335/1220
f 3047/3335/1220 2740/3338/1177 2599/3339/1176 2753/3340/1222
f 3014/3336/1221 3047/3335/1220 2753/3340/1222 2681/3341/1223
f 2640/3342/1224 2906/3343/1225 3048/3344/1226 2838/3345/1227
f 2906/3343/1225 2652/3346/1228 2850/3347/1229 3048/3344/1226
f 3048/3344/1226 2850/3347/1229 2594/3348/1230 2778/3349/1231
f 2838/3345/1227 3048/3344/1226 2778/3349/1231 2604/3350/1232
f 2602/3351/1141 2770/3352/1233 3049/3353/1234 2769/3354/1142
f 2603/3308/1201 2751/3307/1200 3049/3353/1234 2770/3352/1233
f 2591/3248/1143 2769/3354/1142 3049/3353/1234 2751/3307/1200
f 2625/3355/1235 2813/3356/1236 3050/3357/1237 2799/3358/1238
f 2813/3356/1236 2613/3359/1239 2787/3360/1240 3050/3357/1237
f 3050/3357/1237 2787/3360/1240 2597/3361/1241 2749/3362/1242
f 2799/3358/1238 3050/3357/1237 2749/3362/1242 2605/3363/1243
f 2592/3364/1244 2743/3365/1245 3051/3366/1246 2771/3367/1247
f 2604/3350/1232 2778/3349/1231 3051/3366/1246 2743/3365/1245
f 2594/3348/1230 2771/3367/1247 3051/3366/1246 2778/3349/1231
f 2649/3368/1248 2903/3369/1249 3052/3370/1250 2847/3371/1251
f 2903/3369/1249 2633/3372/1252 2734/3373/1253 3052/3370/1250
f 3052/3370/1250 2734/3373/1253 2586/3279/1172 2761/3282/1175
f 2847/3371/1251 3052/3370/1250 2761/3282/1175 2600/3285/1178
f 2596/3374/1254 2780/3375/1255 3053/3376/1256 2744/3377/1257
f 2605/3363/1243 2749/3362/1242 3053/3376/1256 2780/3375/1255
f 2597/3361/1241 2744/3377/1257 3053/3376/1256 2749/3362/1242
f 2672/3378/1258 2900/3379/1259 3054/3380/1260 2810/3381/1261
f 2900/3379/1259 2645/3286/1179 2756/3289/1182 3054/3380/1260
f 3054/3380/1260 2756/3289/1182 2606/3294/1187 2758/3382/1262
f 2810/3381/1261 3054/3380/1260 2758/3382/1262 2627/3383/1263
f 2598/3384/1264 2757/3385/1265 3055/3386/1266 2772/3387/1267
f 2606/3294/1187 2776/3293/1186 3055/3386/1266 2757/3385/1265
f 2601/3292/1185 2772/3387/1267 3055/3386/1266 2776/3293/1186
f 2721/3388/1268 2961/3389/1269 3056/3390/1270 3011/3391/1271
f 2961/3389/1269 2649/3392/1248 2847/3393/1251 3056/3390/1270
f 3056/3390/1270 2847/3393/1251 2600/3394/1178 2928/3395/1219
f 3011/3391/1271 3056/3390/1270 2928/3395/1219 2688/3396/1218
f 2646/3397/1206 2894/3398/1272 3057/3399/1273 2844/3400/1207
f 2894/3398/1272 2634/3401/1274 2832/3402/1275 3057/3399/1273
f 3057/3399/1273 2832/3402/1275 2584/3251/1146 2760/3254/1149
f 2844/3400/1207 3057/3399/1273 2760/3254/1149 2593/3257/1152
f 2663/3403/1276 2891/3404/1277 3058/3405/1278 2807/3406/1279
f 2891/3404/1277 2631/3407/1280 2829/3408/1281 3058/3405/1278
f 3058/3405/1278 2829/3408/1281 2583/3235/1130 2781/3234/1129
f 2807/3406/1279 3058/3405/1278 2781/3234/1129 2607/3233/1128
f 2634/3401/1274 2888/3409/1282 3059/3410/1283 2832/3402/1275
f 2888/3409/1282 2657/3411/1284 2805/3412/1285 3059/3410/1283
f 3059/3410/1283 2805/3412/1285 2609/3413/1286 2733/3414/1287
f 2832/3402/1275 3059/3410/1283 2733/3414/1287 2584/3251/1146
f 2657/3411/1284 2885/3415/1288 3060/3416/1289 2805/3412/1285
f 2885/3415/1288 2660/3417/1288 2806/3418/1289 3060/3416/1289
f 3060/3416/1289 2806/3418/1289 2608/3419/1290 2783/3420/1290
f 2805/3412/1285 3060/3416/1289 2783/3420/1290 2609/3413/1286
f 2660/3417/1288 2882/3421/1288 3061/3422/1289 2806/3418/1289
f 2882/3421/1288 2663/3403/1276 2807/3406/1279 3061/3422/1289
f 3061/3422/1289 2807/3406/1279 2607/3233/1128 2782/3423/1290
f 2806/3418/1289 3061/3422/1289 2782/3423/1290 2608/3419/1290
f 2642/3424/1291 2879/3425/1292 3062/3426/1293 2755/3427/1294
f 2879/3425/1292 2666/3428/1295 2808/3429/1296 3062/3426/1293
f 3062/3426/1293 2808/3429/1296 2625/3355/1235 2799/3358/1238
f 2755/3427/1294 3062/3426/1293 2799/3358/1238 2605/3363/1243
f 2666/3428/1295 2876/3430/1297 3063/3431/1298 2808/3429/1296
f 2876/3430/1297 2669/3432/1297 2809/3433/1298 3063/3431/1298
f 3063/3431/1298 2809/3433/1298 2626/3434/1299 2800/3435/1299
f 2808/3429/1296 3063/3431/1298 2800/3435/1299 2625/3355/1235
f 2669/3432/1297 2873/3436/1297 3064/3437/1298 2809/3433/1298
f 2873/3436/1297 2672/3378/1258 2810/3381/1261 3064/3437/1298
f 3064/3437/1298 2810/3381/1261 2627/3383/1263 2801/3438/1299
f 2809/3433/1298 3064/3437/1298 2801/3438/1299 2626/3434/1299
f 2606/3294/1187 2757/3385/1265 3065/3439/1300 2758/3382/1262
f 2757/3385/1265 2598/3384/1264 2745/3440/1301 3065/3439/1300
f 3065/3439/1300 2745/3440/1301 2615/3441/1302 2811/3442/1303
f 2758/3382/1262 3065/3439/1300 2811/3442/1303 2627/3383/1263
f 2627/3383/1263 2811/3442/1303 3066/3443/1304 2801/3438/1299
f 2811/3442/1303 2615/3441/1302 2789/3444/1305 3066/3443/1304
f 3066/3443/1304 2789/3444/1305 2614/3445/1306 2812/3446/1304
f 2801/3438/1299 3066/3443/1304 2812/3446/1304 2626/3434/1299
f 2626/3434/1299 2812/3446/1304 3067/3447/1304 2800/3435/1299
f 2812/3446/1304 2614/3445/1306 2788/3448/1306 3067/3447/1304
f 3067/3447/1304 2788/3448/1306 2613/3359/1239 2813/3356/1236
f 2800/3435/1299 3067/3447/1304 2813/3356/1236 2625/3355/1235
f 2681/3341/1223 2753/3340/1222 3068/3449/1307 3008/3450/1308
f 2753/3340/1222 2599/3339/1176 2766/3451/1309 3068/3449/1307
f 3068/3449/1307 2766/3451/1309 2630/3452/1310 2937/3453/1311
f 3008/3450/1308 3068/3449/1307 2937/3453/1311 2697/3454/1312
f 2697/3454/1312 2937/3453/1311 3069/3455/1313 3005/3456/1314
f 2937/3453/1311 2630/3452/1310 2804/3457/1315 3069/3455/1313
f 3069/3455/1313 2804/3457/1315 2629/3458/1316 2940/3459/1313
f 3005/3456/1314 3069/3455/1313 2940/3459/1313 2700/3460/1314
f 2700/3460/1314 2940/3459/1313 3070/3461/1313 3002/3462/1314
f 2940/3459/1313 2629/3458/1316 2803/3463/1315 3070/3461/1313
f 3070/3461/1313 2803/3463/1315 2628/3331/1153 2943/3328/1215
f 3002/3462/1314 3070/3461/1313 2943/3328/1215 2703/3327/1214
f 2604/3350/1232 2743/3365/1245 3071/3464/1317 2754/3465/1318
f 2743/3365/1245 2592/3364/1244 2752/3466/1319 3071/3464/1317
f 3071/3464/1317 2752/3466/1319 2621/3467/1320 2817/3468/1321
f 2754/3465/1318 3071/3464/1317 2817/3468/1321 2624/3469/1322
f 2624/3469/1322 2817/3468/1321 3072/3470/1323 2798/3471/1324
f 2817/3468/1321 2621/3467/1320 2795/3472/1325 3072/3470/1323
f 3072/3470/1323 2795/3472/1325 2620/3473/1326 2818/3474/1323
f 2798/3471/1324 3072/3470/1323 2818/3474/1323 2623/3475/1324
f 2623/3475/1324 2818/3474/1323 3073/3476/1323 2797/3477/1324
f 2818/3474/1323 2620/3473/1326 2794/3478/1326 3073/3476/1323
f 3073/3476/1323 2794/3478/1326 2619/3305/1198 2819/3302/1195
f 2797/3477/1324 3073/3476/1323 2819/3302/1195 2622/3301/1194
f 2676/3278/1171 2916/3277/1170 3074/3479/1327 2999/3480/1328
f 2916/3277/1170 2588/3255/1150 2746/3481/1329 3074/3479/1327
f 3074/3479/1327 2746/3481/1329 2618/3482/1330 2946/3483/1331
f 2999/3480/1328 3074/3479/1327 2946/3483/1331 2706/3484/1332
f 2706/3484/1332 2946/3483/1331 3075/3485/1333 2996/3486/1334
f 2946/3483/1331 2618/3482/1330 2792/3487/1335 3075/3485/1333
f 3075/3485/1333 2792/3487/1335 2617/3488/1336 2949/3489/1333
f 2996/3486/1334 3075/3485/1333 2949/3489/1333 2709/3490/1334
f 2709/3490/1334 2949/3489/1333 3076/3491/1333 2993/3492/1334
f 2949/3489/1333 2617/3488/1336 2791/3493/1336 3076/3491/1333
f 3076/3491/1333 2791/3493/1336 2616/3229/1124 2952/3296/1189
f 2993/3492/1334 3076/3491/1333 2952/3296/1189 2712/3295/1188
f 2599/3283/1176 2775/3280/1173 3077/3494/1337 2766/3495/1309
f 2775/3280/1173 2586/3279/1172 2741/3496/1338 3077/3494/1337
f 3077/3494/1337 2741/3496/1338 2612/3497/1339 2823/3498/1340
f 2766/3495/1309 3077/3494/1337 2823/3498/1340 2630/3499/1310
f 2630/3499/1310 2823/3498/1340 3078/3500/1341 2804/3501/1315
f 2823/3498/1340 2612/3497/1339 2786/3502/1342 3078/3500/1341
f 3078/3500/1341 2786/3502/1342 2611/3503/1342 2824/3504/1341
f 2804/3501/1315 3078/3500/1341 2824/3504/1341 2629/3505/1316
f 2629/3505/1316 2824/3504/1341 3079/3506/1341 2803/3507/1315
f 2824/3504/1341 2611/3503/1342 2785/3508/1342 3079/3506/1341
f 3079/3506/1341 2785/3508/1342 2610/3262/1157 2825/3259/1154
f 2803/3507/1315 3079/3506/1341 2825/3259/1154 2628/3258/1153
f 2588/3255/1150 2742/3252/1147 3080/3509/1343 2746/3481/1329
f 2742/3252/1147 2584/3251/1146 2733/3414/1287 3080/3509/1343
f 3080/3509/1343 2733/3414/1287 2609/3413/1286 2826/3510/1344
f 2746/3481/1329 3080/3509/1343 2826/3510/1344 2618/3482/1330
f 2618/3482/1330 2826/3510/1344 3081/3511/1345 2792/3487/1335
f 2826/3510/1344 2609/3413/1286 2783/3420/1290 3081/3511/1345
f 3081/3511/1345 2783/3420/1290 2608/3419/1290 2827/3512/1345
f 2792/3487/1335 3081/3511/1345 2827/3512/1345 2617/3488/1336
f 2617/3488/1336 2827/3512/1345 3082/3513/1345 2791/3493/1336
f 2827/3512/1345 2608/3419/1290 2782/3423/1290 3082/3513/1345
f 3082/3513/1345 2782/3423/1290 2607/3233/1128 2828/3230/1125
f 2791/3493/1336 3082/3513/1345 2828/3230/1125 2616/3229/1124
f 2623/3475/1324 2797/3477/1324 3083/3514/1346 2865/3515/1346
f 2797/3477/1324 2622/3301/1194 2868/3516/1347 3083/3514/1346
f 3083/3514/1346 2868/3516/1347 2670/3517/1348 2871/3518/1349
f 2865/3515/1346 3083/3514/1346 2871/3518/1349 2667/3519/1349
f 2667/3519/1349 2871/3518/1349 3084/3520/1350 2866/3521/1350
f 2871/3518/1349 2670/3517/1348 2869/3522/1351 3084/3520/1350
f 3084/3520/1350 2869/3522/1351 2671/3523/1351 2872/3524/1350
f 2866/3521/1350 3084/3520/1350 2872/3524/1350 2668/3525/1350
f 2668/3525/1350 2872/3524/1350 3085/3526/1350 2867/3527/1350
f 2872/3524/1350 2671/3523/1351 2870/3528/1351 3085/3526/1350
f 3085/3526/1350 2870/3528/1351 2672/3378/1258 2873/3436/1297
f 2867/3527/1350 3085/3526/1350 2873/3436/1297 2669/3432/1297
f 2624/3469/1322 2798/3471/1324 3086/3529/1346 2862/3530/1352
f 2798/3471/1324 2623/3475/1324 2865/3515/1346 3086/3529/1346
f 3086/3529/1346 2865/3515/1346 2667/3519/1349 2874/3531/1349
f 2862/3530/1352 3086/3529/1346 2874/3531/1349 2664/3532/1353
f 2664/3532/1353 2874/3531/1349 3087/3533/1350 2863/3534/1354
f 2874/3531/1349 2667/3519/1349 2866/3521/1350 3087/3533/1350
f 3087/3533/1350 2866/3521/1350 2668/3525/1350 2875/3535/1350
f 2863/3534/1354 3087/3533/1350 2875/3535/1350 2665/3536/1354
f 2665/3536/1354 2875/3535/1350 3088/3537/1350 2864/3538/1354
f 2875/3535/1350 2668/3525/1350 2867/3527/1350 3088/3537/1350
f 3088/3537/1350 2867/3527/1350 2669/3432/1297 2876/3430/1297
f 2864/3538/1354 3088/3537/1350 2876/3430/1297 2666/3428/1295
f 2604/3350/1232 2754/3465/1318 3089/3539/1355 2838/3345/1227
f 2754/3465/1318 2624/3469/1322 2862/3530/1352 3089/3539/1355
f 3089/3539/1355 2862/3530/1352 2664/3532/1353 2877/3540/1356
f 2838/3345/1227 3089/3539/1355 2877/3540/1356 2640/3342/1224
f 2640/3342/1224 2877/3540/1356 3090/3541/1357 2839/3542/1358
f 2877/3540/1356 2664/3532/1353 2863/3534/1354 3090/3541/1357
f 3090/3541/1357 2863/3534/1354 2665/3536/1354 2878/3543/1357
f 2839/3542/1358 3090/3541/1357 2878/3543/1357 2641/3544/1358
f 2641/3544/1358 2878/3543/1357 3091/3545/1359 2840/3546/1358
f 2878/3543/1357 2665/3536/1354 2864/3538/1354 3091/3545/1359
f 3091/3545/1359 2864/3538/1354 2666/3428/1295 2879/3425/1292
f 2840/3546/1358 3091/3545/1359 2879/3425/1292 2642/3424/1291
f 2611/3503/1342 2786/3502/1342 3092/3547/1360 2856/3548/1360
f 2786/3502/1342 2612/3497/1339 2859/3549/1361 3092/3547/1360
f 3092/3547/1360 2859/3549/1361 2661/3550/1362 2880/3551/1363
f 2856/3548/1360 3092/3547/1360 2880/3551/1363 2658/3552/1363
f 2658/3552/1363 2880/3551/1363 3093/3553/1364 2857/3554/1364
f 2880/3551/1363 2661/3550/1362 2860/3555/1365 3093/3553/1364
f 3093/3553/1364 2860/3555/1365 2662/3556/1365 2881/3557/1364
f 2857/3554/1364 3093/3553/1364 2881/3557/1364 2659/3558/1364
f 2659/3558/1364 2881/3557/1364 3094/3559/1364 2858/3560/1364
f 2881/3557/1364 2662/3556/1365 2861/3561/1365 3094/3559/1364
f 3094/3559/1364 2861/3561/1365 2663/3403/1276 2882/3421/1288
f 2858/3560/1364 3094/3559/1364 2882/3421/1288 2660/3417/1288
f 2610/3262/1157 2785/3508/1342 3095/3562/1360 2853/3563/1366
f 2785/3508/1342 2611/3503/1342 2856/3548/1360 3095/3562/1360
f 3095/3562/1360 2856/3548/1360 2658/3552/1363 2883/3564/1363
f 2853/3563/1366 3095/3562/1360 2883/3564/1363 2655/3565/1367
f 2655/3565/1367 2883/3564/1363 3096/3566/1364 2854/3567/1368
f 2883/3564/1363 2658/3552/1363 2857/3554/1364 3096/3566/1364
f 3096/3566/1364 2857/3554/1364 2659/3558/1364 2884/3568/1364
f 2854/3567/1368 3096/3566/1364 2884/3568/1364 2656/3569/1368
f 2656/3569/1368 2884/3568/1364 3097/3570/1364 2855/3571/1368
f 2884/3568/1364 2659/3558/1364 2858/3560/1364 3097/3570/1364
f 3097/3570/1364 2858/3560/1364 2660/3417/1288 2885/3415/1288
f 2855/3571/1368 3097/3570/1364 2885/3415/1288 2657/3411/1284
f 2585/3264/1159 2784/3263/1158 3098/3572/1369 2739/3573/1370
f 2784/3263/1158 2610/3262/1157 2853/3563/1366 3098/3572/1369
f 3098/3572/1369 2853/3563/1366 2655/3565/1367 2886/3574/1371
f 2739/3573/1370 3098/3572/1369 2886/3574/1371 2636/3575/1372
f 2636/3575/1372 2886/3574/1371 3099/3576/1373 2834/3577/1374
f 2886/3574/1371 2655/3565/1367 2854/3567/1368 3099/3576/1373
f 3099/3576/1373 2854/3567/1368 2656/3569/1368 2887/3578/1373
f 2834/3577/1374 3099/3576/1373 2887/3578/1373 2635/3579/1374
f 2635/3579/1374 2887/3578/1373 3100/3580/1373 2833/3581/1374
f 2887/3578/1373 2656/3569/1368 2855/3571/1368 3100/3580/1373
f 3100/3580/1373 2855/3571/1368 2657/3411/1284 2888/3409/1282
f 2833/3581/1374 3100/3580/1373 2888/3409/1282 2634/3401/1274
f 2612/3497/1339 2741/3496/1338 3101/3582/1375 2859/3549/1361
f 2741/3496/1338 2586/3279/1172 2734/3373/1253 3101/3582/1375
f 3101/3582/1375 2734/3373/1253 2633/3372/1252 2889/3583/1376
f 2859/3549/1361 3101/3582/1375 2889/3583/1376 2661/3550/1362
f 2661/3550/1362 2889/3583/1376 3102/3584/1377 2860/3555/1365
f 2889/3583/1376 2633/3372/1252 2831/3585/1378 3102/3584/1377
f 3102/3584/1377 2831/3585/1378 2632/3586/1378 2890/3587/1379
f 2860/3555/1365 3102/3584/1377 2890/3587/1379 2662/3556/1365
f 2662/3556/1365 2890/3587/1379 3103/3588/1377 2861/3561/1365
f 2890/3587/1379 2632/3586/1378 2830/3589/1378 3103/3588/1377
f 3103/3588/1377 2830/3589/1378 2631/3407/1280 2891/3404/1277
f 2861/3561/1365 3103/3588/1377 2891/3404/1277 2663/3403/1276
f 2595/3269/1164 2773/3267/1162 3104/3590/1380 2763/3591/1381
f 2773/3267/1162 2585/3264/1159 2739/3573/1370 3104/3590/1380
f 3104/3590/1380 2739/3573/1370 2636/3575/1372 2892/3592/1382
f 2763/3591/1381 3104/3590/1380 2892/3592/1382 2648/3593/1383
f 2648/3593/1383 2892/3592/1382 3105/3594/1384 2846/3595/1385
f 2892/3592/1382 2636/3575/1372 2834/3577/1374 3105/3594/1384
f 3105/3594/1384 2834/3577/1374 2635/3579/1374 2893/3596/1384
f 2846/3595/1385 3105/3594/1384 2893/3596/1384 2647/3597/1385
f 2647/3597/1385 2893/3596/1384 3106/3598/1384 2845/3599/1385
f 2893/3596/1384 2635/3579/1374 2833/3581/1374 3106/3598/1384
f 3106/3598/1384 2833/3581/1374 2634/3401/1274 2894/3398/1272
f 2845/3599/1385 3106/3598/1384 2894/3398/1272 2646/3397/1206
f 2682/3600/1386 2922/3601/1387 3107/3602/1388 2990/3603/1389
f 2922/3601/1387 2590/3604/1135 2768/3605/1390 3107/3602/1388
f 3107/3602/1388 2768/3605/1390 2651/3606/1391 2955/3607/1392
f 2990/3603/1389 3107/3602/1388 2955/3607/1392 2715/3608/1393
f 2715/3608/1393 2955/3607/1392 3108/3609/1394 2987/3610/1395
f 2955/3607/1392 2651/3606/1391 2849/3611/1396 3108/3609/1394
f 3108/3609/1394 2849/3611/1396 2650/3612/1396 2958/3613/1394
f 2987/3610/1395 3108/3609/1394 2958/3613/1394 2718/3614/1395
f 2718/3614/1395 2958/3613/1394 3109/3615/1394 2984/3616/1395
f 2958/3613/1394 2650/3612/1396 2848/3617/1396 3109/3615/1394
f 3109/3615/1394 2848/3617/1396 2649/3392/1248 2961/3389/1269
f 2984/3616/1395 3109/3615/1394 2961/3389/1269 2721/3388/1268
f 2622/3301/1194 2796/3304/1197 3110/3618/1397 2868/3516/1347
f 2796/3304/1197 2603/3308/1201 2841/3619/1398 3110/3618/1397
f 3110/3618/1397 2841/3619/1398 2643/3620/1399 2898/3621/1400
f 2868/3516/1347 3110/3618/1397 2898/3621/1400 2670/3517/1348
f 2670/3517/1348 2898/3621/1400 3111/3622/1401 2869/3522/1351
f 2898/3621/1400 2643/3620/1399 2842/3623/1402 3111/3622/1401
f 3111/3622/1401 2842/3623/1402 2644/3624/1402 2899/3625/1401
f 2869/3522/1351 3111/3622/1401 2899/3625/1401 2671/3523/1351
f 2671/3523/1351 2899/3625/1401 3112/3626/1401 2870/3528/1351
f 2899/3625/1401 2644/3624/1402 2843/3627/1402 3112/3626/1401
f 3112/3626/1401 2843/3627/1402 2645/3286/1179 2900/3379/1259
f 2870/3528/1351 3112/3626/1401 2900/3379/1259 2672/3378/1258
f 2590/3240/1135 2759/3238/1133 3113/3628/1403 2768/3629/1390
f 2759/3238/1133 2583/3235/1130 2829/3408/1281 3113/3628/1403
f 3113/3628/1403 2829/3408/1281 2631/3407/1280 2901/3630/1404
f 2768/3629/1390 3113/3628/1403 2901/3630/1404 2651/3631/1391
f 2651/3631/1391 2901/3630/1404 3114/3632/1405 2849/3633/1396
f 2901/3630/1404 2631/3407/1280 2830/3589/1378 3114/3632/1405
f 3114/3632/1405 2830/3589/1378 2632/3586/1378 2902/3634/1405
f 2849/3633/1396 3114/3632/1405 2902/3634/1405 2650/3635/1396
f 2650/3635/1396 2902/3634/1405 3115/3636/1405 2848/3637/1396
f 2902/3634/1405 2632/3586/1378 2831/3585/1378 3115/3636/1405
f 3115/3636/1405 2831/3585/1378 2633/3372/1252 2903/3369/1249
f 2848/3637/1396 3115/3636/1405 2903/3369/1249 2649/3368/1248
f 2605/3363/1243 2780/3375/1255 3116/3638/1406 2755/3427/1294
f 2780/3375/1255 2596/3374/1254 2779/3639/1407 3116/3638/1406
f 3116/3638/1406 2779/3639/1407 2654/3640/1408 2904/3641/1409
f 2755/3427/1294 3116/3638/1406 2904/3641/1409 2642/3424/1291
f 2642/3424/1291 2904/3641/1409 3117/3642/1410 2840/3546/1358
f 2904/3641/1409 2654/3640/1408 2852/3643/1411 3117/3642/1410
f 3117/3642/1410 2852/3643/1411 2653/3644/1411 2905/3645/1410
f 2840/3546/1358 3117/3642/1410 2905/3645/1410 2641/3544/1358
f 2641/3544/1358 2905/3645/1410 3118/3646/1410 2839/3542/1358
f 2905/3645/1410 2653/3644/1411 2851/3647/1411 3118/3646/1410
f 3118/3646/1410 2851/3647/1411 2652/3346/1228 2906/3343/1225
f 2839/3542/1358 3118/3646/1410 2906/3343/1225 2640/3342/1224
f 2685/3648/1213 2925/3649/1212 3119/3650/1412 2981/3651/1413
f 2925/3649/1212 2595/3652/1164 2763/3653/1381 3119/3650/1412
f 3119/3650/1412 2763/3653/1381 2648/3654/1383 2964/3655/1414
f 2981/3651/1413 3119/3650/1412 2964/3655/1414 2724/3656/1415
f 2724/3656/1415 2964/3655/1414 3120/3657/1416 2978/3658/1417
f 2964/3655/1414 2648/3654/1383 2846/3659/1385 3120/3657/1416
f 3120/3657/1416 2846/3659/1385 2647/3660/1385 2967/3661/1416
f 2978/3658/1417 3120/3657/1416 2967/3661/1416 2727/3662/1417
f 2727/3662/1417 2967/3661/1416 3121/3663/1416 2975/3664/1417
f 2967/3661/1416 2647/3660/1385 2845/3665/1385 3121/3663/1416
f 3121/3663/1416 2845/3665/1385 2646/3313/1206 2970/3310/1203
f 2975/3664/1417 3121/3663/1416 2970/3310/1203 2730/3309/1202
f 2603/3308/1201 2770/3352/1233 3122/3666/1418 2841/3619/1398
f 2770/3352/1233 2602/3351/1141 2750/3667/1419 3122/3666/1418
f 3122/3666/1418 2750/3667/1419 2639/3668/1420 2910/3669/1421
f 2841/3619/1398 3122/3666/1418 2910/3669/1421 2643/3620/1399
f 2643/3620/1399 2910/3669/1421 3123/3670/1422 2842/3623/1402
f 2910/3669/1421 2639/3668/1420 2837/3671/1423 3123/3670/1422
f 3123/3670/1422 2837/3671/1423 2638/3672/1423 2911/3673/1424
f 2842/3623/1402 3123/3670/1422 2911/3673/1424 2644/3624/1402
f 2644/3624/1402 2911/3673/1424 3124/3674/1424 2843/3627/1402
f 2911/3673/1424 2638/3672/1423 2836/3675/1423 3124/3674/1424
f 3124/3674/1424 2836/3675/1423 2637/3290/1183 2912/3287/1180
f 2843/3627/1402 3124/3674/1424 2912/3287/1180 2645/3286/1179
f 2653/3676/1411 2908/3677/1425 3125/3678/1425 2851/3679/1411
f 2908/3677/1425 2729/3680/1426 2973/3681/1426 3125/3678/1425
f 3125/3678/1425 2973/3681/1426 2732/3682/1427 2909/3683/1428
f 2851/3679/1411 3125/3678/1425 2909/3683/1428 2652/3684/1228
f 2729/3680/1426 2969/3685/1429 3126/3686/1429 2973/3681/1426
f 2969/3685/1429 2728/3687/1429 2974/3688/1429 3126/3686/1429
f 3126/3686/1429 2974/3688/1429 2731/3689/1430 2972/3690/1430
f 2973/3681/1426 3126/3686/1429 2972/3690/1430 2732/3682/1427
f 2728/3687/1429 2968/3691/1429 3127/3692/1429 2974/3688/1429
f 2968/3691/1429 2727/3662/1417 2975/3664/1417 3127/3692/1429
f 3127/3692/1429 2975/3664/1417 2730/3309/1202 2971/3693/1430
f 2974/3688/1429 3127/3692/1429 2971/3693/1430 2731/3689/1430
f 2654/3694/1408 2907/3695/1431 3128/3696/1425 2852/3697/1411
f 2907/3695/1431 2726/3698/1432 2976/3699/1426 3128/3696/1425
f 3128/3696/1425 2976/3699/1426 2729/3680/1426 2908/3677/1425
f 2852/3697/1411 3128/3696/1425 2908/3677/1425 2653/3676/1411
f 2726/3698/1432 2966/3700/1433 3129/3701/1429 2976/3699/1426
f 2966/3700/1433 2725/3702/1433 2977/3703/1429 3129/3701/1429
f 3129/3701/1429 2977/3703/1429 2728/3687/1429 2969/3685/1429
f 2976/3699/1426 3129/3701/1429 2969/3685/1429 2729/3680/1426
f 2725/3702/1433 2965/3704/1433 3130/3705/1429 2977/3703/1429
f 2965/3704/1433 2724/3656/1415 2978/3658/1417 3130/3705/1429
f 3130/3705/1429 2978/3658/1417 2727/3662/1417 2968/3691/1429
f 2977/3703/1429 3130/3705/1429 2968/3691/1429 2728/3687/1429
f 2596/3706/1254 2764/3707/1434 3131/3708/1435 2779/3709/1407
f 2764/3707/1434 2687/3710/1436 2979/3711/1437 3131/3708/1435
f 3131/3708/1435 2979/3711/1437 2726/3698/1432 2907/3695/1431
f 2779/3709/1407 3131/3708/1435 2907/3695/1431 2654/3694/1408
f 2687/3710/1436 2927/3712/1438 3132/3713/1439 2979/3711/1437
f 2927/3712/1438 2686/3714/1438 2980/3715/1439 3132/3713/1439
f 3132/3713/1439 2980/3715/1439 2725/3702/1433 2966/3700/1433
f 2979/3711/1437 3132/3713/1439 2966/3700/1433 2726/3698/1432
f 2686/3714/1438 2926/3716/1438 3133/3717/1439 2980/3715/1439
f 2926/3716/1438 2685/3648/1213 2981/3651/1413 3133/3717/1439
f 3133/3717/1439 2981/3651/1413 2724/3656/1415 2965/3704/1433
f 2980/3715/1439 3133/3717/1439 2965/3704/1433 2725/3702/1433
f 2638/3718/1423 2896/3719/1440 3134/3720/1440 2836/3721/1423
f 2896/3719/1440 2720/3722/1441 2982/3723/1441 3134/3720/1440
f 3134/3720/1440 2982/3723/1441 2723/3724/1442 2897/3725/1443
f 2836/3721/1423 3134/3720/1440 2897/3725/1443 2637/3726/1183
f 2720/3722/1441 2960/3727/1444 3135/3728/1444 2982/3723/1441
f 2960/3727/1444 2719/3729/1444 2983/3730/1444 3135/3728/1444
f 3135/3728/1444 2983/3730/1444 2722/3731/1445 2963/3732/1445
f 2982/3723/1441 3135/3728/1444 2963/3732/1445 2723/3724/1442
f 2719/3729/1444 2959/3733/1444 3136/3734/1444 2983/3730/1444
f 2959/3733/1444 2718/3614/1395 2984/3616/1395 3136/3734/1444
f 3136/3734/1444 2984/3616/1395 2721/3388/1268 2962/3735/1445
f 2983/3730/1444 3136/3734/1444 2962/3735/1445 2722/3731/1445
f 2639/3736/1420 2895/3737/1446 3137/3738/1440 2837/3739/1423
f 2895/3737/1446 2717/3740/1447 2985/3741/1441 3137/3738/1440
f 3137/3738/1440 2985/3741/1441 2720/3722/1441 2896/3719/1440
f 2837/3739/1423 3137/3738/1440 2896/3719/1440 2638/3718/1423
f 2717/3740/1447 2957/3742/1448 3138/3743/1444 2985/3741/1441
f 2957/3742/1448 2716/3744/1448 2986/3745/1444 3138/3743/1444
f 3138/3743/1444 2986/3745/1444 2719/3729/1444 2960/3727/1444
f 2985/3741/1441 3138/3743/1444 2960/3727/1444 2720/3722/1441
f 2716/3744/1448 2956/3746/1448 3139/3747/1444 2986/3745/1444
f 2956/3746/1448 2715/3608/1393 2987/3610/1395 3139/3747/1444
f 3139/3747/1444 2987/3610/1395 2718/3614/1395 2959/3733/1444
f 2986/3745/1444 3139/3747/1444 2959/3733/1444 2719/3729/1444
f 2602/3748/1141 2762/3749/1138 3140/3750/1449 2750/3751/1419
f 2762/3749/1138 2684/3752/1137 2988/3753/1450 3140/3750/1449
f 3140/3750/1449 2988/3753/1450 2717/3740/1447 2895/3737/1446
f 2750/3751/1419 3140/3750/1449 2895/3737/1446 2639/3736/1420
f 2684/3752/1137 2924/3754/1451 3141/3755/1452 2988/3753/1450
f 2924/3754/1451 2683/3756/1451 2989/3757/1452 3141/3755/1452
f 3141/3755/1452 2989/3757/1452 2716/3744/1448 2957/3742/1448
f 2988/3753/1450 3141/3755/1452 2957/3742/1448 2717/3740/1447
f 2683/3756/1451 2923/3758/1451 3142/3759/1452 2989/3757/1452
f 2923/3758/1451 2682/3600/1386 2990/3603/1389 3142/3759/1452
f 3142/3759/1452 2990/3603/1389 2715/3608/1393 2956/3746/1448
f 2989/3757/1452 3142/3759/1452 2956/3746/1448 2716/3744/1448
f 2620/3473/1326 2821/3760/1453 3143/3761/1453 2794/3478/1326
f 2821/3760/1453 2711/3762/1454 2991/3763/1454 3143/3761/1453
f 3143/3761/1453 2991/3763/1454 2714/3764/1455 2822/3765/1456
f 2794/3478/1326 3143/3761/1453 2822/3765/1456 2619/3305/1198
f 2711/3762/1454 2951/3766/1457 3144/3767/1457 2991/3763/1454
f 2951/3766/1457 2710/3768/1457 2992/3769/1457 3144/3767/1457
f 3144/3767/1457 2992/3769/1457 2713/3770/1458 2954/3771/1458
f 2991/3763/1454 3144/3767/1457 2954/3771/1458 2714/3764/1455
f 2710/3768/1457 2950/3772/1457 3145/3773/1457 2992/3769/1457
f 2950/3772/1457 2709/3490/1334 2993/3492/1334 3145/3773/1457
f 3145/3773/1457 2993/3492/1334 2712/3295/1188 2953/3774/1458
f 2992/3769/1457 3145/3773/1457 2953/3774/1458 2713/3770/1458
f 2621/3467/1320 2820/3775/1459 3146/3776/1453 2795/3472/1325
f 2820/3775/1459 2708/3777/1460 2994/3778/1454 3146/3776/1453
f 3146/3776/1453 2994/3778/1454 2711/3762/1454 2821/3760/1453
f 2795/3472/1325 3146/3776/1453 2821/3760/1453 2620/3473/1326
f 2708/3777/1460 2948/3779/1461 3147/3780/1457 2994/3778/1454
f 2948/3779/1461 2707/3781/1461 2995/3782/1457 3147/3780/1457
f 3147/3780/1457 2995/3782/1457 2710/3768/1457 2951/3766/1457
f 2994/3778/1454 3147/3780/1457 2951/3766/1457 2711/3762/1454
f 2707/3781/1461 2947/3783/1461 3148/3784/1457 2995/3782/1457
f 2947/3783/1461 2706/3484/1332 2996/3486/1334 3148/3784/1457
f 3148/3784/1457 2996/3486/1334 2709/3490/1334 2950/3772/1457
f 2995/3782/1457 3148/3784/1457 2950/3772/1457 2710/3768/1457
f 2592/3364/1244 2748/3785/1462 3149/3786/1463 2752/3466/1319
f 2748/3785/1462 2678/3787/1464 2997/3788/1465 3149/3786/1463
f 3149/3786/1463 2997/3788/1465 2708/3777/1460 2820/3775/1459
f 2752/3466/1319 3149/3786/1463 2820/3775/1459 2621/3467/1320
f 2678/3787/1464 2918/3789/1466 3150/3790/1467 2997/3788/1465
f 2918/3789/1466 2677/3791/1466 2998/3792/1467 3150/3790/1467
f 3150/3790/1467 2998/3792/1467 2707/3781/1461 2948/3779/1461
f 2997/3788/1465 3150/3790/1467 2948/3779/1461 2708/3777/1460
f 2677/3791/1466 2917/3793/1466 3151/3794/1467 2998/3792/1467
f 2917/3793/1466 2676/3278/1171 2999/3480/1328 3151/3794/1467
f 3151/3794/1467 2999/3480/1328 2706/3484/1332 2947/3783/1461
f 2998/3792/1467 3151/3794/1467 2947/3783/1461 2707/3781/1461
f 2614/3445/1306 2815/3795/1468 3152/3796/1468 2788/3448/1306
f 2815/3795/1468 2702/3797/1469 3000/3798/1469 3152/3796/1468
f 3152/3796/1468 3000/3798/1469 2705/3799/1470 2816/3800/1471
f 2788/3448/1306 3152/3796/1468 2816/3800/1471 2613/3359/1239
f 2702/3797/1469 2942/3801/1472 3153/3802/1472 3000/3798/1469
f 2942/3801/1472 2701/3803/1472 3001/3804/1472 3153/3802/1472
f 3153/3802/1472 3001/3804/1472 2704/3805/1473 2945/3806/1473
f 3000/3798/1469 3153/3802/1472 2945/3806/1473 2705/3799/1470
f 2701/3803/1472 2941/3807/1472 3154/3808/1472 3001/3804/1472
f 2941/3807/1472 2700/3460/1314 3002/3462/1314 3154/3808/1472
f 3154/3808/1472 3002/3462/1314 2703/3327/1214 2944/3809/1473
f 3001/3804/1472 3154/3808/1472 2944/3809/1473 2704/3805/1473
f 2615/3441/1302 2814/3810/1474 3155/3811/1468 2789/3444/1305
f 2814/3810/1474 2699/3812/1475 3003/3813/1469 3155/3811/1468
f 3155/3811/1468 3003/3813/1469 2702/3797/1469 2815/3795/1468
f 2789/3444/1305 3155/3811/1468 2815/3795/1468 2614/3445/1306
f 2699/3812/1475 2939/3814/1476 3156/3815/1472 3003/3813/1469
f 2939/3814/1476 2698/3816/1476 3004/3817/1472 3156/3815/1472
f 3156/3815/1472 3004/3817/1472 2701/3803/1472 2942/3801/1472
f 3003/3813/1469 3156/3815/1472 2942/3801/1472 2702/3797/1469
f 2698/3816/1476 2938/3818/1476 3157/3819/1472 3004/3817/1472
f 2938/3818/1476 2697/3454/1312 3005/3456/1314 3157/3819/1472
f 3157/3819/1472 3005/3456/1314 2700/3460/1314 2941/3807/1472
f 3004/3817/1472 3157/3819/1472 2941/3807/1472 2701/3803/1472
f 2598/3384/1264 2919/3820/1477 3158/3821/1478 2745/3440/1301
f 2919/3820/1477 2679/3822/1479 3006/3823/1480 3158/3821/1478
f 3158/3821/1478 3006/3823/1480 2699/3812/1475 2814/3810/1474
f 2745/3440/1301 3158/3821/1478 2814/3810/1474 2615/3441/1302
f 2679/3822/1479 2920/3824/1481 3159/3825/1482 3006/3823/1480
f 2920/3824/1481 2680/3826/1481 3007/3827/1482 3159/3825/1482
f 3159/3825/1482 3007/3827/1482 2698/3816/1476 2939/3814/1476
f 3006/3823/1480 3159/3825/1482 2939/3814/1476 2699/3812/1475
f 2680/3826/1481 2921/3828/1481 3160/3829/1482 3007/3827/1482
f 2921/3828/1481 2681/3341/1223 3008/3450/1308 3160/3829/1482
f 3160/3829/1482 3008/3450/1308 2697/3454/1312 2938/3818/1476
f 3007/3827/1482 3160/3829/1482 2938/3818/1476 2698/3816/1476
f 2637/3726/1183 2897/3725/1443 3161/3830/1483 2835/3831/1184
f 2897/3725/1443 2723/3724/1442 3009/3832/1484 3161/3830/1483
f 3161/3830/1483 3009/3832/1484 2690/3833/1485 2767/3834/1486
f 2835/3831/1184 3161/3830/1483 2767/3834/1486 2601/3835/1185
f 2723/3724/1442 2963/3732/1445 3162/3836/1487 3009/3832/1484
f 2963/3732/1445 2722/3731/1445 3010/3837/1487 3162/3836/1487
f 3162/3836/1487 3010/3837/1487 2689/3838/1488 2930/3839/1488
f 3009/3832/1484 3162/3836/1487 2930/3839/1488 2690/3833/1485
f 2722/3731/1445 2962/3735/1445 3163/3840/1487 3010/3837/1487
f 2962/3735/1445 2721/3388/1268 3011/3391/1271 3163/3840/1487
f 3163/3840/1487 3011/3391/1271 2688/3396/1218 2929/3841/1488
f 3010/3837/1487 3163/3840/1487 2929/3841/1488 2689/3838/1488
f 2601/3842/1185 2767/3843/1486 3164/3844/1489 2772/3845/1267
f 2767/3843/1486 2690/3846/1485 3012/3847/1490 3164/3844/1489
f 3164/3844/1489 3012/3847/1490 2679/3822/1479 2919/3820/1477
f 2772/3845/1267 3164/3844/1489 2919/3820/1477 2598/3384/1264
f 2690/3846/1485 2930/3848/1488 3165/3849/1491 3012/3847/1490
f 2930/3848/1488 2689/3850/1488 3013/3851/1492 3165/3849/1491
f 3165/3849/1491 3013/3851/1492 2680/3826/1481 2920/3824/1481
f 3012/3847/1490 3165/3849/1491 2920/3824/1481 2679/3822/1479
f 2689/3850/1488 2929/3852/1488 3166/3853/1492 3013/3851/1492
f 2929/3852/1488 2688/3333/1218 3014/3336/1221 3166/3853/1492
f 3166/3853/1492 3014/3336/1221 2681/3341/1223 2921/3828/1481
f 3013/3851/1492 3166/3853/1492 2921/3828/1481 2680/3826/1481
f 2613/3359/1239 2816/3800/1471 3167/3854/1493 2787/3360/1240
f 2816/3800/1471 2705/3799/1470 3015/3855/1494 3167/3854/1493
f 3167/3854/1493 3015/3855/1494 2691/3856/1495 2931/3857/1496
f 2787/3360/1240 3167/3854/1493 2931/3857/1496 2597/3361/1241
f 2705/3799/1470 2945/3806/1473 3168/3858/1497 3015/3855/1494
f 2945/3806/1473 2704/3805/1473 3016/3859/1497 3168/3858/1497
f 3168/3858/1497 3016/3859/1497 2692/3860/1498 2932/3861/1498
f 3015/3855/1494 3168/3858/1497 2932/3861/1498 2691/3856/1495
f 2704/3805/1473 2944/3809/1473 3169/3862/1497 3016/3859/1497
f 2944/3809/1473 2703/3327/1214 3017/3330/1217 3169/3862/1497
f 3169/3862/1497 3017/3330/1217 2693/3318/1208 2933/3863/1498
f 3016/3859/1497 3169/3862/1497 2933/3863/1498 2692/3860/1498
f 2597/3361/1241 2931/3857/1496 3170/3864/1499 2744/3865/1257
f 2931/3857/1496 2691/3856/1495 3018/3866/1500 3170/3864/1499
f 3170/3864/1499 3018/3866/1500 2687/3867/1436 2764/3868/1434
f 2744/3865/1257 3170/3864/1499 2764/3868/1434 2596/3869/1254
f 2691/3856/1495 2932/3861/1498 3171/3870/1501 3018/3866/1500
f 2932/3861/1498 2692/3860/1498 3019/3871/1501 3171/3870/1501
f 3171/3870/1501 3019/3871/1501 2686/3872/1438 2927/3873/1438
f 3018/3866/1500 3171/3870/1501 2927/3873/1438 2687/3867/1436
f 2692/3860/1498 2933/3863/1498 3172/3874/1501 3019/3871/1501
f 2933/3863/1498 2693/3318/1208 3020/3321/1211 3172/3874/1501
f 3172/3874/1501 3020/3321/1211 2685/3326/1213 2926/3875/1438
f 3019/3871/1501 3172/3874/1501 2926/3875/1438 2686/3872/1438
f 2652/3684/1228 2909/3683/1428 3173/3876/1502 2850/3877/1229
f 2909/3683/1428 2732/3682/1427 3021/3878/1503 3173/3876/1502
f 3173/3876/1502 3021/3878/1503 2694/3879/1504 2934/3880/1505
f 2850/3877/1229 3173/3876/1502 2934/3880/1505 2594/3881/1230
f 2732/3682/1427 2972/3690/1430 3174/3882/1506 3021/3878/1503
f 2972/3690/1430 2731/3689/1430 3022/3883/1506 3174/3882/1506
f 3174/3882/1506 3022/3883/1506 2695/3884/1507 2935/3885/1507
f 3021/3878/1503 3174/3882/1506 2935/3885/1507 2694/3879/1504
f 2731/3689/1430 2971/3693/1430 3175/3886/1506 3022/3883/1506
f 2971/3693/1430 2730/3309/1202 3023/3312/1205 3175/3886/1506
f 3175/3886/1506 3023/3312/1205 2696/3317/1166 2936/3887/1507
f 3022/3883/1506 3175/3886/1506 2936/3887/1507 2695/3884/1507
f 2619/3305/1198 2822/3765/1456 3176/3888/1508 2793/3306/1199
f 2822/3765/1456 2714/3764/1455 3024/3889/1509 3176/3888/1508
f 3176/3888/1508 3024/3889/1509 2675/3250/1145 2747/3249/1144
f 2793/3306/1199 3176/3888/1508 2747/3249/1144 2591/3248/1143
f 2714/3764/1455 2954/3771/1458 3177/3890/1510 3024/3889/1509
f 2954/3771/1458 2713/3770/1458 3025/3891/1510 3177/3890/1510
f 3177/3890/1510 3025/3891/1510 2674/3892/1511 2915/3893/1511
f 3024/3889/1509 3177/3890/1510 2915/3893/1511 2675/3250/1145
f 2713/3770/1458 2953/3774/1458 3178/3894/1510 3025/3891/1510
f 2953/3774/1458 2712/3295/1188 3026/3298/1191 3178/3894/1510
f 3178/3894/1510 3026/3298/1191 2673/3300/1193 2914/3895/1511
f 3025/3891/1510 3178/3894/1510 2914/3895/1511 2674/3892/1511
f 2594/3896/1230 2934/3897/1505 3179/3898/1512 2771/3899/1247
f 2934/3897/1505 2694/3900/1504 3027/3901/1513 3179/3898/1512
f 3179/3898/1512 3027/3901/1513 2678/3787/1464 2748/3785/1462
f 2771/3899/1247 3179/3898/1512 2748/3785/1462 2592/3364/1244
f 2694/3900/1504 2935/3902/1507 3180/3903/1514 3027/3901/1513
f 2935/3902/1507 2695/3904/1507 3028/3905/1514 3180/3903/1514
f 3180/3903/1514 3028/3905/1514 2677/3791/1466 2918/3789/1466
f 3027/3901/1513 3180/3903/1514 2918/3789/1466 2678/3787/1464
f 2695/3904/1507 2936/3906/1507 3181/3907/1514 3028/3905/1514
f 2936/3906/1507 2696/3271/1166 3029/3274/1169 3181/3907/1514
f 3181/3907/1514 3029/3274/1169 2676/3278/1171 2917/3793/1466
f 3028/3905/1514 3181/3907/1514 2917/3793/1466 2677/3791/1466
f 2590/3908/1135 2922/3909/1387 3182/3910/1515 2737/3911/1136
f 2922/3909/1387 2682/3912/1386 3030/3913/1516 3182/3910/1515
f 3182/3910/1515 3030/3913/1516 2673/3300/1193 2913/3299/1192
f 2737/3911/1136 3182/3910/1515 2913/3299/1192 2587/3237/1132
f 2682/3912/1386 2923/3914/1451 3183/3915/1517 3030/3913/1516
f 2923/3914/1451 2683/3916/1451 3031/3917/1517 3183/3915/1517
f 3183/3915/1517 3031/3917/1517 2674/3892/1511 2914/3895/1511
f 3030/3913/1516 3183/3915/1517 2914/3895/1511 2673/3300/1193
f 2683/3916/1451 2924/3918/1451 3184/3919/1517 3031/3917/1517
f 2924/3918/1451 2684/3242/1137 3032/3245/1140 3184/3919/1517
f 3184/3919/1517 3032/3245/1140 2675/3250/1145 2915/3893/1511
f 3031/3917/1517 3184/3919/1517 2915/3893/1511 2674/3892/1511
g Left_Arm_Left_Arm
v -1.908379 3.866712 0.480743
v -1.908379 2.133286 0.480742
v -1.091620 2.133286 0.480742
v -1.091620 3.866712 0.480742
v -1.980740 3.866712 0.408382
v -1.980740 2.133286 0.408381
v -1.019259 2.133286 0.408381
v -1.908379 3.980739 0.408382
v -1.980741 3.866712 -0.408378
v -1.980741 2.133286 -0.408378
v -1.908379 2.019258 0.408381
v -1.908380 2.019258 -0.408378
v -1.091620 2.019258 0.408381
v -1.091621 2.019258 -0.408379
v -1.019260 2.133286 -0.408379
v -1.019260 3.866712 -0.408378
v -1.019259 3.866712 0.408381
v -1.091620 3.980739 0.408381
v -1.091621 3.980740 -0.408378
v -1.908380 3.980740 -0.408378
v -1.908380 3.866712 -0.480739
v -1.908380 2.133286 -0.480739
v -1.091621 2.133286 -0.480740
v -1.091621 3.866712 -0.480739
v -1.909583 3.467499 0.489169
v -1.909583 2.999999 0.489168
v -1.909583 2.532499 0.489168
v -1.090416 2.532499 0.489168
v -1.090416 2.999999 0.489168
v -1.090416 3.467499 0.489168
v -1.010834 2.532499 -0.409582
v -1.010834 2.999999 -0.409582
v -1.010834 3.467499 -0.409582
v -1.989166 3.467499 0.409585
v -1.989166 2.999999 0.409585
v -1.989166 2.532499 0.409585
v -1.989167 3.467499 -0.409581
v -1.989167 2.999999 -0.409582
v -1.989167 2.532499 -0.409582
v -1.909584 3.467499 -0.489165
v -1.909584 2.999999 -0.489165
v -1.909584 2.532499 -0.489165
v -1.090417 2.532499 -0.489166
v -1.090417 2.999999 -0.489165
v -1.090417 3.467499 -0.489165
v -1.010833 2.532499 0.409584
v -1.010833 2.999999 0.409585
v -1.010833 3.467499 0.409585
v -1.717500 3.867915 0.489169
v -1.500000 3.867915 0.489168
v -1.282500 3.867915 0.489168
v -1.717500 2.132082 0.489168
v -1.500000 2.132082 0.489168
v -1.282500 2.132082 0.489168
v -1.282500 3.989166 -0.409582
v -1.500000 3.989166 -0.409582
v -1.717500 3.989166 -0.409582
v -1.717500 2.132082 -0.489165
v -1.500000 2.132082 -0.489165
v -1.282500 2.132082 -0.489166
v -1.717500 3.867915 -0.489165
v -1.500000 3.867916 -0.489165
v -1.282500 3.867915 -0.489165
v -1.717500 2.010832 0.409585
v -1.500000 2.010832 0.409585
v -1.282500 2.010832 0.409584
v -1.282500 3.989165 0.409585
v -1.500000 3.989165 0.409585
v -1.717500 3.989165 0.409585
v -1.717500 2.010832 -0.409582
v -1.500000 2.010832 -0.409582
v -1.282500 2.010832 -0.409582
v -1.282500 2.532499 0.500001
v -1.500000 2.532499 0.500001
v -1.717500 2.532499 0.500002
v -1.282500 2.999999 0.500001
v -1.500000 2.999999 0.500002
v -1.717500 2.999999 0.500002
v -1.282500 3.467499 0.500001
v -1.500000 3.467499 0.500002
v -1.717500 3.467499 0.500002
v -1.717500 2.532499 -0.499999
v -1.500000 2.532499 -0.499999
v -1.282500 2.532499 -0.499999
v -1.717500 2.999999 -0.499998
v -1.500000 2.999999 -0.499999
v -1.282500 2.999999 -0.499999
v -1.717500 3.467499 -0.499998
v -1.500000 3.467499 -0.499998
v -1.282500 3.467499 -0.499999
v -1.989167 3.867915 0.217502
v -1.989167 3.867915 0.000002
v -1.989167 3.867915 -0.217498
v -1.989167 2.132082 0.217502
v -1.989167 2.132082 0.000002
v -1.989167 2.132082 -0.217498
v -1.010834 3.867915 -0.217499
v -1.010833 3.867915 0.000001
v -1.010833 3.867915 0.217501
v -1.909583 3.989165 0.217502
v -1.909583 3.989165 0.000002
v -1.909583 3.989166 -0.217498
v -1.090417 2.010832 0.217501
v -1.090417 2.010833 0.000001
v -1.090417 2.010833 -0.217499
v -1.090417 3.989165 0.217502
v -1.090417 3.989165 0.000001
v -1.090417 3.989166 -0.217499
v -1.010834 2.132082 -0.217499
v -1.010833 2.132082 0.000001
v -1.010833 2.132082 0.217501
v -1.909583 2.010833 -0.217499
v -1.909583 2.010833 0.000001
v -1.909583 2.010832 0.217502
v -1.000000 3.467499 0.217501
v -1.000000 3.467499 0.000001
v -1.000000 3.467499 -0.217499
v -1.000000 2.999999 0.217501
v -1.000000 2.999999 0.000001
v -1.000000 2.999999 -0.217499
v -1.000000 2.532499 0.217501
v -1.000000 2.532499 0.000001
v -1.000000 2.532499 -0.217499
v -2.000000 2.532499 0.217502
v -2.000000 2.532499 0.000002
v -2.000000 2.532499 -0.217498
v -2.000000 2.999999 0.217502
v -2.000000 2.999999 0.000002
v -2.000000 2.999999 -0.217498
v -2.000000 3.467499 0.217502
v -2.000000 3.467499 0.000002
v -2.000000 3.467499 -0.217498
v -1.717500 3.999999 0.217502
v -1.717500 3.999999 0.000002
v -1.717500 3.999999 -0.217498
v -1.500000 3.999999 0.217502
v -1.500000 3.999999 0.000002
v -1.500000 3.999999 -0.217498
v -1.282500 3.999999 0.217502
v -1.282500 3.999999 0.000002
v -1.282500 3.999999 -0.217498
v -1.282500 1.999999 0.217501
v -1.282500 1.999999 0.000001
v -1.282500 1.999999 -0.217499
v -1.500000 1.999999 0.217501
v -1.500000 1.999999 0.000001
v -1.500000 1.999999 -0.217499
v -1.717500 1.999999 0.217501
v -1.717500 1.999999 0.000001
v -1.717500 1.999999 -0.217499
v -1.909433 2.307285 0.488115
v -1.177077 3.867765 0.488115
v -1.958906 3.865207 0.458908
v -1.041093 2.134791 0.458907
v -1.958906 3.953696 0.406877
v -1.958906 2.046301 0.406877
v -1.177077 2.132233 0.488114
v -1.041093 3.953696 0.406876
v -1.090567 3.692713 0.488115
v -1.958906 2.134791 0.458908
v -1.958907 2.134791 -0.458905
v -1.041094 2.046301 -0.406874
v -1.011887 3.692713 -0.409432
v -1.988113 2.307285 0.409434
v -1.988114 3.867765 -0.322920
v -1.988114 2.132233 -0.322921
v -1.041094 2.134791 -0.458905
v -1.822923 3.988112 -0.409431
v -1.958907 3.865207 -0.458904
v -1.988114 2.307285 -0.409431
v -1.011886 3.867765 0.322924
v -1.909433 2.307285 -0.488112
v -1.177078 2.132233 -0.488112
v -1.177078 3.867765 -0.488112
v -1.041094 3.865207 -0.458905
v -1.090567 3.692713 -0.488112
v -1.906875 3.953696 0.458908
v -1.906875 2.046301 0.458908
v -1.093125 3.953696 0.458908
v -1.909433 3.988112 -0.322921
v -1.177077 2.011886 0.409434
v -1.090567 2.011886 -0.322922
v -1.041093 2.046301 0.406876
v -1.011886 3.692713 0.409434
v -1.090567 3.988112 -0.322921
v -1.822922 3.988112 0.409435
v -1.958907 3.953697 -0.406873
v -1.906875 3.953697 -0.458904
v -1.958907 2.046301 -0.406874
v -1.041094 3.953697 -0.406874
v -1.093125 2.046301 0.458907
v -1.011886 2.132233 0.322923
v -1.041093 3.865207 0.458908
v -1.093125 3.953697 -0.458905
v -1.909433 2.011886 0.322924
v -1.906875 2.046301 -0.458905
v -1.177078 2.011886 -0.409432
v -1.093125 2.046301 -0.458905
v -1.909433 3.692713 0.488115
v -1.909583 3.233749 0.489169
v -1.909583 2.766249 0.489168
v -1.090567 2.307285 0.488114
v -1.090416 2.766249 0.489168
v -1.090416 3.233749 0.489168
v -1.011887 2.307285 -0.409432
v -1.010834 2.766249 -0.409582
v -1.010834 3.233749 -0.409582
v -1.988113 3.692713 0.409435
v -1.989166 3.233749 0.409585
v -1.989166 2.766249 0.409585
v -1.988114 3.692713 -0.409431
v -1.989167 3.233749 -0.409582
v -1.989167 2.766249 -0.409582
v -1.909433 3.692713 -0.488112
v -1.909584 3.233749 -0.489165
v -1.909584 2.766249 -0.489165
v -1.090567 2.307285 -0.488112
v -1.090417 2.766249 -0.489166
v -1.090417 3.233749 -0.489165
v -1.011886 2.307285 0.409434
v -1.010833 2.766249 0.409584
v -1.010833 3.233749 0.409585
v -1.823073 2.532499 0.498647
v -1.823073 2.999999 0.498648
v -1.823073 3.467499 0.498648
v -1.176927 2.532499 -0.498645
v -1.176927 2.999999 -0.498645
v -1.176927 3.467499 -0.498645
v -1.037032 3.467499 -0.462968
v -1.037032 2.999999 -0.462968
v -1.037032 2.532499 -0.462968
v -1.037031 3.467499 0.462970
v -1.037031 2.999999 0.462970
v -1.037031 2.532499 0.462970
v -1.001354 3.467499 -0.323072
v -1.001354 2.999999 -0.323072
v -1.001354 2.532499 -0.323072
v -1.962969 2.532499 -0.462967
v -1.962969 2.999999 -0.462967
v -1.962969 3.467499 -0.462967
v -1.998646 2.532499 -0.323071
v -1.998646 2.999999 -0.323071
v -1.998646 3.467499 -0.323071
v -1.962968 2.532499 0.462970
v -1.962968 2.999999 0.462971
v -1.962968 3.467499 0.462971
v -1.822922 3.867765 0.488115
v -1.608750 3.867915 0.489168
v -1.391250 3.867915 0.489168
v -1.822922 2.132233 0.488115
v -1.608750 2.132082 0.489168
v -1.391250 2.132082 0.489168
v -1.177078 3.988112 -0.409431
v -1.391250 3.989166 -0.409582
v -1.608750 3.989166 -0.409582
v -1.822923 2.132233 -0.488112
v -1.608750 2.132082 -0.489165
v -1.391250 2.132082 -0.489166
v -1.822923 3.867765 -0.488112
v -1.608750 3.867916 -0.489165
v -1.391250 3.867915 -0.489165
v -1.822922 2.011886 0.409434
v -1.608750 2.010832 0.409585
v -1.391250 2.010832 0.409584
v -1.177077 3.988112 0.409434
v -1.391250 3.989165 0.409585
v -1.608750 3.989165 0.409585
v -1.822923 2.011886 -0.409432
v -1.608750 2.010832 -0.409582
v -1.391250 2.010832 -0.409582
v -1.176927 2.532499 0.498647
v -1.391250 2.532499 0.500001
v -1.608750 2.532499 0.500001
v -1.176927 2.999999 0.498647
v -1.391250 2.999999 0.500001
v -1.608750 2.999999 0.500002
v -1.176927 3.467499 0.498647
v -1.391250 3.467499 0.500002
v -1.608750 3.467499 0.500002
v -1.823073 2.532499 -0.498644
v -1.608750 2.532499 -0.499999
v -1.391250 2.532499 -0.499999
v -1.823073 2.999999 -0.498644
v -1.608750 2.999999 -0.499999
v -1.391250 2.999999 -0.499999
v -1.823073 3.467499 -0.498644
v -1.608750 3.467499 -0.499998
v -1.391250 3.467499 -0.499999
v -1.717500 3.233749 -0.499998
v -1.500000 3.233749 -0.499999
v -1.282500 3.233749 -0.499999
v -1.717500 2.766249 -0.499999
v -1.500000 2.766249 -0.499999
v -1.282500 2.766249 -0.499999
v -1.717500 2.307135 -0.498644
v -1.500000 2.307135 -0.498645
v -1.282500 2.307135 -0.498645
v -1.282500 3.233749 0.500001
v -1.500000 3.233749 0.500002
v -1.717500 3.233749 0.500002
v -1.282500 2.766249 0.500001
v -1.500000 2.766249 0.500002
v -1.717500 2.766249 0.500002
v -1.282500 2.307134 0.498647
v -1.500000 2.307134 0.498647
v -1.717500 2.307134 0.498647
v -1.282500 3.692863 0.498647
v -1.500000 3.692863 0.498648
v -1.717500 3.692863 0.498648
v -1.282500 2.042239 -0.462968
v -1.500000 2.042239 -0.462968
v -1.717500 2.042239 -0.462967
v -1.717500 3.692863 -0.498644
v -1.500000 3.692863 -0.498644
v -1.282500 3.692863 -0.498644
v -1.282500 2.042239 0.462970
v -1.500000 2.042239 0.462970
v -1.717500 2.042239 0.462970
v -1.717500 3.957759 0.462971
v -1.500000 3.957759 0.462970
v -1.282500 3.957759 0.462970
v -1.717500 3.998645 -0.323071
v -1.500000 3.998645 -0.323071
v -1.282500 3.998645 -0.323071
v -1.282500 2.001353 -0.323072
v -1.500000 2.001353 -0.323072
v -1.717500 2.001353 -0.323072
v -1.717500 3.957759 -0.462967
v -1.500000 3.957759 -0.462967
v -1.282500 3.957759 -0.462967
v -1.988113 3.867765 0.322925
v -1.989167 3.867915 0.108752
v -1.989167 3.867916 -0.108748
v -1.988113 2.132233 0.322924
v -1.989167 2.132082 0.108752
v -1.989167 2.132082 -0.108748
v -1.011887 3.867765 -0.322921
v -1.010833 3.867916 -0.108749
v -1.010833 3.867915 0.108751
v -1.909433 3.988112 0.322924
v -1.909583 3.989165 0.108752
v -1.909583 3.989166 -0.108748
v -1.090567 2.011886 0.322923
v -1.090417 2.010832 0.108751
v -1.090417 2.010833 -0.108749
v -1.090567 3.988112 0.322924
v -1.090417 3.989165 0.108752
v -1.090417 3.989166 -0.108749
v -1.011887 2.132233 -0.322922
v -1.010833 2.132082 -0.108749
v -1.010833 2.132082 0.108751
v -1.909433 2.011886 -0.322921
v -1.909583 2.010833 -0.108749
v -1.909583 2.010832 0.108751
v -1.001354 3.467499 0.323074
v -1.000000 3.467499 0.108751
v -1.000000 3.467499 -0.108749
v -1.001354 2.999999 0.323074
v -1.000000 2.999999 0.108751
v -1.000000 2.999999 -0.108749
v -1.001354 2.532499 0.323074
v -1.000000 2.532499 0.108751
v -1.000000 2.532499 -0.108749
v -1.998646 2.532499 0.323075
v -2.000000 2.532499 0.108752
v -2.000000 2.532499 -0.108748
v -1.998646 2.999999 0.323075
v -2.000000 2.999999 0.108752
v -2.000000 2.999999 -0.108748
v -1.998646 3.467499 0.323075
v -2.000000 3.467499 0.108752
v -2.000000 3.467499 -0.108748
v -1.717500 3.998644 0.323075
v -1.717500 3.999999 0.108752
v -1.717500 3.999999 -0.108748
v -1.500000 3.998644 0.323075
v -1.500000 3.999999 0.108752
v -1.500000 3.999999 -0.108748
v -1.282500 3.998644 0.323075
v -1.282500 3.999999 0.108752
v -1.282500 3.999999 -0.108748
v -1.282500 2.001353 0.323074
v -1.282500 1.999999 0.108751
v -1.282500 1.999999 -0.108749
v -1.500000 2.001353 0.323074
v -1.500000 1.999999 0.108751
v -1.500000 1.999999 -0.108749
v -1.717500 2.001353 0.323074
v -1.717500 1.999999 0.108751
v -1.717500 1.999999 -0.108749
v -1.608750 1.999999 -0.217499
v -1.608750 1.999999 0.000001
v -1.608750 1.999999 0.217501
v -1.391250 1.999999 -0.217499
v -1.391250 1.999999 0.000001
v -1.391250 1.999999 0.217501
v -1.176927 2.001353 -0.217499
v -1.176927 2.001353 0.000001
v -1.176927 2.001353 0.217501
v -1.391250 3.999999 -0.217498
v -1.391250 3.999999 0.000002
v -1.391250 3.999999 0.217502
v -1.608750 3.999999 -0.217498
v -1.608750 3.999999 0.000002
v -1.608750 3.999999 0.217502
v -1.823073 3.998645 -0.217498
v -1.823073 3.998645 0.000002
v -1.823073 3.998644 0.217502
v -2.000000 3.233749 -0.217498
v -2.000000 3.233749 0.000002
v -2.000000 3.233749 0.217502
v -2.000000 2.766249 -0.217498
v -2.000000 2.766249 0.000002
v -2.000000 2.766249 0.217502
v -1.998646 2.307135 -0.217498
v -1.998646 2.307134 0.000002
v -1.998646 2.307134 0.217502
v -1.000000 2.766249 -0.217499
v -1.000000 2.766249 0.000001
v -1.000000 2.766249 0.217501
v -1.000000 3.233749 -0.217499
v -1.000000 3.233749 0.000001
v -1.000000 3.233749 0.217501
v -1.001354 3.692863 -0.217499
v -1.001354 3.692863 0.000001
v -1.001354 3.692863 0.217501
v -1.037031 3.957759 -0.217499
v -1.037031 3.957759 0.000001
v -1.037031 3.957759 0.217501
v -1.176927 3.998645 -0.217498
v -1.176927 3.998645 0.000002
v -1.176927 3.998644 0.217502
v -1.001354 2.307135 -0.217499
v -1.001354 2.307135 0.000001
v -1.001354 2.307134 0.217501
v -1.037031 2.042239 -0.217499
v -1.037031 2.042239 0.000001
v -1.037031 2.042239 0.217501
v -1.823073 2.001354 -0.217499
v -1.823073 2.001353 0.000001
v -1.823073 2.001353 0.217501
v -1.998646 3.692863 -0.217498
v -1.998646 3.692863 0.000002
v -1.998646 3.692863 0.217502
v -1.962969 2.042239 -0.217499
v -1.962969 2.042239 0.000002
v -1.962969 2.042239 0.217502
v -1.962969 3.957759 0.217502
v -1.962969 3.957759 0.000002
v -1.962969 3.957759 -0.217498
v -1.962461 3.692525 0.462463
v -1.949869 3.942056 0.449872
v -1.962461 3.957252 -0.322732
v -1.949869 2.057942 0.449871
v -1.050130 2.057942 0.449871
v -1.962461 2.042747 0.322736
v -1.050130 3.942056 0.449871
v -1.177266 3.957252 -0.462459
v -1.997329 3.692844 0.323056
v -1.962461 3.692525 -0.462459
v -1.823054 2.002670 0.323056
v -1.037539 2.042747 0.322735
v -1.002671 2.307153 0.323055
v -1.176946 3.997328 0.323056
v -1.037539 2.307473 0.462462
v -1.177265 3.957251 0.462462
v -1.949870 3.942056 -0.449868
v -1.037539 2.307473 -0.462460
v -1.949870 2.057942 -0.449868
v -1.822734 2.042747 0.462462
v -1.050131 2.057942 -0.449869
v -1.176946 3.692845 -0.497328
v -1.050131 3.942056 -0.449868
v -1.822735 2.042746 -0.462460
v -1.037539 3.957251 0.322736
v -1.823054 3.692844 0.497331
v -1.823054 2.307153 0.497331
v -1.823073 2.766249 0.498647
v -1.823073 3.233749 0.498648
v -1.176946 2.307153 -0.497328
v -1.176927 2.766249 -0.498645
v -1.176927 3.233749 -0.498645
v -1.037539 3.692525 -0.462460
v -1.037032 3.233749 -0.462968
v -1.037032 2.766249 -0.462968
v -1.037539 3.692525 0.462462
v -1.037031 3.233749 0.462970
v -1.037031 2.766249 0.462970
v -1.002671 3.692844 0.323056
v -1.001354 3.233749 0.323074
v -1.001354 2.766249 0.323074
v -1.962461 2.307473 -0.462459
v -1.962969 2.766249 -0.462967
v -1.962969 3.233749 -0.462967
v -1.997329 2.307153 0.323056
v -1.998646 2.766249 0.323075
v -1.998646 3.233749 0.323075
v -1.962461 2.307473 0.462463
v -1.962968 2.766249 0.462971
v -1.962968 3.233749 0.462971
v -1.823073 3.233749 -0.498644
v -1.608750 3.233749 -0.499998
v -1.391250 3.233749 -0.499999
v -1.823073 2.766249 -0.498644
v -1.608750 2.766249 -0.499999
v -1.391250 2.766249 -0.499999
v -1.823054 2.307153 -0.497328
v -1.608750 2.307135 -0.498645
v -1.391250 2.307135 -0.498645
v -1.176927 3.233749 0.498647
v -1.391250 3.233749 0.500002
v -1.608750 3.233749 0.500002
v -1.176927 2.766249 0.498647
v -1.391250 2.766249 0.500001
v -1.608750 2.766249 0.500002
v -1.176946 2.307153 0.497330
v -1.391250 2.307134 0.498647
v -1.608750 2.307134 0.498647
v -1.176946 3.692844 0.497331
v -1.391250 3.692863 0.498647
v -1.608750 3.692863 0.498648
v -1.177266 2.042747 -0.462460
v -1.391250 2.042239 -0.462968
v -1.608750 2.042239 -0.462968
v -1.823054 3.692845 -0.497327
v -1.608750 3.692863 -0.498644
v -1.391250 3.692863 -0.498644
v -1.177265 2.042747 0.462462
v -1.391250 2.042239 0.462970
v -1.608750 2.042239 0.462970
v -1.822734 3.957251 0.462463
v -1.608750 3.957759 0.462971
v -1.391250 3.957759 0.462970
v -1.823054 3.997328 0.323056
v -1.608750 3.998644 0.323075
v -1.391250 3.998644 0.323075
v -1.176946 2.002670 0.323055
v -1.391250 2.001353 0.323074
v -1.608750 2.001353 0.323074
v -1.822735 3.957251 -0.462459
v -1.608750 3.957759 -0.462967
v -1.391250 3.957759 -0.462967
v -1.608750 2.001353 -0.323072
v -1.608750 1.999999 -0.108749
v -1.608750 1.999999 0.108751
v -1.391250 2.001353 -0.323072
v -1.391250 1.999999 -0.108749
v -1.391250 1.999999 0.108751
v -1.176946 2.002670 -0.323053
v -1.176927 2.001353 -0.108749
v -1.176927 2.001353 0.108751
v -1.391250 3.998645 -0.323071
v -1.391250 3.999999 -0.108748
v -1.391250 3.999999 0.108752
v -1.608750 3.998645 -0.323071
v -1.608750 3.999999 -0.108748
v -1.608750 3.999999 0.108752
v -1.823054 3.997328 -0.323052
v -1.823073 3.998645 -0.108748
v -1.823073 3.998645 0.108752
v -1.998646 3.233749 -0.323071
v -2.000000 3.233749 -0.108748
v -2.000000 3.233749 0.108752
v -1.998646 2.766249 -0.323071
v -2.000000 2.766249 -0.108748
v -2.000000 2.766249 0.108752
v -1.997329 2.307153 -0.323053
v -1.998646 2.307135 -0.108748
v -1.998646 2.307134 0.108752
v -1.001354 2.766249 -0.323072
v -1.000000 2.766249 -0.108749
v -1.000000 2.766249 0.108751
v -1.001354 3.233749 -0.323072
v -1.000000 3.233749 -0.108749
v -1.000000 3.233749 0.108751
v -1.002671 3.692845 -0.323053
v -1.001354 3.692863 -0.108749
v -1.001354 3.692863 0.108751
v -1.037539 3.957251 -0.322733
v -1.037031 3.957759 -0.108749
v -1.037031 3.957759 0.108751
v -1.176946 3.997328 -0.323053
v -1.176927 3.998645 -0.108748
v -1.176927 3.998645 0.108752
v -1.002671 2.307153 -0.323053
v -1.001354 2.307135 -0.108749
v -1.001354 2.307134 0.108751
v -1.037539 2.042747 -0.322734
v -1.037031 2.042239 -0.108749
v -1.037031 2.042239 0.108751
v -1.823054 2.002670 -0.323053
v -1.823073 2.001353 -0.108749
v -1.823073 2.001353 0.108751
v -1.997329 3.692845 -0.323052
v -1.998646 3.692863 -0.108748
v -1.998646 3.692863 0.108752
v -1.962461 2.042747 -0.322733
v -1.962969 2.042239 -0.108749
v -1.962969 2.042239 0.108752
v -1.962461 3.957251 0.322736
v -1.962969 3.957759 0.108752
v -1.962969 3.957759 -0.108748
vn -0.9693 0.0023 0.2460
vn -0.7071 0.0020 0.7071
vn -0.7070 0.0178 0.7070
vn -0.9713 0.0212 0.2369
vn -0.2460 0.0023 0.9693
vn -0.2369 0.0212 0.9713
vn -0.2063 0.1070 0.9726
vn -0.7044 0.0880 0.7044
vn -0.9726 0.1070 0.2063
vn -0.1834 0.5273 0.8297
vn -0.6492 0.3963 0.6492
vn -0.2336 0.9439 0.2336
vn -0.8297 0.5273 0.1834
vn -0.2794 0.9602 -0.0050
vn -0.2702 0.9618 -0.0444
vn -0.8377 0.5449 -0.0376
vn -0.8362 0.5484 -0.0042
vn -0.2336 0.9439 -0.2336
vn -0.8297 0.5273 -0.1834
vn -0.9726 0.1070 -0.2063
vn -0.9909 0.1269 -0.0448
vn -0.9911 0.1328 -0.0050
vn -0.2063 -0.1070 0.9726
vn -0.7044 -0.0880 0.7044
vn -0.6492 -0.3963 0.6492
vn -0.1834 -0.5273 0.8297
vn -0.9726 -0.1070 0.2063
vn -0.8297 -0.5273 0.1834
vn -0.2336 -0.9439 0.2336
vn 0.2063 -0.1070 0.9726
vn 0.1834 -0.5273 0.8297
vn 0.6492 -0.3963 0.6492
vn 0.7044 -0.0880 0.7044
vn 0.2336 -0.9439 0.2336
vn 0.8297 -0.5273 0.1834
vn 0.9726 -0.1070 0.2063
vn -0.2794 -0.9602 0.0050
vn -0.2702 -0.9618 0.0444
vn -0.8377 -0.5449 0.0376
vn -0.8362 -0.5484 0.0042
vn -0.9909 -0.1269 0.0448
vn -0.9911 -0.1328 0.0050
vn 0.2063 0.1070 0.9726
vn 0.7044 0.0880 0.7044
vn 0.6492 0.3963 0.6492
vn 0.1834 0.5273 0.8297
vn 0.9726 0.1070 0.2063
vn 0.8297 0.5273 0.1834
vn 0.2336 0.9439 0.2336
vn 0.0050 0.1328 -0.9911
vn 0.0042 0.5484 -0.8362
vn 0.0376 0.5449 -0.8377
vn 0.0448 0.1269 -0.9909
vn 0.0050 0.9602 -0.2794
vn 0.0444 0.9618 -0.2702
vn 0.2336 0.9439 -0.2336
vn 0.1834 0.5273 -0.8297
vn 0.2063 0.1070 -0.9726
vn -1.0000 0.0030 0.0064
vn -0.9984 0.0028 0.0559
vn -0.9983 0.0253 0.0529
vn -0.9996 0.0268 0.0059
vn -0.9909 0.1269 0.0448
vn -0.9911 0.1328 0.0049
vn -0.2460 0.0023 -0.9693
vn -0.7071 0.0020 -0.7071
vn -0.7070 0.0177 -0.7070
vn -0.2369 0.0212 -0.9713
vn -0.9693 0.0023 -0.2460
vn -0.9713 0.0212 -0.2369
vn -0.7044 0.0880 -0.7044
vn -0.2063 0.1070 -0.9726
vn -0.0064 -1.0000 0.0064
vn -0.0059 -0.9984 0.0559
vn -0.0528 -0.9972 0.0528
vn -0.0560 -0.9984 0.0060
vn -0.0050 -0.9602 0.2794
vn -0.0444 -0.9618 0.2702
vn 0.9911 -0.1328 0.0050
vn 0.9909 -0.1269 0.0448
vn 0.8377 -0.5449 0.0376
vn 0.8362 -0.5484 0.0044
vn 0.2702 -0.9618 0.0444
vn 0.2794 -0.9602 0.0050
vn 1.0000 -0.0030 0.0064
vn 0.9984 -0.0028 0.0559
vn 0.9983 -0.0253 0.0529
vn 0.9996 -0.0268 0.0059
vn 0.9693 -0.0023 0.2460
vn 0.9713 -0.0212 0.2369
vn 0.0064 1.0000 0.0064
vn 0.0059 0.9984 0.0560
vn 0.0528 0.9972 0.0529
vn 0.0559 0.9984 0.0060
vn 0.0050 0.9602 0.2794
vn 0.0444 0.9618 0.2702
vn 0.2702 0.9618 0.0444
vn 0.2794 0.9602 0.0049
vn 0.7071 -0.0020 0.7071
vn 0.7070 -0.0177 0.7070
vn 0.2460 -0.0023 0.9693
vn 0.2369 -0.0212 0.9713
vn 0.0042 0.5484 0.8362
vn 0.0376 0.5449 0.8377
vn 0.0050 0.1328 0.9911
vn 0.0448 0.1269 0.9909
vn -0.1834 0.5273 -0.8297
vn -0.6492 0.3963 -0.6492
vn 0.2460 -0.0023 -0.9693
vn 0.7071 -0.0020 -0.7071
vn 0.7070 -0.0177 -0.7070
vn 0.2369 -0.0212 -0.9713
vn 0.9693 -0.0023 -0.2460
vn 0.9713 -0.0212 -0.2369
vn 0.9726 -0.1070 -0.2063
vn 0.7044 -0.0880 -0.7044
vn 0.2063 -0.1070 -0.9726
vn -0.9726 -0.1070 -0.2063
vn -0.7044 -0.0880 -0.7044
vn -0.6492 -0.3963 -0.6492
vn -0.8297 -0.5273 -0.1834
vn -0.2063 -0.1070 -0.9726
vn -0.1834 -0.5273 -0.8297
vn -0.2336 -0.9439 -0.2336
vn -0.0042 -0.5484 0.8362
vn -0.0376 -0.5449 0.8377
vn -0.0050 -0.1328 0.9911
vn -0.0448 -0.1269 0.9909
vn 0.2336 -0.9439 -0.2336
vn 0.1834 -0.5273 -0.8297
vn 0.6492 -0.3963 -0.6492
vn 0.8297 -0.5273 -0.1834
vn 0.0064 0.0030 -1.0000
vn 0.0059 0.0268 -0.9996
vn 0.0529 0.0253 -0.9983
vn 0.0559 0.0028 -0.9984
vn 0.2369 0.0212 -0.9713
vn 0.2460 0.0023 -0.9693
vn 0.9726 0.1070 -0.2063
vn 0.7044 0.0880 -0.7044
vn 0.6492 0.3963 -0.6492
vn 0.8297 0.5273 -0.1834
vn -0.0050 -0.1328 -0.9911
vn -0.0042 -0.5484 -0.8362
vn -0.0376 -0.5449 -0.8377
vn -0.0448 -0.1269 -0.9909
vn -0.0050 -0.9602 -0.2794
vn -0.0444 -0.9618 -0.2702
vn 0.8377 0.5449 0.0376
vn 0.8362 0.5484 0.0042
vn 0.9909 0.1269 0.0448
vn 0.9911 0.1328 0.0050
vn -0.0064 0.0030 1.0000
vn -0.0059 0.0268 0.9996
vn -0.0529 0.0253 0.9983
vn -0.0559 0.0028 0.9984
vn -0.0050 0.1328 0.9911
vn -0.0448 0.1269 0.9909
vn -0.0059 -0.0268 0.9996
vn -0.0529 -0.0253 0.9983
vn -0.0064 -0.0030 1.0000
vn -0.0559 -0.0028 0.9984
vn -0.2460 -0.0023 0.9693
vn -0.2369 -0.0212 0.9713
vn -0.0064 -0.0000 1.0000
vn -0.0563 -0.0000 0.9984
vn -0.2472 -0.0000 0.9690
vn -0.2471 -0.0000 0.9690
vn 0.0049 -0.1328 -0.9911
vn 0.0059 -0.0269 -0.9996
vn 0.0529 -0.0253 -0.9983
vn 0.0448 -0.1269 -0.9909
vn 0.0064 -0.0030 -1.0000
vn 0.0559 -0.0028 -0.9984
vn 0.0064 -0.0000 -1.0000
vn 0.0563 -0.0000 -0.9984
vn 0.2471 -0.0000 -0.9690
vn 0.7070 0.0177 -0.7070
vn 0.9713 0.0212 -0.2369
vn 0.9693 0.0023 -0.2460
vn 0.7071 0.0020 -0.7071
vn 0.7071 -0.0000 -0.7071
vn 0.9690 -0.0000 -0.2471
vn 0.7070 0.0177 0.7070
vn 0.9713 0.0212 0.2369
vn 0.2369 0.0212 0.9713
vn 0.2460 0.0023 0.9693
vn 0.7071 0.0020 0.7071
vn 0.9693 0.0023 0.2460
vn 0.7071 -0.0000 0.7071
vn 0.9690 -0.0000 0.2471
vn 0.2472 -0.0000 0.9690
vn 0.2471 -0.0000 0.9690
vn 0.9983 0.0253 0.0529
vn 0.9996 0.0268 0.0059
vn 0.9984 0.0028 0.0559
vn 1.0000 0.0030 0.0064
vn 0.9984 -0.0000 0.0563
vn 1.0000 -0.0000 0.0064
vn -0.7070 -0.0177 -0.7070
vn -0.2369 -0.0212 -0.9713
vn -0.9713 -0.0212 -0.2369
vn -0.9693 -0.0023 -0.2460
vn -0.7071 -0.0020 -0.7071
vn -0.2460 -0.0023 -0.9693
vn -0.7071 -0.0000 -0.7071
vn -0.2472 -0.0000 -0.9690
vn -0.9690 -0.0000 -0.2472
vn -0.9690 -0.0000 -0.2471
vn -0.2471 -0.0000 -0.9690
vn -0.9983 -0.0253 0.0529
vn -0.9996 -0.0268 0.0059
vn -0.9713 -0.0212 0.2369
vn -0.9693 -0.0023 0.2460
vn -0.9984 -0.0028 0.0559
vn -1.0000 -0.0030 0.0064
vn -0.9984 -0.0000 0.0563
vn -1.0000 -0.0000 0.0064
vn -0.9690 -0.0000 0.2471
vn -0.7070 -0.0178 0.7070
vn -0.7071 -0.0020 0.7071
vn -0.7071 -0.0000 0.7071
vn -0.0563 -0.0000 -0.9984
vn -0.0559 0.0028 -0.9984
vn -0.0064 0.0030 -1.0000
vn -0.0064 -0.0000 -1.0000
vn -0.0000 -0.0000 -1.0000
vn -0.0000 0.0030 -1.0000
vn -0.0559 -0.0028 -0.9984
vn -0.0064 -0.0030 -1.0000
vn -0.0000 -0.0030 -1.0000
vn -0.0529 -0.0253 -0.9983
vn -0.0059 -0.0269 -0.9996
vn -0.0000 -0.0271 -0.9996
vn -0.0000 -0.1335 -0.9911
vn 0.0563 -0.0000 0.9984
vn 0.0559 0.0028 0.9984
vn 0.0064 0.0030 1.0000
vn 0.0064 -0.0000 1.0000
vn -0.0000 -0.0000 1.0000
vn -0.0000 0.0030 1.0000
vn 0.0559 -0.0028 0.9984
vn 0.0064 -0.0030 1.0000
vn -0.0000 -0.0030 1.0000
vn 0.0529 -0.0253 0.9983
vn 0.0448 -0.1269 0.9909
vn 0.0059 -0.0268 0.9996
vn 0.0050 -0.1328 0.9911
vn -0.0000 -0.0271 0.9996
vn -0.0000 -0.1335 0.9911
vn -0.0000 -0.0270 0.9996
vn 0.0529 0.0253 0.9983
vn 0.0059 0.0268 0.9996
vn -0.0000 0.0271 0.9996
vn -0.0000 0.1335 0.9911
vn 0.0376 -0.5449 -0.8377
vn 0.0444 -0.9618 -0.2702
vn 0.0050 -0.9602 -0.2794
vn 0.0042 -0.5484 -0.8362
vn -0.0000 -0.5487 -0.8360
vn -0.0000 -0.9598 -0.2805
vn -0.0000 -0.5488 -0.8360
vn -0.0529 0.0253 -0.9983
vn -0.0448 0.1269 -0.9909
vn -0.0049 0.1328 -0.9911
vn -0.0059 0.0268 -0.9996
vn -0.0000 0.0271 -0.9996
vn -0.0000 0.1335 -0.9911
vn -0.0000 0.0270 -0.9996
vn 0.0376 -0.5449 0.8377
vn 0.0444 -0.9618 0.2702
vn 0.0042 -0.5484 0.8362
vn 0.0050 -0.9602 0.2794
vn -0.0000 -0.5487 0.8360
vn -0.0000 -0.9598 0.2805
vn -0.0376 0.5449 0.8377
vn -0.0444 0.9618 0.2702
vn -0.0042 0.5484 0.8362
vn -0.0050 0.9602 0.2794
vn -0.0000 0.5487 0.8360
vn -0.0000 0.9598 0.2805
vn -0.2794 0.9602 0.0050
vn -0.2702 0.9618 0.0444
vn -0.0528 0.9972 0.0528
vn -0.0559 0.9984 0.0059
vn -0.0059 0.9984 0.0560
vn -0.0064 1.0000 0.0064
vn -0.0000 0.9984 0.0563
vn -0.0000 1.0000 0.0064
vn 0.0528 -0.9972 0.0528
vn 0.0559 -0.9984 0.0059
vn 0.0059 -0.9984 0.0560
vn 0.0064 -1.0000 0.0064
vn -0.0000 -0.9984 0.0563
vn -0.0000 -1.0000 0.0064
vn -0.0376 0.5449 -0.8377
vn -0.0444 0.9618 -0.2702
vn -0.0050 0.9602 -0.2794
vn -0.0042 0.5484 -0.8362
vn -0.0000 0.5487 -0.8360
vn -0.0000 0.9598 -0.2805
vn -0.0000 -0.9984 -0.0563
vn -0.0000 -1.0000 -0.0064
vn -0.0064 -1.0000 -0.0064
vn -0.0059 -0.9984 -0.0559
vn -0.0000 -1.0000 -0.0000
vn -0.0064 -1.0000 -0.0000
vn 0.0059 -0.9984 -0.0560
vn 0.0064 -1.0000 -0.0064
vn 0.0064 -1.0000 -0.0000
vn 0.2702 -0.9618 -0.0444
vn 0.0528 -0.9972 -0.0528
vn 0.2794 -0.9602 -0.0049
vn 0.0559 -0.9984 -0.0059
vn 0.2805 -0.9598 -0.0000
vn 0.0563 -0.9984 -0.0000
vn -0.0000 0.9984 -0.0563
vn -0.0000 1.0000 -0.0064
vn 0.0064 1.0000 -0.0064
vn 0.0059 0.9984 -0.0560
vn -0.0000 1.0000 -0.0000
vn 0.0064 1.0000 -0.0000
vn -0.0059 0.9984 -0.0559
vn -0.0064 1.0000 -0.0064
vn -0.0064 1.0000 -0.0000
vn -0.0528 0.9972 -0.0528
vn -0.0559 0.9984 -0.0059
vn -0.2805 0.9598 -0.0000
vn -0.0563 0.9984 -0.0000
vn -0.9984 -0.0000 -0.0563
vn -1.0000 -0.0000 -0.0064
vn -1.0000 0.0030 -0.0064
vn -0.9984 0.0028 -0.0559
vn -1.0000 -0.0000 -0.0000
vn -1.0000 0.0030 -0.0000
vn -0.9984 -0.0028 -0.0559
vn -1.0000 -0.0030 -0.0064
vn -1.0000 -0.0030 -0.0000
vn -0.9909 -0.1269 -0.0448
vn -0.9983 -0.0253 -0.0529
vn -0.9911 -0.1328 -0.0049
vn -0.9996 -0.0268 -0.0059
vn -0.9911 -0.1335 -0.0000
vn -0.9996 -0.0271 -0.0000
vn 0.9984 -0.0000 -0.0563
vn 1.0000 -0.0000 -0.0064
vn 1.0000 -0.0030 -0.0064
vn 0.9984 -0.0028 -0.0559
vn 1.0000 -0.0000 -0.0000
vn 1.0000 -0.0030 -0.0000
vn 0.9984 0.0028 -0.0559
vn 1.0000 0.0030 -0.0064
vn 1.0000 0.0030 -0.0000
vn 0.9909 0.1269 -0.0448
vn 0.9983 0.0253 -0.0529
vn 0.9911 0.1328 -0.0049
vn 0.9996 0.0268 -0.0059
vn 0.9911 0.1335 -0.0000
vn 0.9996 0.0271 -0.0000
vn 0.2702 0.9618 -0.0444
vn 0.8377 0.5449 -0.0376
vn 0.2794 0.9602 -0.0050
vn 0.8362 0.5484 -0.0042
vn 0.2805 0.9598 -0.0000
vn 0.8360 0.5487 -0.0000
vn 0.0528 0.9972 -0.0528
vn 0.0559 0.9984 -0.0059
vn 0.0563 0.9984 -0.0000
vn 0.9983 -0.0253 -0.0529
vn 0.9996 -0.0268 -0.0059
vn 0.9911 -0.1328 -0.0050
vn 0.9909 -0.1269 -0.0448
vn 0.9996 -0.0271 -0.0000
vn 0.9911 -0.1335 -0.0000
vn 0.8377 -0.5449 -0.0376
vn 0.8362 -0.5484 -0.0042
vn 0.8360 -0.5487 -0.0000
vn -0.0528 -0.9972 -0.0528
vn -0.0559 -0.9984 -0.0059
vn -0.2794 -0.9602 -0.0050
vn -0.2702 -0.9618 -0.0444
vn -0.0563 -0.9984 -0.0000
vn -0.2805 -0.9598 -0.0000
vn -0.9983 0.0253 -0.0529
vn -0.9996 0.0269 -0.0059
vn -0.9996 0.0271 -0.0000
vn -0.9911 0.1335 -0.0000
vn -0.9996 0.0270 -0.0000
vn -0.8377 -0.5449 -0.0376
vn -0.8362 -0.5484 -0.0042
vn -0.8360 -0.5487 -0.0000
vn -0.8377 0.5449 0.0376
vn -0.8362 0.5484 0.0042
vn -0.8360 0.5487 -0.0000
vt 0.385986 0.628906
vt 0.385986 0.625000
vt 0.397339 0.625000
vt 0.397339 0.628906
vt 0.385986 0.621094
vt 0.397339 0.621094
vt 0.408691 0.621094
vt 0.408691 0.625000
vt 0.408691 0.628906
vt 0.410156 0.621094
vt 0.409668 0.623698
vt 0.411621 0.621094
vt 0.410156 0.625000
vt 0.411621 0.716797
vt 0.411621 0.731445
vt 0.410156 0.731445
vt 0.410156 0.716797
vt 0.411621 0.746094
vt 0.410156 0.746094
vt 0.408691 0.746094
vt 0.408691 0.731445
vt 0.408691 0.716797
vt 0.317871 0.621094
vt 0.317871 0.625000
vt 0.316894 0.623698
vt 0.316406 0.621094
vt 0.317871 0.628906
vt 0.316406 0.625000
vt 0.314941 0.621094
vt 0.317871 0.503906
vt 0.316406 0.503906
vt 0.316894 0.501302
vt 0.317871 0.500000
vt 0.314941 0.503906
vt 0.316406 0.500000
vt 0.317871 0.496094
vt 0.314941 0.658203
vt 0.314941 0.643555
vt 0.316406 0.643555
vt 0.316406 0.658203
vt 0.314941 0.628906
vt 0.316406 0.628906
vt 0.317871 0.643555
vt 0.317871 0.658203
vt 0.408691 0.503906
vt 0.408691 0.500000
vt 0.409668 0.501302
vt 0.410156 0.503906
vt 0.408691 0.496094
vt 0.410156 0.500000
vt 0.411621 0.503906
vt 0.408691 0.841797
vt 0.410156 0.841797
vt 0.410156 0.856445
vt 0.408691 0.856445
vt 0.411621 0.841797
vt 0.411621 0.856445
vt 0.411621 0.871094
vt 0.410156 0.871094
vt 0.408691 0.871094
vt 0.385986 0.658203
vt 0.385986 0.643555
vt 0.397339 0.643555
vt 0.397339 0.658203
vt 0.408691 0.643555
vt 0.408691 0.658203
vt 0.385986 0.753906
vt 0.385986 0.750000
vt 0.397339 0.750000
vt 0.397339 0.753906
vt 0.385986 0.746094
vt 0.397339 0.746094
vt 0.408691 0.750000
vt 0.408691 0.753906
vt 0.643799 0.267578
vt 0.643799 0.252930
vt 0.649292 0.252930
vt 0.649292 0.267578
vt 0.643799 0.238281
vt 0.649292 0.238281
vt 0.654785 0.238281
vt 0.654785 0.252930
vt 0.654785 0.267578
vt 0.317871 0.966797
vt 0.317871 0.981445
vt 0.316406 0.981445
vt 0.316406 0.966797
vt 0.317871 0.996094
vt 0.316406 0.996094
vt 0.314941 0.996094
vt 0.314941 0.981445
vt 0.314941 0.966797
vt 0.340576 0.966797
vt 0.340576 0.981445
vt 0.329223 0.981445
vt 0.329223 0.966797
vt 0.340576 0.996094
vt 0.329224 0.996094
vt 0.158936 0.181640
vt 0.158936 0.196289
vt 0.153443 0.196289
vt 0.153443 0.181640
vt 0.158936 0.210937
vt 0.153443 0.210937
vt 0.147950 0.210937
vt 0.147950 0.196289
vt 0.147950 0.181640
vt 0.340576 0.496094
vt 0.340576 0.500000
vt 0.329223 0.500000
vt 0.329224 0.496094
vt 0.340576 0.503906
vt 0.329224 0.503906
vt 0.411621 0.533203
vt 0.410156 0.533203
vt 0.410156 0.518555
vt 0.411621 0.518555
vt 0.408691 0.533203
vt 0.408691 0.518555
vt 0.411621 0.753906
vt 0.410156 0.753906
vt 0.409668 0.751302
vt 0.410156 0.750000
vt 0.340576 0.871094
vt 0.340576 0.875000
vt 0.329223 0.875000
vt 0.329224 0.871094
vt 0.340576 0.878906
vt 0.329224 0.878906
vt 0.317871 0.878906
vt 0.317871 0.875000
vt 0.317871 0.871094
vt 0.317871 0.746094
vt 0.317871 0.750000
vt 0.316894 0.751302
vt 0.316406 0.750000
vt 0.317871 0.753906
vt 0.316406 0.753906
vt 0.314941 0.753906
vt 0.314941 0.591797
vt 0.316406 0.591797
vt 0.316406 0.606445
vt 0.314941 0.606445
vt 0.317871 0.591797
vt 0.317871 0.606445
vt 0.314941 0.871094
vt 0.316406 0.871094
vt 0.316894 0.873698
vt 0.316406 0.875000
vt 0.385986 0.841797
vt 0.397338 0.841797
vt 0.397338 0.856445
vt 0.385986 0.856445
vt 0.397338 0.871094
vt 0.385986 0.871094
vt 0.408691 0.878906
vt 0.408691 0.875000
vt 0.409668 0.873698
vt 0.410156 0.875000
vt 0.317871 0.783203
vt 0.316406 0.783203
vt 0.316406 0.768555
vt 0.317871 0.768555
vt 0.314941 0.783203
vt 0.314941 0.768555
vt 0.411621 0.966797
vt 0.411621 0.981445
vt 0.410156 0.981445
vt 0.410156 0.966797
vt 0.411621 0.996094
vt 0.410156 0.996094
vt 0.408691 0.996094
vt 0.408691 0.981445
vt 0.408691 0.966797
vt 0.385986 0.591797
vt 0.397338 0.591797
vt 0.397338 0.606445
vt 0.385986 0.606445
vt 0.408691 0.591797
vt 0.408691 0.606445
vt 0.329224 0.591797
vt 0.329224 0.606445
vt 0.340576 0.591797
vt 0.340576 0.606445
vt 0.340576 0.621094
vt 0.329224 0.621094
vt 0.351928 0.591797
vt 0.351928 0.606445
vt 0.363281 0.591797
vt 0.363281 0.606445
vt 0.363281 0.621094
vt 0.351928 0.621094
vt 0.374633 0.591797
vt 0.374633 0.606445
vt 0.374633 0.621094
vt 0.317871 0.841797
vt 0.329223 0.841797
vt 0.329223 0.856445
vt 0.317871 0.856445
vt 0.340576 0.841797
vt 0.340576 0.856445
vt 0.351928 0.841797
vt 0.351928 0.856445
vt 0.363281 0.841797
vt 0.363281 0.856445
vt 0.363281 0.871094
vt 0.351928 0.871094
vt 0.374633 0.841797
vt 0.374633 0.856445
vt 0.374633 0.871094
vt 0.397338 0.875000
vt 0.397338 0.878906
vt 0.385986 0.878906
vt 0.385986 0.875000
vt 0.374633 0.875000
vt 0.374633 0.878906
vt 0.363281 0.878906
vt 0.363281 0.875000
vt 0.351928 0.875000
vt 0.351928 0.878906
vt 0.397338 0.500000
vt 0.397338 0.496094
vt 0.397338 0.503906
vt 0.385986 0.503906
vt 0.385986 0.500000
vt 0.385986 0.496094
vt 0.374633 0.500000
vt 0.374633 0.496094
vt 0.374633 0.503906
vt 0.363281 0.503906
vt 0.363281 0.500000
vt 0.363281 0.496094
vt 0.351928 0.500000
vt 0.351928 0.496094
vt 0.351928 0.503906
vt 0.397338 0.981445
vt 0.397338 0.966797
vt 0.397338 0.996094
vt 0.385986 0.996094
vt 0.385986 0.981445
vt 0.385986 0.966797
vt 0.374633 0.981445
vt 0.374633 0.966797
vt 0.374633 0.996094
vt 0.363281 0.996094
vt 0.363281 0.981445
vt 0.363281 0.966797
vt 0.351928 0.981445
vt 0.351928 0.966797
vt 0.351928 0.996094
vt 0.329224 0.750000
vt 0.329224 0.753906
vt 0.329224 0.746094
vt 0.340576 0.746094
vt 0.340576 0.750000
vt 0.340576 0.753906
vt 0.351929 0.750000
vt 0.351928 0.753906
vt 0.351928 0.746094
vt 0.363281 0.746094
vt 0.363281 0.750000
vt 0.363281 0.753906
vt 0.374633 0.750000
vt 0.374633 0.753906
vt 0.374633 0.746094
vt 0.329224 0.643555
vt 0.329224 0.658203
vt 0.329224 0.628906
vt 0.340576 0.628906
vt 0.340576 0.643555
vt 0.340576 0.658203
vt 0.351929 0.643555
vt 0.351928 0.658203
vt 0.351928 0.628906
vt 0.363281 0.628906
vt 0.363281 0.643555
vt 0.363281 0.658203
vt 0.374633 0.643555
vt 0.374633 0.658203
vt 0.374633 0.628906
vt 0.329224 0.625000
vt 0.340576 0.625000
vt 0.351929 0.625000
vt 0.363281 0.625000
vt 0.374633 0.625000
vt 0.374633 0.768555
vt 0.363281 0.768554
vt 0.385986 0.768555
vt 0.385986 0.783203
vt 0.374633 0.783203
vt 0.363281 0.783203
vt 0.374633 0.797852
vt 0.363281 0.797851
vt 0.385986 0.797852
vt 0.385986 0.812500
vt 0.374633 0.812500
vt 0.363281 0.812500
vt 0.374633 0.827148
vt 0.363281 0.827148
vt 0.385986 0.827148
vt 0.351928 0.768554
vt 0.340576 0.768555
vt 0.351928 0.783203
vt 0.340576 0.783203
vt 0.351928 0.797852
vt 0.340576 0.797852
vt 0.351928 0.812500
vt 0.340576 0.812500
vt 0.351928 0.827148
vt 0.340576 0.827148
vt 0.329224 0.768555
vt 0.329224 0.783203
vt 0.329224 0.797852
vt 0.317871 0.797852
vt 0.329223 0.812500
vt 0.317871 0.812500
vt 0.329223 0.827148
vt 0.317871 0.827148
vt 0.374633 0.518555
vt 0.363281 0.518555
vt 0.385986 0.518555
vt 0.385986 0.533203
vt 0.374633 0.533203
vt 0.363281 0.533203
vt 0.374633 0.547852
vt 0.363281 0.547852
vt 0.385986 0.547852
vt 0.385986 0.562500
vt 0.374633 0.562500
vt 0.363281 0.562500
vt 0.374633 0.577148
vt 0.363281 0.577148
vt 0.385986 0.577148
vt 0.351928 0.518555
vt 0.340576 0.518555
vt 0.351928 0.533203
vt 0.340576 0.533203
vt 0.351928 0.547852
vt 0.340576 0.547852
vt 0.351928 0.562500
vt 0.340576 0.562500
vt 0.351928 0.577148
vt 0.340576 0.577148
vt 0.329224 0.518555
vt 0.317871 0.518555
vt 0.329223 0.533203
vt 0.317871 0.533203
vt 0.329223 0.547852
vt 0.317871 0.547852
vt 0.329223 0.562500
vt 0.317871 0.562500
vt 0.329223 0.577148
vt 0.317871 0.577148
vt 0.397338 0.518555
vt 0.397338 0.533203
vt 0.397338 0.547852
vt 0.408691 0.547852
vt 0.408691 0.562500
vt 0.397338 0.562500
vt 0.397338 0.577148
vt 0.408691 0.577148
vt 0.316406 0.856445
vt 0.314941 0.856445
vt 0.314941 0.841797
vt 0.316406 0.841797
vt 0.316406 0.827148
vt 0.314941 0.827148
vt 0.314941 0.812500
vt 0.316406 0.812500
vt 0.316406 0.797852
vt 0.314941 0.797852
vt 0.397338 0.768555
vt 0.408691 0.768555
vt 0.408691 0.783203
vt 0.397339 0.783203
vt 0.397338 0.797852
vt 0.408691 0.797852
vt 0.408691 0.812500
vt 0.397338 0.812500
vt 0.397338 0.827148
vt 0.408691 0.827148
vt 0.316406 0.518555
vt 0.314941 0.518555
vt 0.316406 0.533203
vt 0.314941 0.533203
vt 0.316406 0.547852
vt 0.314941 0.547852
vt 0.316406 0.562500
vt 0.314941 0.562500
vt 0.316406 0.577148
vt 0.314941 0.577148
vt 0.410156 0.606445
vt 0.411621 0.606445
vt 0.410156 0.591797
vt 0.411621 0.591797
vt 0.410156 0.577148
vt 0.411621 0.577148
vt 0.410156 0.562500
vt 0.411621 0.562500
vt 0.410156 0.547852
vt 0.411621 0.547852
vt 0.191894 0.181640
vt 0.191894 0.196289
vt 0.186401 0.196289
vt 0.186401 0.181640
vt 0.191894 0.210937
vt 0.186401 0.210937
vt 0.180908 0.210937
vt 0.180908 0.196289
vt 0.180908 0.181640
vt 0.175415 0.196289
vt 0.175415 0.181640
vt 0.175415 0.210937
vt 0.169922 0.210937
vt 0.169922 0.196289
vt 0.169922 0.181640
vt 0.164429 0.196289
vt 0.164429 0.181640
vt 0.164429 0.210937
vt 0.610840 0.267578
vt 0.610840 0.252930
vt 0.616333 0.252930
vt 0.616333 0.267578
vt 0.610840 0.238281
vt 0.616333 0.238281
vt 0.621826 0.238281
vt 0.621826 0.252930
vt 0.621826 0.267578
vt 0.627319 0.252930
vt 0.627319 0.267578
vt 0.627319 0.238281
vt 0.632812 0.238281
vt 0.632812 0.252930
vt 0.632812 0.267578
vt 0.638306 0.252930
vt 0.638306 0.267578
vt 0.638306 0.238281
vt 0.410156 0.768555
vt 0.411621 0.768555
vt 0.411621 0.783203
vt 0.410156 0.783203
vt 0.410156 0.797852
vt 0.411621 0.797851
vt 0.411621 0.812500
vt 0.410156 0.812500
vt 0.410156 0.827148
vt 0.411621 0.827148
vt 0.632812 0.355469
vt 0.632812 0.340820
vt 0.638306 0.340820
vt 0.638306 0.355469
vt 0.632812 0.326172
vt 0.638306 0.326172
vt 0.643799 0.326172
vt 0.643799 0.340820
vt 0.643799 0.355469
vt 0.632812 0.311523
vt 0.638306 0.311523
vt 0.632812 0.296875
vt 0.638306 0.296875
vt 0.643799 0.296875
vt 0.643799 0.311523
vt 0.632812 0.282227
vt 0.638306 0.282227
vt 0.643799 0.282227
vt 0.621826 0.355469
vt 0.621826 0.340820
vt 0.627319 0.340820
vt 0.627319 0.355469
vt 0.621826 0.326172
vt 0.627319 0.326172
vt 0.621826 0.311523
vt 0.627319 0.311523
vt 0.621826 0.296875
vt 0.627319 0.296875
vt 0.621826 0.282227
vt 0.627319 0.282227
vt 0.610840 0.355469
vt 0.610840 0.340820
vt 0.616333 0.340820
vt 0.616333 0.355469
vt 0.610840 0.326172
vt 0.616333 0.326172
vt 0.610840 0.311523
vt 0.616333 0.311523
vt 0.610840 0.296875
vt 0.616333 0.296875
vt 0.610840 0.282227
vt 0.616333 0.282227
vt 0.169922 0.093750
vt 0.169922 0.108398
vt 0.164429 0.108398
vt 0.164429 0.093750
vt 0.169922 0.123047
vt 0.164429 0.123047
vt 0.158936 0.123047
vt 0.158936 0.108398
vt 0.158936 0.093750
vt 0.169922 0.137695
vt 0.164429 0.137695
vt 0.169922 0.152343
vt 0.164429 0.152343
vt 0.158936 0.152343
vt 0.158936 0.137695
vt 0.169922 0.166992
vt 0.164429 0.166992
vt 0.158936 0.166992
vt 0.180908 0.093750
vt 0.180908 0.108398
vt 0.175415 0.108398
vt 0.175415 0.093750
vt 0.180908 0.123047
vt 0.175415 0.123047
vt 0.180908 0.137695
vt 0.175415 0.137695
vt 0.180908 0.152343
vt 0.175415 0.152343
vt 0.180908 0.166992
vt 0.175415 0.166992
vt 0.191894 0.093750
vt 0.191894 0.108398
vt 0.186401 0.108398
vt 0.186401 0.093750
vt 0.191894 0.123047
vt 0.186401 0.123047
vt 0.191894 0.137695
vt 0.186401 0.137695
vt 0.191894 0.152343
vt 0.186401 0.152343
vt 0.191894 0.166992
vt 0.186401 0.166992
vt 0.363281 0.731445
vt 0.374633 0.731445
vt 0.363281 0.716797
vt 0.374633 0.716797
vt 0.385986 0.716797
vt 0.385986 0.731445
vt 0.363281 0.702148
vt 0.374633 0.702148
vt 0.363281 0.687500
vt 0.374633 0.687500
vt 0.385986 0.687500
vt 0.385986 0.702148
vt 0.363281 0.672852
vt 0.374633 0.672852
vt 0.385986 0.672852
vt 0.340576 0.731445
vt 0.351928 0.731445
vt 0.340576 0.716797
vt 0.351928 0.716797
vt 0.340576 0.702148
vt 0.351928 0.702148
vt 0.340576 0.687500
vt 0.351928 0.687500
vt 0.340576 0.672852
vt 0.351928 0.672852
vt 0.317871 0.731445
vt 0.329223 0.731445
vt 0.317871 0.716797
vt 0.329223 0.716797
vt 0.317871 0.702148
vt 0.329223 0.702148
vt 0.317871 0.687500
vt 0.329223 0.687500
vt 0.317871 0.672852
vt 0.329223 0.672852
vt 0.363281 0.893555
vt 0.351928 0.893555
vt 0.363281 0.908203
vt 0.351928 0.908203
vt 0.340576 0.908203
vt 0.340576 0.893555
vt 0.363281 0.922852
vt 0.351928 0.922852
vt 0.363281 0.937500
vt 0.351928 0.937500
vt 0.340576 0.937500
vt 0.340576 0.922852
vt 0.363281 0.952148
vt 0.351928 0.952148
vt 0.340576 0.952148
vt 0.385986 0.893555
vt 0.374633 0.893555
vt 0.385986 0.908203
vt 0.374633 0.908203
vt 0.385986 0.922852
vt 0.374633 0.922852
vt 0.385986 0.937500
vt 0.374633 0.937500
vt 0.385986 0.952148
vt 0.374633 0.952148
vt 0.408691 0.893555
vt 0.397338 0.893555
vt 0.408691 0.908203
vt 0.397338 0.908203
vt 0.408691 0.922852
vt 0.397338 0.922852
vt 0.408691 0.937500
vt 0.397338 0.937500
vt 0.408691 0.952148
vt 0.397338 0.952148
vt 0.411621 0.878906
vt 0.411621 0.893555
vt 0.410156 0.893555
vt 0.410156 0.878906
vt 0.411621 0.908203
vt 0.410156 0.908203
vt 0.411621 0.922852
vt 0.410156 0.922852
vt 0.411621 0.937500
vt 0.410156 0.937500
vt 0.411621 0.952148
vt 0.410156 0.952148
vt 0.153443 0.108398
vt 0.153443 0.093750
vt 0.153443 0.123047
vt 0.147950 0.123047
vt 0.147950 0.108398
vt 0.147950 0.093750
vt 0.153443 0.137695
vt 0.153443 0.152343
vt 0.147950 0.152343
vt 0.147950 0.137695
vt 0.153443 0.166992
vt 0.147950 0.166992
vt 0.329223 0.893555
vt 0.329224 0.908203
vt 0.317871 0.908203
vt 0.317871 0.893555
vt 0.329223 0.922852
vt 0.329223 0.937500
vt 0.317871 0.937500
vt 0.317871 0.922852
vt 0.329223 0.952148
vt 0.317871 0.952148
vt 0.316406 0.893555
vt 0.316406 0.878906
vt 0.316406 0.908203
vt 0.314941 0.908203
vt 0.314941 0.893555
vt 0.314941 0.878906
vt 0.316406 0.922852
vt 0.316406 0.937500
vt 0.314941 0.937500
vt 0.314941 0.922852
vt 0.316406 0.952148
vt 0.314941 0.952148
vt 0.649292 0.340820
vt 0.649292 0.355469
vt 0.649292 0.326172
vt 0.654785 0.326172
vt 0.654785 0.340820
vt 0.654785 0.355469
vt 0.649292 0.311523
vt 0.649292 0.296875
vt 0.654785 0.296875
vt 0.654785 0.311523
vt 0.649292 0.282227
vt 0.654785 0.282227
vt 0.397338 0.731445
vt 0.397338 0.716797
vt 0.397338 0.702148
vt 0.397338 0.687500
vt 0.408691 0.687500
vt 0.408691 0.702148
vt 0.397338 0.672852
vt 0.408691 0.672852
vt 0.314941 0.746094
vt 0.314941 0.731445
vt 0.316406 0.731445
vt 0.316406 0.746094
vt 0.314941 0.716797
vt 0.316406 0.716797
vt 0.314941 0.702148
vt 0.316406 0.702148
vt 0.314941 0.687500
vt 0.316406 0.687500
vt 0.314941 0.672852
vt 0.316406 0.672852
vt 0.411621 0.628906
vt 0.411621 0.643555
vt 0.410156 0.643555
vt 0.410156 0.628906
vt 0.411621 0.658203
vt 0.410156 0.658203
vt 0.411621 0.672852
vt 0.410156 0.672852
vt 0.411621 0.687500
vt 0.410156 0.687500
vt 0.411621 0.702148
vt 0.410156 0.702148
s 1
usemtl Starter_Blocky_Rig
f 3218/3920/1518 3430/3921/1519 3635/3922/1520 3392/3923/1521
f 3430/3921/1519 3209/3924/1522 3383/3925/1523 3635/3922/1520
f 3635/3922/1520 3383/3925/1523 3185/3926/1524 3337/3927/1525
f 3392/3923/1521 3635/3922/1520 3337/3927/1525 3189/3928/1526
f 3185/3926/1524 3361/3929/1527 3636/3930/1528 3337/3927/1525
f 3192/3931/1529 3339/3932/1530 3636/3930/1528 3361/3929/1527
f 3189/3928/1526 3337/3927/1525 3636/3930/1528 3339/3932/1530
f 3286/3933/1531 3364/3934/1532 3637/3935/1533 3634/3936/1534
f 3364/3934/1532 3204/3937/1535 3371/3938/1536 3637/3935/1533
f 3637/3935/1533 3371/3938/1536 3193/3939/1537 3349/3940/1538
f 3634/3936/1534 3637/3935/1533 3349/3940/1538 3277/3941/1539
f 3186/3942/1540 3344/3943/1541 3638/3944/1542 3362/3945/1543
f 3190/3946/1544 3340/3947/1545 3638/3944/1542 3344/3943/1541
f 3195/3948/1546 3362/3945/1543 3638/3944/1542 3340/3947/1545
f 3187/3949/1547 3375/3950/1548 3639/3951/1549 3338/3952/1550
f 3197/3953/1551 3367/3954/1552 3639/3951/1549 3375/3950/1548
f 3191/3955/1553 3338/3952/1550 3639/3951/1549 3367/3954/1552
f 3298/3956/1554 3379/3957/1555 3640/3958/1556 3631/3959/1557
f 3379/3957/1555 3195/3960/1546 3340/3961/1545 3640/3958/1556
f 3640/3958/1556 3340/3961/1545 3190/3946/1544 3518/3962/1558
f 3631/3959/1557 3640/3958/1556 3518/3962/1558 3278/3963/1559
f 3188/3964/1560 3377/3965/1561 3641/3966/1562 3363/3967/1563
f 3201/3968/1564 3342/3969/1565 3641/3966/1562 3377/3965/1561
f 3202/3970/1566 3363/3967/1563 3641/3966/1562 3342/3969/1565
f 3247/3971/1567 3514/3972/1568 3642/3973/1569 3358/3974/1570
f 3514/3972/1568 3239/3975/1571 3437/3976/1572 3642/3973/1569
f 3642/3973/1569 3437/3976/1572 3203/3977/1573 3378/3978/1574
f 3358/3974/1570 3642/3973/1569 3378/3978/1574 3208/3979/1575
f 3314/3980/1576 3554/3981/1577 3643/3982/1578 3628/3983/1579
f 3554/3981/1577 3218/3920/1518 3392/3923/1521 3643/3982/1578
f 3643/3982/1578 3392/3923/1521 3189/3928/1526 3515/3984/1580
f 3628/3983/1579 3643/3982/1578 3515/3984/1580 3275/3985/1581
f 3224/3986/1582 3424/3987/1583 3644/3988/1584 3398/3989/1585
f 3424/3987/1583 3221/3990/1586 3395/3991/1587 3644/3988/1584
f 3644/3988/1584 3395/3991/1587 3193/3939/1537 3353/3992/1588
f 3398/3989/1585 3644/3988/1584 3353/3992/1588 3205/3993/1589
f 3332/3994/1590 3572/3995/1591 3645/3996/1592 3625/3997/1593
f 3572/3995/1591 3248/3998/1594 3446/3999/1595 3645/3996/1592
f 3645/3996/1592 3446/3999/1595 3195/4000/1546 3379/4001/1555
f 3625/3997/1593 3645/3996/1592 3379/4001/1555 3298/4002/1554
f 3295/4003/1596 3376/4004/1597 3646/4005/1598 3622/4006/1599
f 3376/4004/1597 3191/4007/1553 3367/4008/1552 3646/4005/1598
f 3646/4005/1598 3367/4008/1552 3197/4009/1551 3527/4010/1600
f 3622/4006/1599 3646/4005/1598 3527/4010/1600 3287/4011/1601
f 3305/4012/1602 3545/4013/1603 3647/4014/1604 3619/4015/1605
f 3545/4013/1603 3230/4016/1606 3404/4017/1607 3647/4014/1604
f 3647/4014/1604 3404/4017/1607 3191/4007/1553 3376/4004/1597
f 3619/4015/1605 3647/4014/1604 3376/4004/1597 3295/4003/1596
f 3323/4018/1608 3563/4019/1609 3648/4020/1610 3616/4021/1611
f 3563/4019/1609 3251/4022/1612 3449/4023/1613 3648/4020/1610
f 3648/4020/1610 3449/4023/1613 3202/4024/1566 3530/4025/1614
f 3616/4021/1611 3648/4020/1610 3530/4025/1614 3290/4026/1615
f 3230/4027/1606 3418/4028/1616 3649/4029/1617 3404/4030/1607
f 3418/4028/1616 3212/4031/1618 3386/4032/1619 3649/4029/1617
f 3649/4029/1617 3386/4032/1619 3187/3949/1547 3338/3952/1550
f 3404/4030/1607 3649/4029/1617 3338/3952/1550 3191/3955/1553
f 3251/4033/1612 3505/4034/1620 3650/4035/1621 3449/4036/1613
f 3505/4034/1620 3235/4037/1622 3336/4038/1623 3650/4035/1621
f 3650/4035/1621 3336/4038/1623 3188/3964/1560 3363/3967/1563
f 3449/4036/1613 3650/4035/1621 3363/3967/1563 3202/3970/1566
f 3204/4039/1535 3372/4040/1624 3651/4041/1625 3371/4042/1536
f 3205/3993/1589 3353/3992/1588 3651/4041/1625 3372/4040/1624
f 3193/3939/1537 3371/4042/1536 3651/4041/1625 3353/3992/1588
f 3227/4043/1626 3415/4044/1627 3652/4045/1628 3401/4046/1629
f 3415/4044/1627 3215/4047/1630 3389/4048/1631 3652/4045/1628
f 3652/4045/1628 3389/4048/1631 3199/4049/1632 3351/4050/1633
f 3401/4046/1629 3652/4045/1628 3351/4050/1633 3207/4051/1634
f 3194/4052/1635 3345/4053/1636 3653/4054/1637 3373/4055/1638
f 3206/4056/1639 3380/4057/1640 3653/4054/1637 3345/4053/1636
f 3196/4058/1641 3373/4055/1638 3653/4054/1637 3380/4057/1640
f 3248/4059/1594 3502/4060/1642 3654/4061/1643 3446/4062/1595
f 3502/4060/1642 3236/4063/1644 3434/4064/1645 3654/4061/1643
f 3654/4061/1643 3434/4064/1645 3186/3942/1540 3362/3945/1543
f 3446/4062/1595 3654/4061/1643 3362/3945/1543 3195/3948/1546
f 3198/4065/1646 3382/4066/1647 3655/4067/1648 3346/4068/1649
f 3207/4051/1634 3351/4050/1633 3655/4067/1648 3382/4066/1647
f 3199/4049/1632 3346/4068/1649 3655/4067/1648 3351/4050/1633
f 3274/4069/1650 3499/4070/1651 3656/4071/1652 3412/4072/1653
f 3499/4070/1651 3247/3971/1567 3358/3974/1570 3656/4071/1652
f 3656/4071/1652 3358/3974/1570 3208/3979/1575 3360/4073/1654
f 3412/4072/1653 3656/4071/1652 3360/4073/1654 3229/4074/1655
f 3200/4075/1656 3359/4076/1657 3657/4077/1658 3374/4078/1659
f 3208/3979/1575 3378/3978/1574 3657/4077/1658 3359/4076/1657
f 3203/3977/1573 3374/4078/1659 3657/4077/1658 3378/3978/1574
f 3242/4079/1660 3496/4080/1661 3658/4081/1662 3440/4082/1663
f 3496/4080/1661 3254/4083/1664 3452/4084/1665 3658/4081/1662
f 3658/4081/1662 3452/4084/1665 3196/4058/1641 3380/4057/1640
f 3440/4082/1663 3658/4081/1662 3380/4057/1640 3206/4056/1639
f 3290/4085/1615 3530/4086/1614 3659/4087/1666 3613/4088/1667
f 3530/4086/1614 3202/4089/1566 3342/4090/1565 3659/4087/1666
f 3659/4087/1666 3342/4090/1565 3201/4091/1564 3355/4092/1668
f 3613/4088/1667 3659/4087/1666 3355/4092/1668 3283/4093/1669
f 3265/4094/1670 3493/4095/1671 3660/4096/1672 3409/4097/1673
f 3493/4095/1671 3233/4098/1674 3431/4099/1675 3660/4096/1672
f 3660/4096/1672 3431/4099/1675 3185/3926/1524 3383/3925/1523
f 3409/4097/1673 3660/4096/1672 3383/3925/1523 3209/3924/1522
f 3236/4063/1644 3490/4100/1676 3661/4101/1677 3434/4064/1645
f 3490/4100/1676 3259/4102/1678 3407/4103/1679 3661/4101/1677
f 3661/4101/1677 3407/4103/1679 3211/4104/1680 3335/4105/1681
f 3434/4064/1645 3661/4101/1677 3335/4105/1681 3186/3942/1540
f 3259/4102/1678 3487/4106/1682 3662/4107/1683 3407/4103/1679
f 3487/4106/1682 3262/4108/1682 3408/4109/1683 3662/4107/1683
f 3662/4107/1683 3408/4109/1683 3210/4110/1684 3385/4111/1685
f 3407/4103/1679 3662/4107/1683 3385/4111/1685 3211/4104/1680
f 3262/4108/1682 3484/4112/1682 3663/4113/1683 3408/4109/1683
f 3484/4112/1682 3265/4094/1670 3409/4097/1673 3663/4113/1683
f 3663/4113/1683 3409/4097/1673 3209/3924/1522 3384/4114/1685
f 3408/4109/1683 3663/4113/1683 3384/4114/1685 3210/4110/1684
f 3244/4115/1686 3481/4116/1687 3664/4117/1688 3357/4118/1689
f 3481/4116/1687 3268/4119/1690 3410/4120/1691 3664/4117/1688
f 3664/4117/1688 3410/4120/1691 3227/4043/1626 3401/4046/1629
f 3357/4118/1689 3664/4117/1688 3401/4046/1629 3207/4051/1634
f 3268/4119/1690 3478/4121/1692 3665/4122/1693 3410/4120/1691
f 3478/4121/1692 3271/4123/1692 3411/4124/1693 3665/4122/1693
f 3665/4122/1693 3411/4124/1693 3228/4125/1694 3402/4126/1694
f 3410/4120/1691 3665/4122/1693 3402/4126/1694 3227/4043/1626
f 3271/4123/1692 3475/4127/1692 3666/4128/1693 3411/4124/1693
f 3475/4127/1692 3274/4069/1650 3412/4072/1653 3666/4128/1693
f 3666/4128/1693 3412/4072/1653 3229/4074/1655 3403/4129/1694
f 3411/4124/1693 3666/4128/1693 3403/4129/1694 3228/4125/1694
f 3208/3979/1575 3359/4076/1657 3667/4130/1695 3360/4073/1654
f 3359/4076/1657 3200/4075/1656 3347/4131/1696 3667/4130/1695
f 3667/4130/1695 3347/4131/1696 3217/4132/1697 3413/4133/1698
f 3360/4073/1654 3667/4130/1695 3413/4133/1698 3229/4074/1655
f 3229/4074/1655 3413/4133/1698 3668/4134/1699 3403/4129/1694
f 3413/4133/1698 3217/4132/1697 3391/4135/1700 3668/4134/1699
f 3668/4134/1699 3391/4135/1700 3216/4136/1700 3414/4137/1699
f 3403/4129/1694 3668/4134/1699 3414/4137/1699 3228/4125/1694
f 3228/4125/1694 3414/4137/1699 3669/4138/1699 3402/4126/1694
f 3414/4137/1699 3216/4136/1700 3390/4139/1700 3669/4138/1699
f 3669/4138/1699 3390/4139/1700 3215/4047/1630 3415/4044/1627
f 3402/4126/1694 3669/4138/1699 3415/4044/1627 3227/4043/1626
f 3201/3968/1564 3377/3965/1561 3670/4140/1701 3368/4141/1702
f 3377/3965/1561 3188/3964/1560 3343/4142/1703 3670/4140/1701
f 3670/4140/1701 3343/4142/1703 3214/4143/1704 3416/4144/1705
f 3368/4141/1702 3670/4140/1701 3416/4144/1705 3232/4145/1706
f 3232/4145/1706 3416/4144/1705 3671/4146/1707 3406/4147/1708
f 3416/4144/1705 3214/4143/1704 3388/4148/1709 3671/4146/1707
f 3671/4146/1707 3388/4148/1709 3213/4149/1710 3417/4150/1707
f 3406/4147/1708 3671/4146/1707 3417/4150/1707 3231/4151/1708
f 3231/4151/1708 3417/4150/1707 3672/4152/1707 3405/4153/1708
f 3417/4150/1707 3213/4149/1710 3387/4154/1710 3672/4152/1707
f 3672/4152/1707 3387/4154/1710 3212/4031/1618 3418/4028/1616
f 3405/4153/1708 3672/4152/1707 3418/4028/1616 3230/4027/1606
f 3283/4093/1669 3355/4092/1668 3673/4155/1711 3610/4156/1712
f 3355/4092/1668 3201/4091/1564 3368/4157/1702 3673/4155/1711
f 3673/4155/1711 3368/4157/1702 3232/4158/1706 3539/4159/1713
f 3610/4156/1712 3673/4155/1711 3539/4159/1713 3299/4160/1714
f 3299/4160/1714 3539/4159/1713 3674/4161/1715 3607/4162/1716
f 3539/4159/1713 3232/4158/1706 3406/4163/1708 3674/4161/1715
f 3674/4161/1715 3406/4163/1708 3231/4164/1708 3542/4165/1715
f 3607/4162/1716 3674/4161/1715 3542/4165/1715 3302/4166/1716
f 3302/4166/1716 3542/4165/1715 3675/4167/1715 3604/4168/1716
f 3542/4165/1715 3231/4164/1708 3405/4169/1708 3675/4167/1715
f 3675/4167/1715 3405/4169/1708 3230/4016/1606 3545/4013/1603
f 3604/4168/1716 3675/4167/1715 3545/4013/1603 3305/4012/1602
f 3206/4056/1639 3345/4053/1636 3676/4170/1717 3356/4171/1718
f 3345/4053/1636 3194/4052/1635 3354/4172/1719 3676/4170/1717
f 3676/4170/1717 3354/4172/1719 3223/4173/1720 3422/4174/1721
f 3356/4171/1718 3676/4170/1717 3422/4174/1721 3226/4175/1722
f 3226/4175/1722 3422/4174/1721 3677/4176/1723 3400/4177/1724
f 3422/4174/1721 3223/4173/1720 3397/4178/1725 3677/4176/1723
f 3677/4176/1723 3397/4178/1725 3222/4179/1726 3423/4180/1723
f 3400/4177/1724 3677/4176/1723 3423/4180/1723 3225/4181/1727
f 3225/4181/1727 3423/4180/1723 3678/4182/1723 3399/4183/1727
f 3423/4180/1723 3222/4179/1726 3396/4184/1726 3678/4182/1723
f 3678/4182/1723 3396/4184/1726 3221/3990/1586 3424/3987/1583
f 3399/4183/1727 3678/4182/1723 3424/3987/1583 3224/3986/1582
f 3278/3963/1559 3518/3962/1558 3679/4185/1728 3601/4186/1729
f 3518/3962/1558 3190/3946/1544 3348/4187/1730 3679/4185/1728
f 3679/4185/1728 3348/4187/1730 3220/4188/1731 3548/4189/1732
f 3601/4186/1729 3679/4185/1728 3548/4189/1732 3308/4190/1733
f 3308/4190/1733 3548/4189/1732 3680/4191/1734 3598/4192/1735
f 3548/4189/1732 3220/4188/1731 3394/4193/1736 3680/4191/1734
f 3680/4191/1734 3394/4193/1736 3219/4194/1736 3551/4195/1734
f 3598/4192/1735 3680/4191/1734 3551/4195/1734 3311/4196/1735
f 3311/4196/1735 3551/4195/1734 3681/4197/1734 3595/4198/1735
f 3551/4195/1734 3219/4194/1736 3393/4199/1736 3681/4197/1734
f 3681/4197/1734 3393/4199/1736 3218/3920/1518 3554/3981/1577
f 3595/4198/1735 3681/4197/1734 3554/3981/1577 3314/3980/1576
f 3190/3946/1544 3344/3943/1541 3682/4200/1737 3348/4187/1730
f 3344/3943/1541 3186/3942/1540 3335/4105/1681 3682/4200/1737
f 3682/4200/1737 3335/4105/1681 3211/4104/1680 3428/4201/1738
f 3348/4187/1730 3682/4200/1737 3428/4201/1738 3220/4188/1731
f 3220/4188/1731 3428/4201/1738 3683/4202/1739 3394/4193/1736
f 3428/4201/1738 3211/4104/1680 3385/4111/1685 3683/4202/1739
f 3683/4202/1739 3385/4111/1685 3210/4110/1684 3429/4203/1739
f 3394/4193/1736 3683/4202/1739 3429/4203/1739 3219/4194/1736
f 3219/4194/1736 3429/4203/1739 3684/4204/1739 3393/4199/1736
f 3429/4203/1739 3210/4110/1684 3384/4114/1685 3684/4204/1739
f 3684/4204/1739 3384/4114/1685 3209/3924/1522 3430/3921/1519
f 3393/4199/1736 3684/4204/1739 3430/3921/1519 3218/3920/1518
f 3225/4181/1727 3399/4183/1727 3685/4205/1740 3467/4206/1740
f 3399/4183/1727 3224/3986/1582 3470/4207/1741 3685/4205/1740
f 3685/4205/1740 3470/4207/1741 3272/4208/1742 3473/4209/1743
f 3467/4206/1740 3685/4205/1740 3473/4209/1743 3269/4210/1743
f 3269/4210/1743 3473/4209/1743 3686/4211/1744 3468/4212/1744
f 3473/4209/1743 3272/4208/1742 3471/4213/1745 3686/4211/1744
f 3686/4211/1744 3471/4213/1745 3273/4214/1745 3474/4215/1744
f 3468/4212/1744 3686/4211/1744 3474/4215/1744 3270/4216/1744
f 3270/4216/1744 3474/4215/1744 3687/4217/1744 3469/4218/1744
f 3474/4215/1744 3273/4214/1745 3472/4219/1745 3687/4217/1744
f 3687/4217/1744 3472/4219/1745 3274/4069/1650 3475/4127/1692
f 3469/4218/1744 3687/4217/1744 3475/4127/1692 3271/4123/1692
f 3226/4175/1722 3400/4177/1724 3688/4220/1740 3464/4221/1746
f 3400/4177/1724 3225/4181/1727 3467/4206/1740 3688/4220/1740
f 3688/4220/1740 3467/4206/1740 3269/4210/1743 3476/4222/1743
f 3464/4221/1746 3688/4220/1740 3476/4222/1743 3266/4223/1747
f 3266/4223/1747 3476/4222/1743 3689/4224/1744 3465/4225/1748
f 3476/4222/1743 3269/4210/1743 3468/4212/1744 3689/4224/1744
f 3689/4224/1744 3468/4212/1744 3270/4216/1744 3477/4226/1744
f 3465/4225/1748 3689/4224/1744 3477/4226/1744 3267/4227/1748
f 3267/4227/1748 3477/4226/1744 3690/4228/1744 3466/4229/1748
f 3477/4226/1744 3270/4216/1744 3469/4218/1744 3690/4228/1744
f 3690/4228/1744 3469/4218/1744 3271/4123/1692 3478/4121/1692
f 3466/4229/1748 3690/4228/1744 3478/4121/1692 3268/4119/1690
f 3206/4056/1639 3356/4171/1718 3691/4230/1749 3440/4082/1663
f 3356/4171/1718 3226/4175/1722 3464/4221/1746 3691/4230/1749
f 3691/4230/1749 3464/4221/1746 3266/4223/1747 3479/4231/1750
f 3440/4082/1663 3691/4230/1749 3479/4231/1750 3242/4079/1660
f 3242/4079/1660 3479/4231/1750 3692/4232/1751 3441/4233/1752
f 3479/4231/1750 3266/4223/1747 3465/4225/1748 3692/4232/1751
f 3692/4232/1751 3465/4225/1748 3267/4227/1748 3480/4234/1751
f 3441/4233/1752 3692/4232/1751 3480/4234/1751 3243/4235/1752
f 3243/4235/1752 3480/4234/1751 3693/4236/1751 3442/4237/1752
f 3480/4234/1751 3267/4227/1748 3466/4229/1748 3693/4236/1751
f 3693/4236/1751 3466/4229/1748 3268/4119/1690 3481/4116/1687
f 3442/4237/1752 3693/4236/1751 3481/4116/1687 3244/4115/1686
f 3213/4149/1710 3388/4148/1709 3694/4238/1753 3458/4239/1753
f 3388/4148/1709 3214/4143/1704 3461/4240/1754 3694/4238/1753
f 3694/4238/1753 3461/4240/1754 3263/4241/1755 3482/4242/1756
f 3458/4239/1753 3694/4238/1753 3482/4242/1756 3260/4243/1756
f 3260/4243/1756 3482/4242/1756 3695/4244/1757 3459/4245/1757
f 3482/4242/1756 3263/4241/1755 3462/4246/1758 3695/4244/1757
f 3695/4244/1757 3462/4246/1758 3264/4247/1758 3483/4248/1757
f 3459/4245/1757 3695/4244/1757 3483/4248/1757 3261/4249/1757
f 3261/4249/1757 3483/4248/1757 3696/4250/1757 3460/4251/1757
f 3483/4248/1757 3264/4247/1758 3463/4252/1758 3696/4250/1757
f 3696/4250/1757 3463/4252/1758 3265/4094/1670 3484/4112/1682
f 3460/4251/1757 3696/4250/1757 3484/4112/1682 3262/4108/1682
f 3212/4031/1618 3387/4154/1710 3697/4253/1753 3455/4254/1759
f 3387/4154/1710 3213/4149/1710 3458/4239/1753 3697/4253/1753
f 3697/4253/1753 3458/4239/1753 3260/4243/1756 3485/4255/1756
f 3455/4254/1759 3697/4253/1753 3485/4255/1756 3257/4256/1760
f 3257/4256/1760 3485/4255/1756 3698/4257/1757 3456/4258/1761
f 3485/4255/1756 3260/4243/1756 3459/4245/1757 3698/4257/1757
f 3698/4257/1757 3459/4245/1757 3261/4249/1757 3486/4259/1757
f 3456/4258/1761 3698/4257/1757 3486/4259/1757 3258/4260/1761
f 3258/4260/1761 3486/4259/1757 3699/4261/1757 3457/4262/1761
f 3486/4259/1757 3261/4249/1757 3460/4251/1757 3699/4261/1757
f 3699/4261/1757 3460/4251/1757 3262/4108/1682 3487/4106/1682
f 3457/4262/1761 3699/4261/1757 3487/4106/1682 3259/4102/1678
f 3187/3949/1547 3386/4032/1619 3700/4263/1762 3341/4264/1763
f 3386/4032/1619 3212/4031/1618 3455/4254/1759 3700/4263/1762
f 3700/4263/1762 3455/4254/1759 3257/4256/1760 3488/4265/1764
f 3341/4264/1763 3700/4263/1762 3488/4265/1764 3238/4266/1765
f 3238/4266/1765 3488/4265/1764 3701/4267/1766 3436/4268/1767
f 3488/4265/1764 3257/4256/1760 3456/4258/1761 3701/4267/1766
f 3701/4267/1766 3456/4258/1761 3258/4260/1761 3489/4269/1766
f 3436/4268/1767 3701/4267/1766 3489/4269/1766 3237/4270/1767
f 3237/4270/1767 3489/4269/1766 3702/4271/1768 3435/4272/1767
f 3489/4269/1766 3258/4260/1761 3457/4262/1761 3702/4271/1768
f 3702/4271/1768 3457/4262/1761 3259/4102/1678 3490/4100/1676
f 3435/4272/1767 3702/4271/1768 3490/4100/1676 3236/4063/1644
f 3214/4143/1704 3343/4142/1703 3703/4273/1769 3461/4240/1754
f 3343/4142/1703 3188/3964/1560 3336/4038/1623 3703/4273/1769
f 3703/4273/1769 3336/4038/1623 3235/4037/1622 3491/4274/1770
f 3461/4240/1754 3703/4273/1769 3491/4274/1770 3263/4241/1755
f 3263/4241/1755 3491/4274/1770 3704/4275/1771 3462/4246/1758
f 3491/4274/1770 3235/4037/1622 3433/4276/1772 3704/4275/1771
f 3704/4275/1771 3433/4276/1772 3234/4277/1772 3492/4278/1771
f 3462/4246/1758 3704/4275/1771 3492/4278/1771 3264/4247/1758
f 3264/4247/1758 3492/4278/1771 3705/4279/1771 3463/4252/1758
f 3492/4278/1771 3234/4277/1772 3432/4280/1772 3705/4279/1771
f 3705/4279/1771 3432/4280/1772 3233/4098/1674 3493/4095/1671
f 3463/4252/1758 3705/4279/1771 3493/4095/1671 3265/4094/1670
f 3207/4051/1634 3382/4066/1647 3706/4281/1773 3357/4118/1689
f 3382/4066/1647 3198/4065/1646 3381/4282/1774 3706/4281/1773
f 3706/4281/1773 3381/4282/1774 3256/4283/1775 3494/4284/1776
f 3357/4118/1689 3706/4281/1773 3494/4284/1776 3244/4115/1686
f 3244/4115/1686 3494/4284/1776 3707/4285/1777 3442/4237/1752
f 3494/4284/1776 3256/4283/1775 3454/4286/1778 3707/4285/1777
f 3707/4285/1777 3454/4286/1778 3255/4287/1778 3495/4288/1777
f 3442/4237/1752 3707/4285/1777 3495/4288/1777 3243/4235/1752
f 3243/4235/1752 3495/4288/1777 3708/4289/1779 3441/4233/1752
f 3495/4288/1777 3255/4287/1778 3453/4290/1778 3708/4289/1779
f 3708/4289/1779 3453/4290/1778 3254/4083/1664 3496/4080/1661
f 3441/4233/1752 3708/4289/1779 3496/4080/1661 3242/4079/1660
f 3224/3986/1582 3398/3989/1585 3709/4291/1780 3470/4207/1741
f 3398/3989/1585 3205/3993/1589 3443/4292/1781 3709/4291/1780
f 3709/4291/1780 3443/4292/1781 3245/4293/1782 3497/4294/1783
f 3470/4207/1741 3709/4291/1780 3497/4294/1783 3272/4208/1742
f 3272/4208/1742 3497/4294/1783 3710/4295/1784 3471/4213/1745
f 3497/4294/1783 3245/4293/1782 3444/4296/1785 3710/4295/1784
f 3710/4295/1784 3444/4296/1785 3246/4297/1785 3498/4298/1784
f 3471/4213/1745 3710/4295/1784 3498/4298/1784 3273/4214/1745
f 3273/4214/1745 3498/4298/1784 3711/4299/1786 3472/4219/1745
f 3498/4298/1784 3246/4297/1785 3445/4300/1785 3711/4299/1786
f 3711/4299/1786 3445/4300/1785 3247/3971/1567 3499/4070/1651
f 3472/4219/1745 3711/4299/1786 3499/4070/1651 3274/4069/1650
f 3197/3953/1551 3375/3950/1548 3712/4301/1787 3365/4302/1788
f 3375/3950/1548 3187/3949/1547 3341/4264/1763 3712/4301/1787
f 3712/4301/1787 3341/4264/1763 3238/4266/1765 3500/4303/1789
f 3365/4302/1788 3712/4301/1787 3500/4303/1789 3250/4304/1790
f 3250/4304/1790 3500/4303/1789 3713/4305/1791 3448/4306/1792
f 3500/4303/1789 3238/4266/1765 3436/4268/1767 3713/4305/1791
f 3713/4305/1791 3436/4268/1767 3237/4270/1767 3501/4307/1791
f 3448/4306/1792 3713/4305/1791 3501/4307/1791 3249/4308/1792
f 3249/4308/1792 3501/4307/1791 3714/4309/1791 3447/4310/1792
f 3501/4307/1791 3237/4270/1767 3435/4272/1767 3714/4309/1791
f 3714/4309/1791 3435/4272/1767 3236/4063/1644 3502/4060/1642
f 3447/4310/1792 3714/4309/1791 3502/4060/1642 3248/4059/1594
f 3192/3931/1529 3361/3929/1527 3715/4311/1793 3370/4312/1794
f 3361/3929/1527 3185/3926/1524 3431/4099/1675 3715/4311/1793
f 3715/4311/1793 3431/4099/1675 3233/4098/1674 3503/4313/1795
f 3370/4312/1794 3715/4311/1793 3503/4313/1795 3253/4314/1796
f 3253/4314/1796 3503/4313/1795 3716/4315/1797 3451/4316/1798
f 3503/4313/1795 3233/4098/1674 3432/4280/1772 3716/4315/1797
f 3716/4315/1797 3432/4280/1772 3234/4277/1772 3504/4317/1797
f 3451/4316/1798 3716/4315/1797 3504/4317/1797 3252/4318/1798
f 3252/4318/1798 3504/4317/1797 3717/4319/1797 3450/4320/1798
f 3504/4317/1797 3234/4277/1772 3433/4276/1772 3717/4319/1797
f 3717/4319/1797 3433/4276/1772 3235/4037/1622 3505/4034/1620
f 3450/4320/1798 3717/4319/1797 3505/4034/1620 3251/4033/1612
f 3284/4321/1799 3524/4322/1800 3718/4323/1801 3592/4324/1802
f 3524/4322/1800 3192/4325/1529 3370/4326/1794 3718/4323/1801
f 3718/4323/1801 3370/4326/1794 3253/4327/1796 3557/4328/1803
f 3592/4324/1802 3718/4323/1801 3557/4328/1803 3317/4329/1804
f 3317/4329/1804 3557/4328/1803 3719/4330/1805 3589/4331/1806
f 3557/4328/1803 3253/4327/1796 3451/4332/1798 3719/4330/1805
f 3719/4330/1805 3451/4332/1798 3252/4333/1798 3560/4334/1805
f 3589/4331/1806 3719/4330/1805 3560/4334/1805 3320/4335/1806
f 3320/4335/1806 3560/4334/1805 3720/4336/1805 3586/4337/1806
f 3560/4334/1805 3252/4333/1798 3450/4338/1798 3720/4336/1805
f 3720/4336/1805 3450/4338/1798 3251/4022/1612 3563/4019/1609
f 3586/4337/1806 3720/4336/1805 3563/4019/1609 3323/4018/1608
f 3287/4339/1601 3527/4340/1600 3721/4341/1807 3583/4342/1808
f 3527/4340/1600 3197/4343/1551 3365/4344/1788 3721/4341/1807
f 3721/4341/1807 3365/4344/1788 3250/4345/1790 3566/4346/1809
f 3583/4342/1808 3721/4341/1807 3566/4346/1809 3326/4347/1810
f 3326/4347/1810 3566/4346/1809 3722/4348/1811 3580/4349/1812
f 3566/4346/1809 3250/4345/1790 3448/4350/1792 3722/4348/1811
f 3722/4348/1811 3448/4350/1792 3249/4351/1792 3569/4352/1811
f 3580/4349/1812 3722/4348/1811 3569/4352/1811 3329/4353/1812
f 3329/4353/1812 3569/4352/1811 3723/4354/1811 3577/4355/1812
f 3569/4352/1811 3249/4351/1792 3447/4356/1792 3723/4354/1811
f 3723/4354/1811 3447/4356/1792 3248/3998/1594 3572/3995/1591
f 3577/4355/1812 3723/4354/1811 3572/3995/1591 3332/3994/1590
f 3205/3993/1589 3372/4040/1624 3724/4357/1813 3443/4292/1781
f 3372/4040/1624 3204/4039/1535 3352/4358/1814 3724/4357/1813
f 3724/4357/1813 3352/4358/1814 3241/4359/1815 3512/4360/1816
f 3443/4292/1781 3724/4357/1813 3512/4360/1816 3245/4293/1782
f 3245/4293/1782 3512/4360/1816 3725/4361/1817 3444/4296/1785
f 3512/4360/1816 3241/4359/1815 3439/4362/1818 3725/4361/1817
f 3725/4361/1817 3439/4362/1818 3240/4363/1818 3513/4364/1817
f 3444/4296/1785 3725/4361/1817 3513/4364/1817 3246/4297/1785
f 3246/4297/1785 3513/4364/1817 3726/4365/1817 3445/4300/1785
f 3513/4364/1817 3240/4363/1818 3438/4366/1818 3726/4365/1817
f 3726/4365/1817 3438/4366/1818 3239/3975/1571 3514/3972/1568
f 3445/4300/1785 3726/4365/1817 3514/3972/1568 3247/3971/1567
f 3255/4367/1778 3510/4368/1819 3727/4369/1819 3453/4370/1778
f 3510/4368/1819 3331/4371/1820 3575/4372/1820 3727/4369/1819
f 3727/4369/1819 3575/4372/1820 3334/4373/1821 3511/4374/1822
f 3453/4370/1778 3727/4369/1819 3511/4374/1822 3254/4375/1664
f 3331/4371/1820 3571/4376/1823 3728/4377/1823 3575/4372/1820
f 3571/4376/1823 3330/4378/1823 3576/4379/1823 3728/4377/1823
f 3728/4377/1823 3576/4379/1823 3333/4380/1824 3574/4381/1824
f 3575/4372/1820 3728/4377/1823 3574/4381/1824 3334/4373/1821
f 3330/4378/1823 3570/4382/1823 3729/4383/1823 3576/4379/1823
f 3570/4382/1823 3329/4353/1812 3577/4355/1812 3729/4383/1823
f 3729/4383/1823 3577/4355/1812 3332/3994/1590 3573/4384/1824
f 3576/4379/1823 3729/4383/1823 3573/4384/1824 3333/4380/1824
f 3256/4385/1775 3509/4386/1825 3730/4387/1819 3454/4388/1778
f 3509/4386/1825 3328/4389/1826 3578/4390/1820 3730/4387/1819
f 3730/4387/1819 3578/4390/1820 3331/4371/1820 3510/4368/1819
f 3454/4388/1778 3730/4387/1819 3510/4368/1819 3255/4367/1778
f 3328/4389/1826 3568/4391/1827 3731/4392/1823 3578/4390/1820
f 3568/4391/1827 3327/4393/1827 3579/4394/1823 3731/4392/1823
f 3731/4392/1823 3579/4394/1823 3330/4378/1823 3571/4376/1823
f 3578/4390/1820 3731/4392/1823 3571/4376/1823 3331/4371/1820
f 3327/4393/1827 3567/4395/1827 3732/4396/1823 3579/4394/1823
f 3567/4395/1827 3326/4347/1810 3580/4349/1812 3732/4396/1823
f 3732/4396/1823 3580/4349/1812 3329/4353/1812 3570/4382/1823
f 3579/4394/1823 3732/4396/1823 3570/4382/1823 3330/4378/1823
f 3198/4397/1646 3366/4398/1828 3733/4399/1829 3381/4400/1774
f 3366/4398/1828 3289/4401/1830 3581/4402/1831 3733/4399/1829
f 3733/4399/1829 3581/4402/1831 3328/4389/1826 3509/4386/1825
f 3381/4400/1774 3733/4399/1829 3509/4386/1825 3256/4385/1775
f 3289/4401/1830 3529/4403/1832 3734/4404/1833 3581/4402/1831
f 3529/4403/1832 3288/4405/1832 3582/4406/1833 3734/4404/1833
f 3734/4404/1833 3582/4406/1833 3327/4393/1827 3568/4391/1827
f 3581/4402/1831 3734/4404/1833 3568/4391/1827 3328/4389/1826
f 3288/4405/1832 3528/4407/1832 3735/4408/1833 3582/4406/1833
f 3528/4407/1832 3287/4339/1601 3583/4342/1808 3735/4408/1833
f 3735/4408/1833 3583/4342/1808 3326/4347/1810 3567/4395/1827
f 3582/4406/1833 3735/4408/1833 3567/4395/1827 3327/4393/1827
f 3240/4409/1818 3507/4410/1834 3736/4411/1834 3438/4412/1818
f 3507/4410/1834 3322/4413/1835 3584/4414/1835 3736/4411/1834
f 3736/4411/1834 3584/4414/1835 3325/4415/1836 3508/4416/1837
f 3438/4412/1818 3736/4411/1834 3508/4416/1837 3239/4417/1571
f 3322/4413/1835 3562/4418/1838 3737/4419/1838 3584/4414/1835
f 3562/4418/1838 3321/4420/1838 3585/4421/1838 3737/4419/1838
f 3737/4419/1838 3585/4421/1838 3324/4422/1839 3565/4423/1839
f 3584/4414/1835 3737/4419/1838 3565/4423/1839 3325/4415/1836
f 3321/4420/1838 3561/4424/1838 3738/4425/1838 3585/4421/1838
f 3561/4424/1838 3320/4335/1806 3586/4337/1806 3738/4425/1838
f 3738/4425/1838 3586/4337/1806 3323/4018/1608 3564/4426/1839
f 3585/4421/1838 3738/4425/1838 3564/4426/1839 3324/4422/1839
f 3241/4427/1815 3506/4428/1840 3739/4429/1834 3439/4430/1818
f 3506/4428/1840 3319/4431/1841 3587/4432/1835 3739/4429/1834
f 3739/4429/1834 3587/4432/1835 3322/4413/1835 3507/4410/1834
f 3439/4430/1818 3739/4429/1834 3507/4410/1834 3240/4409/1818
f 3319/4431/1841 3559/4433/1842 3740/4434/1838 3587/4432/1835
f 3559/4433/1842 3318/4435/1842 3588/4436/1838 3740/4434/1838
f 3740/4434/1838 3588/4436/1838 3321/4420/1838 3562/4418/1838
f 3587/4432/1835 3740/4434/1838 3562/4418/1838 3322/4413/1835
f 3318/4435/1842 3558/4437/1842 3741/4438/1838 3588/4436/1838
f 3558/4437/1842 3317/4329/1804 3589/4331/1806 3741/4438/1838
f 3741/4438/1838 3589/4331/1806 3320/4335/1806 3561/4424/1838
f 3588/4436/1838 3741/4438/1838 3561/4424/1838 3321/4420/1838
f 3204/4439/1535 3364/4440/1532 3742/4441/1843 3352/4442/1814
f 3364/4440/1532 3286/4443/1531 3590/4444/1844 3742/4441/1843
f 3742/4441/1843 3590/4444/1844 3319/4431/1841 3506/4428/1840
f 3352/4442/1814 3742/4441/1843 3506/4428/1840 3241/4427/1815
f 3286/4443/1531 3526/4445/1845 3743/4446/1846 3590/4444/1844
f 3526/4445/1845 3285/4447/1845 3591/4448/1846 3743/4446/1846
f 3743/4446/1846 3591/4448/1846 3318/4435/1842 3559/4433/1842
f 3590/4444/1844 3743/4446/1846 3559/4433/1842 3319/4431/1841
f 3285/4447/1845 3525/4449/1845 3744/4450/1846 3591/4448/1846
f 3525/4449/1845 3284/4321/1799 3592/4324/1802 3744/4450/1846
f 3744/4450/1846 3592/4324/1802 3317/4329/1804 3558/4437/1842
f 3591/4448/1846 3744/4450/1846 3558/4437/1842 3318/4435/1842
f 3222/4179/1726 3426/4451/1847 3745/4452/1847 3396/4184/1726
f 3426/4451/1847 3313/4453/1848 3593/4454/1848 3745/4452/1847
f 3745/4452/1847 3593/4454/1848 3316/4455/1849 3427/4456/1850
f 3396/4184/1726 3745/4452/1847 3427/4456/1850 3221/3990/1586
f 3313/4453/1848 3553/4457/1851 3746/4458/1851 3593/4454/1848
f 3553/4457/1851 3312/4459/1851 3594/4460/1851 3746/4458/1851
f 3746/4458/1851 3594/4460/1851 3315/4461/1852 3556/4462/1852
f 3593/4454/1848 3746/4458/1851 3556/4462/1852 3316/4455/1849
f 3312/4459/1851 3552/4463/1851 3747/4464/1851 3594/4460/1851
f 3552/4463/1851 3311/4196/1735 3595/4198/1735 3747/4464/1851
f 3747/4464/1851 3595/4198/1735 3314/3980/1576 3555/4465/1852
f 3594/4460/1851 3747/4464/1851 3555/4465/1852 3315/4461/1852
f 3223/4173/1720 3425/4466/1853 3748/4467/1847 3397/4178/1725
f 3425/4466/1853 3310/4468/1854 3596/4469/1848 3748/4467/1847
f 3748/4467/1847 3596/4469/1848 3313/4453/1848 3426/4451/1847
f 3397/4178/1725 3748/4467/1847 3426/4451/1847 3222/4179/1726
f 3310/4468/1854 3550/4470/1855 3749/4471/1851 3596/4469/1848
f 3550/4470/1855 3309/4472/1855 3597/4473/1851 3749/4471/1851
f 3749/4471/1851 3597/4473/1851 3312/4459/1851 3553/4457/1851
f 3596/4469/1848 3749/4471/1851 3553/4457/1851 3313/4453/1848
f 3309/4472/1855 3549/4474/1855 3750/4475/1851 3597/4473/1851
f 3549/4474/1855 3308/4190/1733 3598/4192/1735 3750/4475/1851
f 3750/4475/1851 3598/4192/1735 3311/4196/1735 3552/4463/1851
f 3597/4473/1851 3750/4475/1851 3552/4463/1851 3312/4459/1851
f 3194/4052/1635 3350/4476/1856 3751/4477/1857 3354/4172/1719
f 3350/4476/1856 3280/4478/1858 3599/4479/1859 3751/4477/1857
f 3751/4477/1857 3599/4479/1859 3310/4468/1854 3425/4466/1853
f 3354/4172/1719 3751/4477/1857 3425/4466/1853 3223/4173/1720
f 3280/4478/1858 3520/4480/1860 3752/4481/1861 3599/4479/1859
f 3520/4480/1860 3279/4482/1860 3600/4483/1861 3752/4481/1861
f 3752/4481/1861 3600/4483/1861 3309/4472/1855 3550/4470/1855
f 3599/4479/1859 3752/4481/1861 3550/4470/1855 3310/4468/1854
f 3279/4482/1860 3519/4484/1860 3753/4485/1861 3600/4483/1861
f 3519/4484/1860 3278/3963/1559 3601/4186/1729 3753/4485/1861
f 3753/4485/1861 3601/4186/1729 3308/4190/1733 3549/4474/1855
f 3600/4483/1861 3753/4485/1861 3549/4474/1855 3309/4472/1855
f 3216/4136/1700 3420/4486/1862 3754/4487/1862 3390/4139/1700
f 3420/4486/1862 3304/4488/1863 3602/4489/1863 3754/4487/1862
f 3754/4487/1862 3602/4489/1863 3307/4490/1864 3421/4491/1865
f 3390/4139/1700 3754/4487/1862 3421/4491/1865 3215/4047/1630
f 3304/4488/1863 3544/4492/1866 3755/4493/1866 3602/4489/1863
f 3544/4492/1866 3303/4494/1866 3603/4495/1866 3755/4493/1866
f 3755/4493/1866 3603/4495/1866 3306/4496/1867 3547/4497/1867
f 3602/4489/1863 3755/4493/1866 3547/4497/1867 3307/4490/1864
f 3303/4494/1866 3543/4498/1866 3756/4499/1866 3603/4495/1866
f 3543/4498/1866 3302/4166/1716 3604/4168/1716 3756/4499/1866
f 3756/4499/1866 3604/4168/1716 3305/4012/1602 3546/4500/1867
f 3603/4495/1866 3756/4499/1866 3546/4500/1867 3306/4496/1867
f 3217/4132/1697 3419/4501/1868 3757/4502/1862 3391/4135/1700
f 3419/4501/1868 3301/4503/1869 3605/4504/1863 3757/4502/1862
f 3757/4502/1862 3605/4504/1863 3304/4488/1863 3420/4486/1862
f 3391/4135/1700 3757/4502/1862 3420/4486/1862 3216/4136/1700
f 3301/4503/1869 3541/4505/1870 3758/4506/1866 3605/4504/1863
f 3541/4505/1870 3300/4507/1870 3606/4508/1866 3758/4506/1866
f 3758/4506/1866 3606/4508/1866 3303/4494/1866 3544/4492/1866
f 3605/4504/1863 3758/4506/1866 3544/4492/1866 3304/4488/1863
f 3300/4507/1870 3540/4509/1870 3759/4510/1866 3606/4508/1866
f 3540/4509/1870 3299/4160/1714 3607/4162/1716 3759/4510/1866
f 3759/4510/1866 3607/4162/1716 3302/4166/1716 3543/4498/1866
f 3606/4508/1866 3759/4510/1866 3543/4498/1866 3303/4494/1866
f 3200/4075/1656 3521/4511/1871 3760/4512/1872 3347/4131/1696
f 3521/4511/1871 3281/4513/1873 3608/4514/1874 3760/4512/1872
f 3760/4512/1872 3608/4514/1874 3301/4503/1869 3419/4501/1868
f 3347/4131/1696 3760/4512/1872 3419/4501/1868 3217/4132/1697
f 3281/4513/1873 3522/4515/1875 3761/4516/1876 3608/4514/1874
f 3522/4515/1875 3282/4517/1875 3609/4518/1876 3761/4516/1876
f 3761/4516/1876 3609/4518/1876 3300/4507/1870 3541/4505/1870
f 3608/4514/1874 3761/4516/1876 3541/4505/1870 3301/4503/1869
f 3282/4517/1875 3523/4519/1875 3762/4520/1876 3609/4518/1876
f 3523/4519/1875 3283/4093/1669 3610/4156/1712 3762/4520/1876
f 3762/4520/1876 3610/4156/1712 3299/4160/1714 3540/4509/1870
f 3609/4518/1876 3762/4520/1876 3540/4509/1870 3300/4507/1870
f 3203/4521/1573 3369/4522/1877 3763/4523/1878 3374/4524/1659
f 3369/4522/1877 3292/4525/1879 3611/4526/1880 3763/4523/1878
f 3763/4523/1878 3611/4526/1880 3281/4513/1873 3521/4511/1871
f 3374/4524/1659 3763/4523/1878 3521/4511/1871 3200/4075/1656
f 3292/4525/1879 3532/4527/1881 3764/4528/1882 3611/4526/1880
f 3532/4527/1881 3291/4529/1881 3612/4530/1882 3764/4528/1882
f 3764/4528/1882 3612/4530/1882 3282/4517/1875 3522/4515/1875
f 3611/4526/1880 3764/4528/1882 3522/4515/1875 3281/4513/1873
f 3291/4529/1881 3531/4531/1881 3765/4532/1882 3612/4530/1882
f 3531/4531/1881 3290/4085/1615 3613/4088/1667 3765/4532/1882
f 3765/4532/1882 3613/4088/1667 3283/4093/1669 3523/4519/1875
f 3612/4530/1882 3765/4532/1882 3523/4519/1875 3282/4517/1875
f 3239/4417/1571 3508/4416/1837 3766/4533/1883 3437/4534/1572
f 3508/4416/1837 3325/4415/1836 3614/4535/1884 3766/4533/1883
f 3766/4533/1883 3614/4535/1884 3292/4536/1879 3369/4537/1877
f 3437/4534/1572 3766/4533/1883 3369/4537/1877 3203/4538/1573
f 3325/4415/1836 3565/4423/1839 3767/4539/1885 3614/4535/1884
f 3565/4423/1839 3324/4422/1839 3615/4540/1885 3767/4539/1885
f 3767/4539/1885 3615/4540/1885 3291/4541/1881 3532/4542/1881
f 3614/4535/1884 3767/4539/1885 3532/4542/1881 3292/4536/1879
f 3324/4422/1839 3564/4426/1839 3768/4543/1885 3615/4540/1885
f 3564/4426/1839 3323/4018/1608 3616/4021/1611 3768/4543/1885
f 3768/4543/1885 3616/4021/1611 3290/4026/1615 3531/4544/1881
f 3615/4540/1885 3768/4543/1885 3531/4544/1881 3291/4541/1881
f 3215/4047/1630 3421/4491/1865 3769/4545/1886 3389/4048/1631
f 3421/4491/1865 3307/4490/1864 3617/4546/1887 3769/4545/1886
f 3769/4545/1886 3617/4546/1887 3293/4547/1888 3533/4548/1889
f 3389/4048/1631 3769/4545/1886 3533/4548/1889 3199/4049/1632
f 3307/4490/1864 3547/4497/1867 3770/4549/1890 3617/4546/1887
f 3547/4497/1867 3306/4496/1867 3618/4550/1890 3770/4549/1890
f 3770/4549/1890 3618/4550/1890 3294/4551/1891 3534/4552/1891
f 3617/4546/1887 3770/4549/1890 3534/4552/1891 3293/4547/1888
f 3306/4496/1867 3546/4500/1867 3771/4553/1890 3618/4550/1890
f 3546/4500/1867 3305/4012/1602 3619/4015/1605 3771/4553/1890
f 3771/4553/1890 3619/4015/1605 3295/4003/1596 3535/4554/1891
f 3618/4550/1890 3771/4553/1890 3535/4554/1891 3294/4551/1891
f 3199/4049/1632 3533/4548/1889 3772/4555/1892 3346/4556/1649
f 3533/4548/1889 3293/4547/1888 3620/4557/1893 3772/4555/1892
f 3772/4555/1892 3620/4557/1893 3289/4558/1830 3366/4559/1828
f 3346/4556/1649 3772/4555/1892 3366/4559/1828 3198/4560/1646
f 3293/4547/1888 3534/4552/1891 3773/4561/1894 3620/4557/1893
f 3534/4552/1891 3294/4551/1891 3621/4562/1894 3773/4561/1894
f 3773/4561/1894 3621/4562/1894 3288/4563/1832 3529/4564/1832
f 3620/4557/1893 3773/4561/1894 3529/4564/1832 3289/4558/1830
f 3294/4551/1891 3535/4554/1891 3774/4565/1894 3621/4562/1894
f 3535/4554/1891 3295/4003/1596 3622/4006/1599 3774/4565/1894
f 3774/4565/1894 3622/4006/1599 3287/4011/1601 3528/4566/1832
f 3621/4562/1894 3774/4565/1894 3528/4566/1832 3288/4563/1832
f 3254/4375/1664 3511/4374/1822 3775/4567/1895 3452/4568/1665
f 3511/4374/1822 3334/4373/1821 3623/4569/1896 3775/4567/1895
f 3775/4567/1895 3623/4569/1896 3296/4570/1897 3536/4571/1898
f 3452/4568/1665 3775/4567/1895 3536/4571/1898 3196/4572/1641
f 3334/4373/1821 3574/4381/1824 3776/4573/1899 3623/4569/1896
f 3574/4381/1824 3333/4380/1824 3624/4574/1899 3776/4573/1899
f 3776/4573/1899 3624/4574/1899 3297/4575/1900 3537/4576/1900
f 3623/4569/1896 3776/4573/1899 3537/4576/1900 3296/4570/1897
f 3333/4380/1824 3573/4384/1824 3777/4577/1899 3624/4574/1899
f 3573/4384/1824 3332/3994/1590 3625/3997/1593 3777/4577/1899
f 3777/4577/1899 3625/3997/1593 3298/4002/1554 3538/4578/1900
f 3624/4574/1899 3777/4577/1899 3538/4578/1900 3297/4575/1900
f 3221/3990/1586 3427/4456/1850 3778/4579/1901 3395/3991/1587
f 3427/4456/1850 3316/4455/1849 3626/4580/1902 3778/4579/1901
f 3778/4579/1901 3626/4580/1902 3277/3941/1539 3349/3940/1538
f 3395/3991/1587 3778/4579/1901 3349/3940/1538 3193/3939/1537
f 3316/4455/1849 3556/4462/1852 3779/4581/1903 3626/4580/1902
f 3556/4462/1852 3315/4461/1852 3627/4582/1903 3779/4581/1903
f 3779/4581/1903 3627/4582/1903 3276/4583/1904 3517/4584/1904
f 3626/4580/1902 3779/4581/1903 3517/4584/1904 3277/3941/1539
f 3315/4461/1852 3555/4465/1852 3780/4585/1905 3627/4582/1903
f 3555/4465/1852 3314/3980/1576 3628/3983/1579 3780/4585/1905
f 3780/4585/1905 3628/3983/1579 3275/3985/1581 3516/4586/1904
f 3627/4582/1903 3780/4585/1905 3516/4586/1904 3276/4583/1904
f 3196/4587/1641 3536/4588/1898 3781/4589/1906 3373/4590/1638
f 3536/4588/1898 3296/4591/1897 3629/4592/1907 3781/4589/1906
f 3781/4589/1906 3629/4592/1907 3280/4478/1858 3350/4476/1856
f 3373/4590/1638 3781/4589/1906 3350/4476/1856 3194/4052/1635
f 3296/4591/1897 3537/4593/1900 3782/4594/1908 3629/4592/1907
f 3537/4593/1900 3297/4595/1900 3630/4596/1908 3782/4594/1908
f 3782/4594/1908 3630/4596/1908 3279/4482/1860 3520/4480/1860
f 3629/4592/1907 3782/4594/1908 3520/4480/1860 3280/4478/1858
f 3297/4595/1900 3538/4597/1900 3783/4598/1908 3630/4596/1908
f 3538/4597/1900 3298/3956/1554 3631/3959/1557 3783/4598/1908
f 3783/4598/1908 3631/3959/1557 3278/3963/1559 3519/4484/1860
f 3630/4596/1908 3783/4598/1908 3519/4484/1860 3279/4482/1860
f 3192/4599/1529 3524/4600/1800 3784/4601/1909 3339/4602/1530
f 3524/4600/1800 3284/4603/1799 3632/4604/1910 3784/4601/1909
f 3784/4601/1909 3632/4604/1910 3275/3985/1581 3515/3984/1580
f 3339/4602/1530 3784/4601/1909 3515/3984/1580 3189/3928/1526
f 3284/4603/1799 3525/4605/1845 3785/4606/1911 3632/4604/1910
f 3525/4605/1845 3285/4607/1845 3633/4608/1911 3785/4606/1911
f 3785/4606/1911 3633/4608/1911 3276/4583/1904 3516/4586/1904
f 3632/4604/1910 3785/4606/1911 3516/4586/1904 3275/3985/1581
f 3285/4607/1845 3526/4609/1845 3786/4610/1911 3633/4608/1911
f 3526/4609/1845 3286/3933/1531 3634/3936/1534 3786/4610/1911
f 3786/4610/1911 3634/3936/1534 3277/3941/1539 3517/4584/1904
f 3633/4608/1911 3786/4610/1911 3517/4584/1904 3276/4583/1904
g Head_Head
v 0.290362 3.928715 0.290361
v 0.242253 3.901534 0.185967
v 0.336372 3.928715 0.235529
v 0.357232 3.992223 0.357231
v 0.413837 3.992223 0.289771
v 0.401913 4.087275 0.401912
v 0.465598 4.087275 0.326015
v 0.420285 4.200257 0.420284
v 0.486882 4.200257 0.340917
v 0.420285 4.799739 0.420284
v 0.486882 4.799739 0.340917
v 0.401913 4.912722 0.401911
v 0.465598 4.912722 0.326014
v 0.357232 5.007773 0.357231
v 0.413837 5.007773 0.289771
v 0.290699 5.071281 0.290112
v 0.336372 5.071281 0.235529
v 0.198999 5.097395 0.196459
v 0.266338 3.901534 0.136833
v 0.372161 3.928715 0.173541
v 0.457869 3.992223 0.213507
v 0.515136 4.087275 0.240211
v 0.538685 4.200257 0.251192
v 0.538685 4.799739 0.251192
v 0.515136 4.912722 0.240211
v 0.457869 5.007773 0.213507
v 0.372161 5.071281 0.173540
v 0.285566 3.901534 0.087215
v 0.396642 3.928715 0.106279
v 0.487988 3.992223 0.130755
v 0.549023 4.087275 0.147109
v 0.574121 4.200257 0.153834
v 0.574121 4.799739 0.153834
v 0.549023 4.912722 0.147109
v 0.487988 5.007773 0.130755
v 0.396642 5.071281 0.106279
v 0.269842 5.097395 0.072303
v 0.409071 3.928715 0.035788
v 0.503279 3.992223 0.044030
v 0.566227 4.087275 0.049538
v 0.592112 4.200257 0.051802
v 0.592112 4.799739 0.051802
v 0.566227 4.912722 0.049537
v 0.503279 5.007773 0.044030
v 0.409071 5.071281 0.035788
v 0.409071 3.928715 -0.035790
v 0.503279 3.992223 -0.044032
v 0.566227 4.087275 -0.049539
v 0.592112 4.200257 -0.051804
v 0.592112 4.799739 -0.051804
v 0.566227 4.912722 -0.049540
v 0.503279 5.007773 -0.044032
v 0.409071 5.071281 -0.035790
v 0.396642 3.928715 -0.106281
v 0.487988 3.992223 -0.130757
v 0.549023 4.087275 -0.147111
v 0.574121 4.200257 -0.153836
v 0.574121 4.799739 -0.153836
v 0.549023 4.912721 -0.147111
v 0.487988 5.007773 -0.130757
v 0.396642 5.071281 -0.106281
v 0.372161 3.928715 -0.173542
v 0.457868 3.992223 -0.213509
v 0.515136 4.087275 -0.240213
v 0.538685 4.200257 -0.251194
v 0.538685 4.799739 -0.251194
v 0.515136 4.912721 -0.240213
v 0.457868 5.007773 -0.213509
v 0.372161 5.071281 -0.173542
v 0.251490 3.902601 -0.176149
v 0.336372 3.928715 -0.235531
v 0.413837 3.992223 -0.289773
v 0.465598 4.087275 -0.326016
v 0.486882 4.200257 -0.340919
v 0.486882 4.799739 -0.340920
v 0.465598 4.912721 -0.326017
v 0.413837 5.007773 -0.289773
v 0.336372 5.071281 -0.235531
v 0.218503 3.902601 -0.216160
v 0.290699 3.928715 -0.290114
v 0.420285 4.200257 -0.420286
v 0.420285 4.799739 -0.420286
v 0.357232 5.007773 -0.357233
v 0.290699 5.071281 -0.290115
v 0.000155 5.101209 -0.000001
v 0.198999 5.097395 -0.196461
v 0.130372 5.097395 -0.247012
v 0.028822 5.097395 -0.277270
v -0.083416 5.097395 -0.266197
v -0.130372 5.097395 -0.247012
v -0.266196 5.097395 -0.083417
v -0.277269 5.097395 -0.028823
v -0.277269 5.097395 0.028821
v -0.223529 5.097395 0.168132
v -0.197921 5.097395 0.197920
v -0.130372 5.097395 0.247010
v 0.083416 5.097395 0.266195
v 0.228839 5.097395 0.160234
v 0.253188 5.097395 0.118062
v 0.278298 5.097395 0.024347
v 0.278298 5.097395 -0.024349
v 0.269842 5.097395 -0.072305
v 0.253187 5.097395 -0.118064
v 0.228839 5.097395 -0.160236
v -0.290362 3.928715 0.290362
v -0.235530 3.928715 0.336371
v -0.357232 3.992223 0.357231
v -0.289772 3.992223 0.413837
v -0.401912 4.087275 0.401912
v -0.326015 4.087275 0.465597
v -0.420285 4.200257 0.420285
v -0.340918 4.200257 0.486881
v -0.420285 4.799739 0.420284
v -0.340918 4.799739 0.486881
v -0.401912 4.912722 0.401912
v -0.326015 4.912722 0.465597
v -0.357232 5.007773 0.357231
v -0.289772 5.007773 0.413836
v -0.290450 5.071281 0.290450
v -0.237404 5.071281 0.335107
v -0.168133 5.097395 0.223528
v -0.173541 3.928715 0.372160
v -0.213508 3.992223 0.457868
v -0.240212 4.087275 0.515136
v -0.251193 4.200257 0.538684
v -0.251193 4.799739 0.538684
v -0.240212 4.912722 0.515135
v -0.213508 5.007773 0.457868
v -0.176463 5.071281 0.370693
v -0.076946 3.902601 0.298460
v -0.106280 3.928715 0.396641
v -0.130756 3.992223 0.487987
v -0.147110 4.087275 0.549022
v -0.153835 4.200257 0.574120
v -0.153835 4.799739 0.574120
v -0.147110 4.912722 0.549022
v -0.130756 5.007773 0.487987
v -0.108918 5.071281 0.395777
v -0.083416 5.097395 0.266195
v -0.035789 3.928715 0.409071
v -0.044031 3.992223 0.503279
v -0.049538 4.087275 0.566226
v -0.051803 4.200257 0.592111
v -0.051803 4.799739 0.592111
v -0.049538 4.912722 0.566226
v -0.044031 5.007773 0.503278
v -0.036851 5.071281 0.408830
v -0.028822 5.097395 0.277268
v 0.028699 3.902601 0.305406
v 0.035789 3.928715 0.409071
v 0.044031 3.992223 0.503279
v 0.049539 4.087275 0.566226
v 0.051803 4.200257 0.592111
v 0.051803 4.799739 0.592111
v 0.049539 4.912722 0.566226
v 0.044031 5.007773 0.503278
v 0.036852 5.071281 0.408830
v 0.028822 5.097395 0.277268
v 0.087216 3.901534 0.285566
v 0.106280 3.928715 0.396641
v 0.130756 3.992223 0.487987
v 0.147110 4.087275 0.549022
v 0.153835 4.200257 0.574120
v 0.153835 4.799739 0.574120
v 0.147110 4.912722 0.549022
v 0.130756 5.007773 0.487987
v 0.108918 5.071281 0.395777
v 0.173541 3.928715 0.372160
v 0.213508 3.992223 0.457868
v 0.240212 4.087275 0.515136
v 0.251193 4.200257 0.538684
v 0.251193 4.799739 0.538684
v 0.240212 4.912722 0.515135
v 0.213508 5.007773 0.457867
v 0.176463 5.071281 0.370693
v 0.130372 5.097395 0.247010
v 0.235530 3.928715 0.336371
v 0.289772 3.992223 0.413837
v 0.326016 4.087275 0.465597
v 0.340919 4.200257 0.486881
v 0.340919 4.799739 0.486881
v 0.326016 4.912722 0.465597
v 0.289772 5.007773 0.413836
v 0.237404 5.071281 0.335107
v 0.168133 5.097395 0.223528
v -0.336372 3.928715 -0.235531
v -0.413838 3.992223 -0.289773
v -0.401913 4.087275 -0.401913
v -0.465598 4.087275 -0.326016
v -0.420285 4.200257 -0.420286
v -0.486882 4.200257 -0.340919
v -0.420285 4.799739 -0.420286
v -0.486882 4.799739 -0.340919
v -0.401913 4.912721 -0.401913
v -0.465598 4.912721 -0.326016
v -0.357232 5.007773 -0.357233
v -0.413837 5.007773 -0.289773
v -0.335108 5.071281 -0.237405
v -0.197921 5.097395 -0.197922
v -0.223529 5.097395 -0.168134
v -0.266338 3.901534 -0.136835
v -0.372161 3.928715 -0.173542
v -0.457869 3.992223 -0.213508
v -0.515136 4.087275 -0.240213
v -0.538685 4.200257 -0.251194
v -0.538685 4.799739 -0.251194
v -0.515136 4.912721 -0.240213
v -0.457869 5.007773 -0.213509
v -0.370694 5.071281 -0.176464
v -0.247011 5.097395 -0.130373
v -0.285566 3.901534 -0.087216
v -0.396642 3.928715 -0.106280
v -0.487988 3.992223 -0.130756
v -0.549023 4.087275 -0.147111
v -0.574121 4.200257 -0.153836
v -0.574121 4.799739 -0.153836
v -0.549023 4.912721 -0.147111
v -0.487988 5.007773 -0.130757
v -0.395778 5.071281 -0.108919
v -0.305407 3.902601 -0.028699
v -0.409071 3.928715 -0.035790
v -0.503279 3.992223 -0.044032
v -0.566227 4.087275 -0.049539
v -0.592112 4.200257 -0.051804
v -0.592112 4.799739 -0.051804
v -0.566227 4.912722 -0.049539
v -0.503279 5.007773 -0.044032
v -0.408831 5.071281 -0.036852
v -0.409071 3.928715 0.035788
v -0.503279 3.992223 0.044031
v -0.566227 4.087275 0.049538
v -0.592112 4.200257 0.051802
v -0.592112 4.799739 0.051802
v -0.566227 4.912722 0.049538
v -0.503279 5.007773 0.044030
v -0.408831 5.071281 0.036851
v -0.298461 3.902601 0.076945
v -0.396642 3.928715 0.106279
v -0.487988 3.992223 0.130755
v -0.549023 4.087275 0.147110
v -0.574121 4.200257 0.153834
v -0.574121 4.799739 0.153834
v -0.549023 4.912722 0.147109
v -0.487988 5.007773 0.130755
v -0.395778 5.071281 0.108917
v -0.266196 5.097395 0.083415
v -0.278766 3.902601 0.128320
v -0.372161 3.928715 0.173541
v -0.457869 3.992223 0.213507
v -0.515136 4.087275 0.240212
v -0.538685 4.200257 0.251192
v -0.538685 4.799739 0.251192
v -0.515136 4.912722 0.240211
v -0.457869 5.007773 0.213507
v -0.370694 5.071281 0.176462
v -0.247011 5.097395 0.130371
v -0.251490 3.902601 0.176147
v -0.336372 3.928715 0.235529
v -0.413837 3.992223 0.289771
v -0.465598 4.087275 0.326015
v -0.486882 4.200257 0.340918
v -0.486882 4.799739 0.340918
v -0.465598 4.912722 0.326015
v -0.413837 5.007773 0.289771
v -0.335108 5.071281 0.237403
v -0.243385 3.901534 -0.185132
v -0.233549 3.904508 -0.229742
v -0.183931 3.898788 -0.170014
v -0.193705 3.898788 -0.132286
v -0.213130 3.898788 -0.085648
v -0.228844 3.898788 -0.030716
v -0.307042 3.902601 0.027409
v -0.234775 3.898788 0.036189
v -0.213083 3.898788 0.094136
v -0.191907 3.898788 0.133326
v -0.164450 3.898788 0.164449
v -0.217155 3.902601 0.217154
v -0.176148 3.902601 0.251489
v -0.147330 3.902601 -0.269009
v -0.138437 3.898788 -0.186439
v -0.130038 3.898788 -0.130038
v -0.138534 3.898788 -0.087849
v -0.160176 3.898788 -0.030387
v -0.161931 3.898788 0.029810
v -0.149856 3.898788 0.084283
v -0.116765 3.898788 0.116764
v -0.133326 3.898788 0.191906
v -0.128320 3.902601 0.278765
v -0.088983 3.898788 -0.213395
v -0.087849 3.898788 -0.138535
v -0.081098 3.898788 -0.081099
v -0.087260 3.898788 -0.034003
v -0.097303 3.898788 0.033437
v -0.070606 3.898788 0.070606
v -0.084283 3.898788 0.149855
v -0.094137 3.898788 0.213082
v -0.031778 3.898788 -0.228604
v -0.030387 3.898788 -0.160177
v -0.034002 3.898788 -0.087260
v -0.027076 3.898788 -0.027077
v -0.030517 3.898788 0.030516
v -0.033438 3.898788 0.097302
v -0.029811 3.898788 0.161930
v -0.036190 3.898788 0.234775
v -0.027409 3.902601 0.307041
v 0.032948 3.902601 -0.304446
v 0.031778 3.898788 -0.228604
v 0.029811 3.898788 -0.161931
v 0.033438 3.898788 -0.097303
v 0.030517 3.898788 -0.030517
v 0.027076 3.898788 0.027076
v 0.034002 3.898788 0.087259
v 0.030387 3.898788 0.160176
v 0.030716 3.898788 0.228843
v 0.094233 3.902601 -0.293086
v 0.095048 3.898788 -0.219219
v 0.084283 3.898788 -0.149856
v 0.070606 3.898788 -0.070607
v 0.097303 3.898788 -0.033439
v 0.087260 3.898788 0.034001
v 0.081098 3.898788 0.081097
v 0.087849 3.898788 0.138533
v 0.085648 3.898788 0.213129
v 0.135201 3.898788 -0.190644
v 0.116765 3.898788 -0.116766
v 0.149856 3.898788 -0.084284
v 0.161931 3.898788 -0.029812
v 0.160176 3.898788 0.030386
v 0.138534 3.898788 0.087848
v 0.130038 3.898788 0.130037
v 0.132285 3.898788 0.193705
v 0.136834 3.901534 0.266338
v 0.183645 3.902601 -0.246435
v 0.164787 3.898788 -0.164202
v 0.191907 3.898788 -0.133327
v 0.213083 3.898788 -0.094137
v 0.234775 3.898788 -0.036190
v 0.228844 3.898788 0.030715
v 0.213130 3.898788 0.085647
v 0.193705 3.898788 0.132284
v 0.176097 3.898788 0.176096
v 0.185968 3.901534 0.242252
v 0.278766 3.902601 -0.128321
v 0.298461 3.902601 -0.076946
v 0.307042 3.902601 -0.027410
v 0.305407 3.902601 0.028698
v 0.231359 3.904508 0.231358
v 0.237404 3.928715 -0.335109
v 0.357232 3.992223 -0.357233
v 0.289772 3.992223 -0.413838
v 0.401912 4.087275 -0.401913
v 0.326015 4.087275 -0.465599
v 0.340918 4.200257 -0.486883
v 0.340918 4.799739 -0.486883
v 0.401912 4.912721 -0.401914
v 0.326015 4.912721 -0.465599
v 0.289772 5.007773 -0.413839
v 0.237404 5.071281 -0.335109
v 0.168133 5.097395 -0.223530
v 0.142172 3.902601 -0.273534
v 0.176463 3.928715 -0.370695
v 0.213508 3.992223 -0.457869
v 0.240212 4.087275 -0.515137
v 0.251193 4.200257 -0.538686
v 0.251193 4.799739 -0.538686
v 0.240212 4.912721 -0.515137
v 0.213508 5.007773 -0.457870
v 0.176463 5.071281 -0.370696
v 0.108918 3.928715 -0.395779
v 0.130756 3.992223 -0.487988
v 0.147110 4.087275 -0.549024
v 0.153835 4.200257 -0.574122
v 0.153835 4.799739 -0.574122
v 0.147110 4.912721 -0.549024
v 0.130756 5.007773 -0.487989
v 0.108918 5.071281 -0.395779
v 0.083416 5.097395 -0.266197
v 0.036851 3.928715 -0.408832
v 0.044031 3.992223 -0.503280
v 0.049538 4.087275 -0.566228
v 0.051803 4.200257 -0.592113
v 0.051803 4.799739 -0.592113
v 0.049538 4.912721 -0.566228
v 0.044031 5.007773 -0.503281
v 0.036851 5.071281 -0.408832
v -0.032949 3.902601 -0.304446
v -0.036852 3.928715 -0.408832
v -0.044031 3.992223 -0.503280
v -0.049539 4.087275 -0.566228
v -0.051803 4.200257 -0.592113
v -0.051803 4.799739 -0.592113
v -0.049539 4.912721 -0.566228
v -0.044031 5.007773 -0.503281
v -0.036852 5.071281 -0.408832
v -0.028822 5.097395 -0.277270
v -0.094923 3.902601 -0.291308
v -0.108918 3.928715 -0.395779
v -0.130756 3.992223 -0.487988
v -0.147110 4.087275 -0.549024
v -0.153835 4.200257 -0.574122
v -0.153835 4.799739 -0.574122
v -0.147110 4.912721 -0.549024
v -0.130756 5.007773 -0.487989
v -0.108918 5.071281 -0.395779
v -0.176463 3.928715 -0.370695
v -0.213508 3.992223 -0.457869
v -0.240212 4.087275 -0.515137
v -0.251193 4.200257 -0.538686
v -0.251193 4.799739 -0.538686
v -0.240212 4.912721 -0.515137
v -0.213508 5.007773 -0.457870
v -0.176463 5.071281 -0.370695
v -0.193331 3.901534 -0.236127
v -0.237404 3.928715 -0.335109
v -0.289772 3.992223 -0.413838
v -0.326016 4.087275 -0.465599
v -0.340919 4.200257 -0.486883
v -0.340919 4.799739 -0.486883
v -0.326016 4.912721 -0.465599
v -0.289772 5.007773 -0.413838
v -0.237404 5.071281 -0.335109
v -0.168133 5.097395 -0.223530
v -0.290699 3.928715 -0.290114
v -0.357232 3.992223 -0.357233
v -0.290451 5.071281 -0.290451
v 0.577786 4.319632 -0.154818
v 0.577786 4.439876 -0.154818
v 0.577786 4.560120 -0.154818
v 0.577786 4.680364 -0.154818
v -0.422968 4.319632 0.422967
v -0.422968 4.439876 0.422967
v -0.422968 4.560120 0.422967
v -0.422968 4.680364 0.422967
v -0.252796 4.319632 0.542123
v -0.252796 4.439876 0.542123
v -0.252796 4.560120 0.542123
v -0.252796 4.680364 0.542123
v 0.577786 4.319632 0.154816
v 0.577786 4.439876 0.154816
v 0.577786 4.560120 0.154816
v 0.577786 4.680364 0.154816
v -0.577786 4.319632 0.154816
v -0.577786 4.439876 0.154816
v -0.577786 4.560120 0.154816
v -0.577786 4.680364 0.154816
v -0.343095 4.319632 0.489989
v -0.343095 4.439876 0.489989
v -0.343095 4.560120 0.489989
v -0.343095 4.680364 0.489989
v 0.154817 4.319632 -0.577787
v 0.154817 4.439876 -0.577787
v 0.154817 4.560120 -0.577787
v 0.154817 4.680364 -0.577787
v -0.154817 4.319632 -0.577787
v -0.154817 4.439876 -0.577787
v -0.154817 4.560120 -0.577787
v -0.154817 4.680364 -0.577787
v 0.252796 4.319632 0.542123
v 0.252796 4.439876 0.542123
v 0.252796 4.560120 0.542123
v 0.252796 4.680364 0.542123
v 0.489990 4.319632 -0.343096
v 0.489990 4.439876 -0.343096
v 0.489990 4.560120 -0.343096
v 0.489990 4.680364 -0.343096
v -0.052134 4.319632 0.595891
v -0.052134 4.439876 0.595891
v -0.052134 4.560120 0.595891
v -0.052134 4.680364 0.595891
v -0.252796 4.319632 -0.542125
v -0.252796 4.439876 -0.542125
v -0.252796 4.560120 -0.542125
v -0.252796 4.680364 -0.542125
v 0.595892 4.319632 -0.052135
v 0.595892 4.439876 -0.052135
v 0.595892 4.560120 -0.052135
v 0.595892 4.680364 -0.052135
v -0.489990 4.319632 0.343094
v -0.489990 4.439876 0.343094
v -0.489990 4.560120 0.343094
v -0.489990 4.680364 0.343094
v -0.052134 4.319632 -0.595893
v -0.052134 4.439876 -0.595893
v -0.052134 4.560120 -0.595893
v -0.052134 4.680364 -0.595893
v 0.343095 4.319632 -0.489991
v 0.343095 4.439876 -0.489991
v 0.343095 4.560120 -0.489991
v 0.343095 4.680364 -0.489991
v 0.422968 4.319632 0.422967
v 0.422968 4.439876 0.422967
v 0.422968 4.560120 0.422967
v 0.422968 4.680364 0.422967
v 0.542124 4.319632 0.252795
v 0.542124 4.439876 0.252795
v 0.542124 4.560120 0.252795
v 0.542124 4.680364 0.252795
v -0.595892 4.319632 0.052133
v -0.595892 4.439876 0.052133
v -0.595892 4.560120 0.052133
v -0.595892 4.680364 0.052133
v -0.343095 4.319632 -0.489991
v -0.343095 4.439876 -0.489991
v -0.343095 4.560120 -0.489991
v -0.343095 4.680364 -0.489991
v 0.252796 4.319632 -0.542125
v 0.252796 4.439876 -0.542125
v 0.252796 4.560120 -0.542125
v 0.252796 4.680364 -0.542125
v 0.489990 4.319632 0.343094
v 0.489990 4.439876 0.343094
v 0.489990 4.560120 0.343094
v 0.489990 4.680364 0.343094
v 0.154817 4.319632 0.577785
v 0.154817 4.439876 0.577785
v 0.154817 4.560120 0.577785
v 0.154817 4.680364 0.577785
v 0.542124 4.319632 -0.252797
v 0.542124 4.439876 -0.252797
v 0.542124 4.560120 -0.252797
v 0.542124 4.680364 -0.252797
v -0.154817 4.319632 0.577785
v -0.154817 4.439876 0.577785
v -0.154817 4.560120 0.577785
v -0.154817 4.680364 0.577785
v -0.422968 4.319632 -0.422969
v -0.422968 4.439876 -0.422969
v -0.422968 4.560120 -0.422969
v -0.422968 4.680364 -0.422969
v -0.542124 4.319632 -0.252797
v -0.542124 4.439876 -0.252797
v -0.542124 4.560120 -0.252797
v -0.542124 4.680364 -0.252797
v 0.595892 4.319632 0.052133
v 0.595892 4.439876 0.052133
v 0.595892 4.560120 0.052133
v 0.595892 4.680364 0.052133
v -0.542124 4.319632 0.252796
v -0.542124 4.439876 0.252796
v -0.542124 4.560120 0.252796
v -0.542124 4.680364 0.252796
v -0.577786 4.319632 -0.154818
v -0.577786 4.439876 -0.154818
v -0.577786 4.560120 -0.154818
v -0.577786 4.680364 -0.154818
v 0.052134 4.319632 -0.595893
v 0.052134 4.439876 -0.595893
v 0.052134 4.560120 -0.595893
v 0.052134 4.680364 -0.595893
v -0.489990 4.319632 -0.343095
v -0.489990 4.439876 -0.343095
v -0.489990 4.560120 -0.343096
v -0.489990 4.680364 -0.343096
v 0.343095 4.319632 0.489989
v 0.343095 4.439876 0.489989
v 0.343095 4.560120 0.489989
v 0.343095 4.680364 0.489989
v 0.422968 4.319632 -0.422969
v 0.422968 4.439876 -0.422969
v 0.422968 4.560120 -0.422969
v 0.422968 4.680364 -0.422969
v -0.595892 4.319632 -0.052134
v -0.595892 4.439876 -0.052134
v -0.595892 4.560120 -0.052134
v -0.595892 4.680364 -0.052135
v 0.052134 4.319632 0.595891
v 0.052134 4.439876 0.595891
v 0.052134 4.560120 0.595891
v 0.052134 4.680364 0.595891
v 0.314563 3.928715 0.263949
v 0.325990 3.955803 0.325989
v -0.300478 3.902487 -0.057091
v -0.228822 4.963364 -0.490710
v 0.314606 5.071281 0.263918
v 0.250933 5.088411 0.249223
v -0.568389 4.912722 -0.000001
v 0.522989 4.036632 0.140133
v -0.522988 4.036632 0.140134
v 0.497526 3.992223 0.087726
v -0.474733 3.992223 0.172788
v -0.316109 5.088411 0.157864
v -0.455315 4.200257 0.382054
v 0.410633 5.071281 -0.000001
v -0.354114 5.071281 0.207857
v 0.577328 4.740377 -0.154695
v 0.558527 4.200257 -0.203288
v 0.207858 5.071281 -0.354115
v 0.292387 3.911585 -0.204739
v -0.139676 3.899265 -0.226902
v -0.184934 3.898788 -0.152383
v 0.382854 4.036632 -0.382855
v 0.235322 3.902601 -0.197380
v -0.051091 3.898788 0.051090
v -0.055589 3.898788 0.083721
v 0.028669 3.898788 -0.130910
v 0.056453 3.898788 -0.157615
v 0.158949 3.898788 0.158948
v 0.107756 3.898788 0.201601
v -0.585342 4.799739 0.103211
v -0.335791 4.142346 0.479558
v 0.263812 3.899265 -0.060159
v 0.269316 3.899265 -0.026826
v -0.284194 4.087275 0.492238
v -0.247415 4.142346 0.530582
v -0.158405 3.898788 -0.183519
v -0.194400 4.087275 0.534110
v -0.057457 5.097395 0.275704
v 0.051024 4.857650 0.583205
v 0.140134 4.036632 -0.522989
v 0.103212 4.799739 0.585341
v 0.087727 3.992223 -0.497526
v 0.194835 3.955803 0.417825
v 0.205317 3.928715 0.355618
v 0.264664 5.044193 0.377486
v -0.203287 4.200257 -0.558528
v -0.443520 4.963364 -0.310557
v -0.492239 4.912721 -0.284195
v -0.583206 4.857650 -0.051025
v 0.208188 5.088410 -0.285892
v -0.594372 4.799739 -0.000001
v 0.355619 5.071281 0.205315
v -0.445310 3.955803 0.119320
v 0.565486 4.142346 0.151521
v 0.559754 4.087275 0.098699
v -0.417642 5.044193 0.195199
v 0.565486 4.857650 -0.151523
v 0.558527 4.799739 -0.203288
v -0.153053 3.902601 0.266098
v 0.377645 3.955803 -0.264431
v -0.153078 3.899265 0.218625
v 0.314605 3.928715 -0.263920
v -0.355619 3.928715 0.205316
v -0.083722 3.898788 0.055589
v 0.326032 5.044193 -0.325960
v -0.061421 3.898788 0.025266
v -0.387006 3.992223 0.324736
v 0.031166 3.898788 -0.194704
v -0.275705 5.097395 -0.057458
v 0.062255 3.898788 -0.223197
v 0.086082 3.898788 0.177753
v 0.244353 5.097395 0.141076
v 0.110542 3.898788 0.110541
v 0.109075 3.898788 0.136784
v 0.221700 3.898788 -0.068049
v -0.382055 4.200257 0.455314
v -0.422633 4.740378 0.422632
v 0.243212 3.899265 -0.108792
v -0.252596 4.740378 0.541693
v -0.203287 4.200257 0.558526
v 0.252600 5.007773 -0.437518
v 0.119650 3.955803 -0.445203
v 0.047190 4.963364 0.539376
v 0.098700 4.912722 0.559753
v 0.040313 5.044193 -0.459236
v 0.228822 4.036632 0.490708
v 0.335791 4.857650 -0.479560
v 0.252600 3.992223 0.437516
v 0.306977 3.902601 0.000160
v 0.208188 5.088411 0.285890
v -0.194401 4.087275 -0.534111
v -0.387007 5.007773 -0.324738
v 0.291607 3.911471 0.205887
v -0.522989 4.036632 -0.140135
v -0.497526 3.992223 -0.087728
v 0.262640 3.902372 0.161143
v 0.059808 3.898788 0.059807
v -0.410486 5.071281 -0.000001
v 0.057920 3.898788 0.087793
v 0.577328 4.740377 0.154693
v -0.577328 4.740377 0.154693
v 0.585343 4.200257 0.103211
v -0.558527 4.200257 0.203286
v -0.292387 3.911586 0.204738
v -0.455315 4.799739 0.382054
v 0.522988 4.963364 -0.140135
v 0.534111 4.912721 -0.194402
v 0.443520 4.036632 -0.310557
v -0.136784 3.898788 -0.109076
v -0.109075 3.898788 -0.136785
v -0.068048 3.898788 0.221699
v -0.281524 5.097395 -0.000001
v 0.027831 3.898788 -0.000176
v 0.051091 3.898788 -0.051091
v 0.061421 3.898788 -0.025267
v -0.310556 4.963364 -0.443521
v -0.342823 4.740378 0.489601
v -0.297186 4.200257 0.514740
v -0.247415 4.857650 0.530582
v -0.203287 4.799739 0.558526
v -0.040180 3.955803 0.459264
v 0.000000 3.928715 0.410632
v 0.040313 5.044193 0.459234
v 0.154694 4.740377 -0.577329
v 0.087727 5.007773 0.497525
v 0.172789 5.007773 -0.474734
v -0.000000 5.071281 -0.410487
v 0.247415 4.142346 0.530582
v -0.034406 3.911585 -0.354836
v -0.204430 3.898788 0.115928
v 0.284195 4.087275 0.492238
v -0.064859 3.902601 -0.299325
v 0.185793 5.097395 0.212938
v -0.140134 4.963364 -0.522990
v -0.194401 4.912721 -0.534112
v -0.377487 5.044193 -0.264665
v -0.437517 5.007773 -0.252601
v -0.445310 3.955803 -0.119321
v 0.377645 3.955803 0.264429
v -0.264954 5.071281 -0.313858
v -0.404394 3.928715 -0.071306
v -0.558527 4.799739 0.203286
v -0.459235 5.044193 -0.040314
v 0.355619 3.928715 0.205316
v -0.565486 4.142346 0.151521
v 0.565486 4.857650 0.151520
v 0.585343 4.799739 0.103210
v 0.459265 3.955803 -0.040181
v 0.404394 3.928715 -0.071306
v 0.445310 5.044193 -0.119322
v 0.474733 5.007773 -0.172790
v -0.159520 3.898788 -0.158387
v -0.129472 3.898788 -0.156529
v 0.479559 4.142346 -0.335792
v -0.086232 3.898788 0.183247
v -0.061072 3.898788 0.121105
v -0.056453 3.898788 0.157614
v -0.154694 4.740377 -0.577329
v 0.025267 3.898788 -0.061422
v 0.061072 3.898788 -0.121106
v 0.055589 3.898788 -0.083722
v 0.310556 4.036632 -0.443521
v 0.222885 3.898788 0.059753
v -0.382055 4.799739 0.455314
v -0.413964 4.857650 0.413963
v 0.264272 3.899265 0.029157
v -0.000000 4.087275 -0.568390
v -0.228821 4.963364 0.490708
v -0.194400 4.912722 0.534110
v -0.047189 4.036632 0.539376
v 0.000000 3.992223 0.505200
v 0.151521 4.142346 -0.565487
v 0.033891 5.088411 0.351437
v 0.073284 5.071281 0.403888
v 0.252600 3.992223 -0.437518
v 0.252596 4.740378 0.541693
v 0.297186 4.200257 0.514740
v -0.151522 4.857650 -0.565487
v -0.203287 4.799739 -0.558528
v -0.264664 3.955803 -0.377488
v -0.264985 3.928715 -0.313815
v 0.387007 3.992223 0.324736
v 0.382854 4.036632 0.382853
v -0.585342 4.200257 -0.103212
v 0.322457 3.911471 0.151680
v 0.286029 3.902373 0.112709
v 0.522989 4.963364 0.140133
v -0.522988 4.963364 0.140133
v 0.559754 4.912722 0.098699
v -0.534111 4.912722 0.194400
v 0.539377 4.036632 -0.047190
v -0.443520 4.036632 0.310555
v -0.435411 4.912722 0.365353
v 0.497526 3.992223 -0.087728
v -0.211285 3.911471 -0.287804
v 0.263950 3.928715 0.314563
v 0.385869 5.071281 -0.140446
v 0.489601 4.740377 -0.342824
v -0.162958 3.898788 -0.000073
v 0.455315 4.200257 -0.382056
v -0.125479 3.898788 -0.029802
v 0.127736 5.100732 -0.125394
v 0.085342 5.100732 -0.157081
v 0.019138 5.100731 -0.177138
v -0.055087 5.100731 -0.169689
v -0.085328 5.100731 -0.157081
v -0.169681 5.100731 -0.055095
v -0.177130 5.100731 -0.019132
v -0.177130 5.100731 0.019130
v -0.142242 5.100731 0.108812
v -0.126735 5.100731 0.126741
v -0.085328 5.100731 0.157078
v 0.055101 5.100731 0.169687
v 0.146440 5.100731 0.102492
v 0.161989 5.100731 0.075532
v 0.178054 5.100731 0.015576
v 0.178054 5.100731 -0.015578
v 0.172644 5.100731 -0.046259
v 0.161989 5.100731 -0.075534
v 0.146440 5.100731 -0.102494
v 0.140752 3.898788 -0.140680
v -0.335791 4.857650 0.479558
v -0.297186 4.799739 0.514740
v -0.195200 5.044193 0.417641
v 0.324737 3.992223 -0.387007
v -0.539377 4.036632 -0.047190
v -0.172789 5.007773 0.474732
v -0.051024 4.142346 0.583206
v 0.159340 3.911585 -0.319425
v 0.000000 4.087275 0.568388
v 0.140134 4.963364 -0.522990
v 0.098700 4.912721 -0.559755
v 0.247415 4.857650 0.530582
v -0.047190 4.036632 -0.539378
v 0.324737 3.992223 0.387006
v 0.297186 4.799739 0.514740
v -0.087727 3.992223 -0.497526
v 0.264985 5.071281 0.313813
v -0.143402 5.071281 -0.384651
v -0.437517 3.992223 -0.252601
v -0.285891 5.088411 -0.208189
v -0.354114 5.071281 -0.207859
v -0.565486 4.142346 -0.151522
v 0.443520 4.036632 0.310555
v -0.559754 4.087275 -0.098700
v 0.417826 3.955803 0.194834
v 0.385869 3.928715 0.140444
v 0.119650 5.044193 -0.445204
v -0.565486 4.857650 0.151521
v 0.445310 5.044193 0.119319
v 0.497526 5.007773 0.087726
v -0.377645 3.955803 0.264429
v 0.583206 4.142346 -0.051025
v 0.559754 4.087275 -0.098701
v -0.222885 3.898788 -0.059755
v -0.177754 3.898788 -0.086083
v -0.152534 3.898788 -0.058473
v 0.479559 4.857650 -0.335792
v -0.110542 3.898788 -0.110543
v 0.455315 4.799739 -0.382056
v 0.027226 3.898788 0.056180
v 0.056181 3.898788 0.027226
v 0.277868 5.097395 -0.048997
v 0.216326 5.097395 -0.181232
v 0.158467 3.899265 -0.214993
v 0.150374 3.898788 -0.177697
v -0.514741 4.799739 0.297185
v 0.184128 3.898788 0.152792
v -0.365353 4.912722 0.435410
v -0.382854 4.963364 0.382853
v -0.143402 5.071281 0.384649
v -0.052092 4.740378 0.595419
v 0.000000 4.200257 0.594371
v 0.151521 4.857650 -0.565487
v 0.093223 3.911471 0.343817
v 0.103211 4.799739 -0.585344
v -0.040313 3.955803 -0.459236
v 0.228822 4.963364 0.490708
v 0.284195 4.912722 0.492238
v -0.119650 5.044193 -0.445203
v -0.172789 5.007773 -0.474734
v -0.252596 4.740377 -0.541695
v -0.335791 4.142346 -0.479560
v -0.213122 5.097395 -0.185660
v 0.098700 4.087275 -0.559755
v -0.286029 3.902372 -0.112710
v 0.435411 4.087275 0.365353
v 0.413964 4.142346 0.413963
v -0.559754 4.912721 -0.098701
v 0.490709 4.036632 0.228821
v -0.539377 4.036632 0.047189
v 0.474734 3.992223 0.172788
v -0.497526 3.992223 0.087726
v 0.341438 5.088411 0.091487
v -0.338931 5.088411 0.099141
v 0.404394 5.071281 0.071304
v -0.384650 5.071281 0.143401
v 0.595420 4.740377 -0.052093
v -0.489601 4.740378 0.342822
v -0.387006 5.007773 0.324736
v 0.585343 4.200257 -0.103212
v -0.269316 3.899265 0.026825
v 0.443520 4.963364 -0.310557
v -0.130964 3.898788 0.101537
v -0.522989 4.963364 -0.140135
v -0.029801 3.898788 -0.125480
v -0.000072 3.898788 -0.162958
v -0.559754 4.087275 0.098699
v -0.213122 5.097395 0.185658
v 0.059754 3.898788 0.222884
v 0.265139 5.097395 -0.096504
v 0.162958 3.898788 0.000071
v 0.195185 3.898788 -0.031646
v -0.310556 4.963364 0.443519
v -0.284194 4.912722 0.492238
v 0.365353 4.087275 -0.435412
v -0.051024 4.857650 0.583205
v 0.228821 4.036632 -0.490710
v 0.000000 4.799739 0.594371
v 0.172789 3.992223 -0.474734
v 0.119320 3.955803 0.445310
v 0.099142 5.088410 -0.338932
v 0.140445 3.928715 0.385868
v 0.073284 5.071281 -0.403890
v 0.195200 5.044193 0.417641
v -0.052093 4.740377 -0.595420
v 0.365354 4.087275 0.435410
v 0.252600 5.007773 0.437516
v -0.103212 4.200257 -0.585343
v -0.377645 3.955803 -0.264430
v 0.143402 3.928715 -0.384650
v -0.355619 3.928715 -0.205317
v -0.237917 5.097395 -0.151949
v 0.073284 3.928715 -0.403890
v -0.565486 4.857650 -0.151522
v 0.479559 4.142346 0.335790
v -0.585343 4.799739 -0.103212
v 0.492239 4.087275 0.284194
v 0.530583 4.142346 0.247414
v 0.534111 4.087275 0.194400
v -0.445202 5.044193 0.119649
v -0.140710 3.898788 0.140710
v -0.479559 4.142346 0.335790
v 0.583206 4.857650 -0.051025
v 0.585342 4.799739 -0.103213
v -0.259924 5.097395 0.109150
v 0.417826 3.955803 -0.194836
v 0.355619 3.928715 -0.205317
v -0.194514 3.898788 -0.031106
v -0.157614 3.898788 0.056452
v 0.377645 5.044193 -0.264431
v 0.387006 5.007773 -0.324738
v -0.031238 3.898788 -0.194484
v -0.000000 3.898788 -0.230695
v 0.031105 3.898788 0.194513
v 0.058472 3.898788 0.152534
v 0.157614 3.898788 -0.056454
v 0.244353 5.097395 -0.141079
v -0.000000 5.007773 -0.505202
v 0.168974 3.898788 -0.112823
v 0.183247 3.898788 -0.086233
v -0.324737 5.007773 0.387005
v -0.326001 5.044193 0.326000
v 0.211117 3.902813 0.237500
v -0.092068 3.911586 0.345015
v 0.195200 3.955803 -0.417643
v -0.047189 4.963364 0.539376
v 0.342823 4.740377 -0.489603
v -0.112822 3.898788 0.168973
v 0.000000 4.912722 0.568388
v 0.289388 3.902601 -0.102395
v 0.140134 4.036632 0.522988
v 0.172789 3.992223 0.474733
v -0.051024 4.142346 -0.583207
v 0.157865 5.088411 0.316108
v 0.207858 5.071281 0.354113
v -0.335791 4.857650 -0.479560
v -0.322457 3.911471 -0.151681
v -0.474733 3.992223 -0.172789
v 0.455315 4.200257 0.382054
v 0.422633 4.740378 0.422632
v -0.343818 3.911471 -0.093224
v -0.403889 5.071281 -0.073285
v 0.541694 4.740377 0.252595
v -0.595420 4.740377 0.052092
v 0.558527 4.200257 0.203286
v -0.585342 4.200257 0.103211
v -0.505201 5.007773 -0.000001
v -0.323562 3.911586 0.150670
v -0.266099 3.902601 0.153052
v -0.314563 3.928715 0.263949
v 0.539377 4.963364 -0.047191
v -0.443520 4.963364 0.310555
v -0.313856 5.071281 0.264953
v 0.559754 4.912721 -0.098701
v 0.490709 4.036632 -0.228822
v 0.437517 3.992223 -0.252601
v 0.314605 5.071281 -0.263920
v -0.115928 3.898788 0.204429
v -0.027831 3.898788 0.000175
v 0.000176 3.898788 -0.027831
v -0.151522 4.142346 -0.565487
v -0.342823 4.740377 -0.489602
v 0.090819 3.899265 -0.254823
v 0.136784 3.898788 0.109074
v 0.177754 3.898788 0.086081
v -0.264664 5.044193 0.377486
v -0.252600 5.007773 0.437516
v -0.119320 3.955803 0.445310
v -0.071305 3.928715 0.404394
v -0.040313 5.044193 0.459234
v 0.252596 4.740377 -0.541695
v -0.221700 3.898788 0.068047
v 0.000000 5.007773 0.505200
v 0.203287 4.200257 -0.558528
v 0.151522 4.142346 0.565485
v 0.194401 4.087275 0.534110
v -0.047190 4.963364 -0.539378
v -0.539377 4.963364 -0.047190
v 0.382055 4.200257 0.455314
v 0.151948 5.097395 0.237915
v -0.098700 4.912721 -0.559755
v -0.443520 4.036632 -0.310557
v -0.252601 3.992223 -0.437517
v -0.534111 4.087275 0.194400
v -0.417826 3.955803 -0.194836
v -0.208188 5.088410 -0.285892
v -0.385869 3.928715 -0.140445
v -0.445202 5.044193 -0.119651
v 0.489602 4.740378 0.342822
v -0.497526 5.007773 -0.087728
v 0.514741 4.200257 0.297185
v -0.583206 4.142346 0.051023
v 0.530583 4.857650 0.247414
v 0.558527 4.799739 0.203286
v 0.459265 3.955803 0.040180
v 0.410633 3.928715 -0.000001
v -0.479559 4.857650 0.335790
v 0.459265 5.044193 -0.040182
v 0.497526 5.007773 -0.087728
v 0.530583 4.142346 -0.247416
v 0.492239 4.087275 -0.284195
v -0.195185 3.898788 0.031645
v -0.140134 4.036632 -0.522989
v -0.092899 3.898788 0.092898
v -0.027226 3.898788 -0.056181
v 0.264664 3.955803 -0.377488
v -0.000144 3.898788 -0.094134
v 0.201602 3.898788 0.107755
v -0.000000 3.928715 -0.410487
v 0.152534 3.898788 0.058471
v -0.263950 3.928715 0.314563
v -0.325990 3.955803 0.325989
v 0.194514 3.898788 0.031104
v 0.437517 3.992223 0.252600
v -0.264953 5.071281 0.313856
v -0.140134 4.036632 0.522988
v -0.087727 3.992223 0.497525
v -0.101538 3.898788 0.130963
v 0.284194 4.087275 -0.492240
v 0.247415 4.142346 -0.530584
v -0.033891 5.088411 0.351437
v 0.207858 3.928715 -0.354114
v 0.000000 5.071281 0.410485
v 0.154694 4.740378 0.577327
v 0.203287 4.200257 0.558526
v -0.051024 4.857650 -0.583207
v -0.103212 4.799739 -0.585343
v -0.195200 3.955803 -0.417643
v -0.435411 4.087275 -0.365354
v -0.413964 4.142346 -0.413965
v -0.324737 3.992223 -0.387007
v -0.207858 3.928715 -0.354114
v -0.264664 5.044193 -0.377488
v -0.490709 4.036632 -0.228822
v -0.558527 4.200257 -0.203288
v 0.455315 4.799739 0.382054
v 0.413964 4.857650 0.413963
v 0.029801 3.898788 0.125478
v 0.490709 4.963364 0.228820
v -0.539377 4.963364 0.047188
v 0.534111 4.912722 0.194399
v -0.559754 4.912722 0.098699
v -0.040313 5.044193 -0.459236
v 0.539377 4.036632 0.047189
v -0.490709 4.036632 0.228821
v 0.505201 3.992223 -0.000001
v -0.437517 3.992223 0.252600
v 0.404394 5.071281 -0.071307
v 0.541694 4.740377 -0.252597
v 0.514741 4.200257 -0.297187
v 0.253371 3.911585 -0.251688
v -0.028669 3.898788 0.130908
v -0.201602 3.898788 -0.107756
v 0.000144 3.898788 0.094133
v 0.113057 3.898788 -0.168816
v 0.101538 3.898788 -0.130964
v 0.130247 3.899071 0.230646
v -0.355526 3.911586 -0.031352
v -0.121105 3.898788 0.061072
v 0.152793 3.898788 0.184127
v -0.208188 5.088411 0.285890
v -0.207858 5.071281 0.354113
v -0.497526 5.007773 0.087726
v -0.151521 4.142346 0.565485
v -0.098700 4.087275 0.559753
v -0.157078 3.898788 -0.128900
v 0.228821 4.963364 -0.490710
v 0.204430 3.898788 -0.115929
v 0.282154 5.097395 -0.000001
v 0.000000 5.097395 0.281523
v 0.194400 4.912721 -0.534112
v 0.151522 4.857650 0.565485
v 0.047189 4.036632 -0.539378
v 0.203287 4.799739 0.558526
v -0.000000 3.992223 -0.505201
v 0.264430 3.955803 0.377644
v -0.033891 5.088410 -0.351439
v 0.382055 4.799739 0.455314
v -0.073284 5.071281 -0.403890
v -0.479559 4.142346 -0.335792
v -0.297186 4.200257 -0.514742
v -0.492239 4.087275 -0.284195
v -0.530583 4.142346 -0.247416
v 0.087727 5.007773 -0.497527
v -0.534111 4.087275 -0.194401
v 0.479559 4.857650 0.335790
v 0.514741 4.799739 0.297185
v -0.583206 4.857650 0.051023
v 0.417826 5.044193 0.194834
v 0.474734 5.007773 0.172788
v -0.417826 3.955803 0.194835
v 0.583206 4.142346 0.051023
v 0.568389 4.087275 -0.000001
v -0.377487 5.044193 0.264663
v 0.530583 4.857650 -0.247416
v 0.514741 4.799739 -0.297187
v -0.183247 3.898788 0.086232
v 0.174567 3.899071 0.209697
v -0.108792 3.899265 0.243211
v -0.113053 3.898788 -0.202032
v -0.025267 3.898788 0.061420
v -0.109151 5.097395 -0.259925
v -0.000176 3.898788 0.027830
v -0.492239 4.087275 0.284194
v 0.086221 3.898788 -0.183768
v 0.118426 3.898788 -0.203606
v 0.128899 3.898788 0.157077
v 0.157078 3.898788 0.128899
v 0.305398 3.902601 -0.052868
v 0.194400 4.087275 -0.534112
v -0.154694 4.740378 0.577327
v -0.103211 4.200257 0.585342
v 0.297186 4.200257 -0.514742
v 0.247415 4.857650 -0.530584
v 0.031352 3.911586 0.355525
v 0.203287 4.799739 -0.558528
v 0.057091 3.902487 0.300477
v 0.040313 3.955803 -0.459236
v 0.140134 4.963364 0.522987
v 0.194401 4.912722 0.534110
v -0.228822 4.036632 -0.490710
v -0.108501 3.898788 -0.079686
v 0.310556 4.036632 0.443519
v -0.087727 5.007773 -0.497527
v -0.247415 4.142346 -0.530584
v -0.455315 4.200257 -0.382055
v -0.422633 4.740377 -0.422634
v 0.310556 4.963364 -0.443521
v -0.284195 4.087275 -0.492240
v -0.079686 3.898788 -0.108502
v -0.541694 4.740377 -0.252597
v -0.073284 3.928715 -0.403890
v -0.534111 4.912721 -0.194401
v 0.435411 4.912722 0.365352
v 0.382854 4.963364 0.382853
v -0.505201 3.992223 -0.000001
v 0.103211 4.200257 -0.585343
v 0.385869 5.071281 0.140443
v -0.403889 5.071281 0.073283
v -0.459265 3.955803 0.040180
v 0.595420 4.740377 0.052091
v -0.541694 4.740377 0.252595
v 0.594372 4.200257 -0.000001
v -0.514741 4.200257 0.297185
v -0.239022 3.902813 -0.209995
v -0.577328 4.740377 -0.154695
v -0.211661 3.899071 -0.173110
v 0.490709 4.963364 -0.228823
v 0.492239 4.912721 -0.284196
v -0.404394 3.928715 0.071305
v -0.058472 3.898788 -0.152535
v -0.026826 3.899265 0.269315
v -0.000357 3.898788 0.231442
v 0.094134 3.898788 0.000143
v 0.121105 3.898788 -0.061073
v 0.130909 3.898788 -0.028670
v -0.264430 3.955803 0.377645
v -0.205316 3.928715 0.355618
v -0.151521 4.857650 0.565485
v 0.365353 4.912721 -0.435412
v -0.103211 4.799739 0.585342
v 0.040181 3.955803 0.459264
v 0.071306 3.928715 0.404394
v 0.143402 5.071281 -0.384651
v 0.119650 5.044193 0.445201
v 0.052092 4.740377 -0.595421
v 0.172789 5.007773 0.474732
v -0.000000 4.200257 -0.594373
v 0.335791 4.142346 0.479558
v -0.100581 3.911585 -0.342071
v 0.365354 4.912722 0.435410
v -0.489602 4.740377 -0.342823
v -0.178446 3.898788 0.149339
v -0.284195 4.912721 -0.492240
v -0.514741 4.200257 -0.297186
v -0.530583 4.857650 -0.247416
v -0.558527 4.799739 -0.203288
v -0.459265 3.955803 -0.040181
v 0.443520 4.963364 0.310555
v -0.410633 3.928715 -0.000001
v 0.492239 4.912722 0.284193
v -0.459235 5.044193 0.040312
v -0.168974 3.898788 0.112822
v -0.474733 5.007773 0.172788
v -0.530583 4.142346 0.247414
v 0.583206 4.857650 0.051023
v 0.594372 4.799739 -0.000001
v 0.445310 3.955803 -0.119321
v 0.231442 3.898788 -0.000358
v 0.385869 3.928715 -0.140445
v 0.417826 5.044193 -0.194836
v 0.437517 5.007773 -0.252602
v -0.086499 3.898788 -0.177788
v -0.061820 3.898788 -0.222521
v -0.031646 3.898788 0.195184
v 0.000072 3.898788 0.162957
v 0.083722 3.898788 -0.055590
v 0.092899 3.898788 -0.092900
v -0.324737 3.992223 0.387006
v -0.382854 4.036632 0.382854
v -0.252600 3.992223 0.437516
v 0.149649 3.899071 0.219301
v 0.161144 3.902372 0.262639
v 0.335791 4.142346 -0.479560
v -0.140134 4.963364 0.522987
v -0.098700 4.912722 0.559753
v 0.297186 4.799739 -0.514742
v 0.195200 5.044193 -0.417643
v 0.047190 4.036632 0.539376
v 0.087727 3.992223 0.497525
v 0.051024 4.142346 -0.583207
v 0.143402 5.071281 0.384649
v 0.342823 4.740378 0.489600
v -0.247415 4.857650 -0.530584
v -0.455315 4.799739 -0.382056
v -0.413964 4.857650 -0.413965
v -0.297186 4.799739 -0.514742
v -0.326032 3.955803 -0.325960
v -0.490709 4.963364 -0.228822
v -0.316109 5.088411 -0.157866
v -0.384650 5.071281 -0.143403
v 0.387007 5.007773 0.324736
v 0.326032 5.044193 0.325958
v -0.594372 4.200257 -0.000001
v 0.343818 3.911471 0.093222
v -0.345015 3.911586 0.092068
v -0.289388 3.902601 0.102394
v 0.539377 4.963364 0.047188
v -0.490709 4.963364 0.228821
v 0.130964 3.898788 -0.101539
v -0.435411 4.087275 0.365353
v 0.568389 4.912722 -0.000001
v -0.492239 4.912722 0.284194
v 0.522988 4.036632 -0.140135
v 0.474733 3.992223 -0.172790
v -0.197504 3.902601 0.235153
v 0.355619 5.071281 -0.205318
v -0.310556 4.036632 -0.443520
v 0.422633 4.740377 -0.422634
v -0.094134 3.898788 -0.000144
v -0.059808 3.898788 -0.059808
v -0.056181 3.898788 -0.027227
v 0.032212 3.899265 -0.263582
v 0.064772 3.902601 -0.299548
v 0.079686 3.898788 0.108500
v 0.108501 3.898788 0.079685
v -0.310556 4.036632 0.443519
v 0.264664 5.044193 -0.377488
v -0.149339 3.898788 0.178445
v -0.194835 3.955803 0.417825
v -0.231442 3.898788 0.000356
v -0.140445 3.928715 0.385868
v -0.119650 5.044193 0.445201
v -0.087727 5.007773 0.497525
v 0.051024 4.142346 0.583205
v -0.595420 4.740377 -0.052093
v 0.098700 4.087275 0.559753
v 0.047189 4.963364 -0.539378
v -0.000000 4.912721 -0.568390
v -0.385869 3.928715 0.140444
v 0.335791 4.857650 0.479558
v 0.324737 5.007773 0.387005
v -0.172789 3.992223 -0.474734
v -0.479559 4.857650 -0.335792
v -0.207858 5.071281 -0.354115
v -0.514741 4.799739 -0.297187
v -0.417642 5.044193 -0.195201
v -0.474733 5.007773 -0.172790
v -0.583206 4.142346 -0.051025
v 0.377645 5.044193 0.264429
v -0.098700 4.087275 -0.559754
v -0.568389 4.087275 -0.000001
v 0.437517 5.007773 0.252599
v 0.445310 3.955803 0.119320
v 0.404395 3.928715 0.071305
v -0.530583 4.857650 0.247414
v 0.459265 5.044193 0.040179
v 0.505201 5.007773 -0.000001
v 0.565486 4.142346 -0.151522
v 0.534111 4.087275 -0.194401
v -0.188723 3.899265 0.188722
v -0.087794 3.898788 -0.057921
v -0.057920 3.898788 -0.087794
v 0.087794 3.898788 0.057920
v 0.125479 3.898788 0.029801
v 0.178488 3.898788 -0.149309
v -0.365353 4.087275 0.435410
v -0.413964 4.142346 0.413963
v -0.130909 3.898788 0.028669
v -0.228821 4.036632 0.490708
v -0.172789 3.992223 0.474733
v -0.437517 5.007773 0.252599
v -0.099142 5.088411 0.338930
v -0.073284 5.071281 0.403888
v 0.284194 4.912721 -0.492240
v 0.052093 4.740378 0.595419
v 0.103212 4.200257 0.585342
v 0.051024 4.857650 -0.583207
v -0.000000 4.799739 -0.594373
v -0.119650 3.955803 -0.445203
v 0.310556 4.963364 0.443519
v -0.143402 3.928715 -0.384650
v -0.195200 5.044193 -0.417643
v -0.435411 4.912721 -0.365354
v -0.382854 4.963364 -0.382855
v -0.252601 5.007773 -0.437518
v 0.254191 3.911833 0.254190
v -0.326001 5.044193 -0.326002
v 0.352137 5.088411 0.030807
v 0.326032 3.955803 -0.325960
v -0.230647 3.899071 -0.130247
v -0.122495 3.902601 -0.280988
v 0.382854 4.963364 -0.382855
v -0.259924 5.097395 -0.109152
v -0.338931 5.088411 -0.099143
v 0.216326 5.097395 0.181230
v 0.082620 3.899071 0.247623
v 0.264985 3.928715 -0.313815
v 0.264985 5.071281 -0.313816
v 0.250933 5.088411 -0.249226
v 0.033891 5.088410 -0.351439
v -0.215615 3.902813 -0.234160
v 0.237501 3.902814 0.211116
v -0.250207 5.088411 -0.250208
v 0.289556 5.088411 0.202748
v -0.220030 3.899071 -0.149186
v -0.000000 3.902601 -0.306186
v -0.031191 3.911586 0.355730
v 0.000161 3.902601 0.306976
v -0.159985 3.911585 -0.318859
v -0.000000 5.097395 -0.281526
v -0.151948 5.097395 -0.237918
v 0.355730 3.911586 -0.031192
v -0.247624 3.899071 -0.082620
v 0.387006 3.992223 -0.324738
v 0.265139 5.097395 0.096501
v 0.163491 3.902601 -0.260158
v 0.247624 3.899071 0.082619
v 0.210127 3.911585 -0.288755
v 0.185793 5.097395 -0.212940
v -0.351438 5.088411 -0.033892
v -0.240826 3.899071 -0.107864
v 0.435411 4.087275 -0.365354
v -0.275705 5.097395 0.057456
v 0.277868 5.097395 0.048994
v 0.107864 3.899071 0.240826
v 0.112709 3.902373 0.286028
v 0.201643 3.902601 -0.232159
v -0.255306 3.911833 -0.253368
v -0.314606 3.928715 -0.263919
v -0.313857 5.071281 -0.264955
v -0.382055 4.799739 -0.455316
v -0.355730 3.911586 0.031190
v -0.305398 3.902601 0.052866
v 0.341438 5.088411 -0.091489
v -0.264272 3.899265 -0.029158
v -0.306977 3.902601 -0.000162
v 0.108841 5.100732 -0.142222
v 0.055101 5.100732 -0.169689
v -0.019124 5.100731 -0.177138
v -0.108806 5.100731 -0.142250
v -0.126735 5.100731 -0.126743
v -0.142242 5.100731 -0.108814
v -0.157073 5.100731 -0.085336
v -0.169681 5.100731 0.055093
v -0.157073 5.100731 0.085334
v -0.108806 5.100731 0.142248
v -0.055087 5.100731 0.169687
v -0.019124 5.100731 0.177136
v 0.019138 5.100731 0.177136
v 0.085342 5.100731 0.157078
v 0.108841 5.100731 0.142220
v 0.127736 5.100731 0.125391
v 0.172644 5.100731 0.046257
v 0.219301 3.899071 0.149648
v 0.209698 3.899071 0.174566
v 0.120080 3.902601 -0.285504
v 0.057457 5.097395 0.275704
v -0.099143 5.088410 -0.338932
v -0.365353 4.912721 -0.435412
v -0.060159 3.899265 0.263812
v -0.052867 3.902601 0.305397
v -0.237917 5.097395 0.151947
v 0.240826 3.899071 0.107863
v 0.230647 3.899071 0.130246
v -0.157865 5.088411 0.316108
v -0.291725 3.911471 -0.205801
v -0.262758 3.902372 -0.161057
v -0.365353 4.087275 -0.435412
v -0.032212 3.899265 -0.263582
v 0.323562 3.911585 -0.150671
v 0.266099 3.902601 -0.153054
v 0.435411 4.912721 -0.365355
v 0.151948 5.097395 -0.237918
v 0.029158 3.899265 0.264271
v 0.413964 4.142346 -0.413965
v -0.109151 5.097395 0.259923
v -0.169761 3.902487 -0.255433
v -0.211103 3.899354 -0.203085
v 0.109151 5.097395 -0.259925
v -0.185659 5.097395 0.213121
v 0.206554 3.899354 0.206553
v -0.387007 3.992223 -0.324737
v -0.382854 4.036632 -0.382855
v -0.185659 5.097395 -0.213123
v 0.355526 3.911586 0.031351
v 0.289556 5.088411 -0.202751
v 0.057457 5.097395 -0.275706
v -0.151948 5.097395 0.237916
v 0.382055 4.200257 -0.455316
v 0.034406 3.911585 -0.354836
v -0.263812 3.899265 0.060158
v -0.252402 3.911586 0.252402
v -0.250207 5.088411 0.250206
v 0.205887 3.911471 0.291606
v -0.324737 5.007773 -0.387007
v -0.157865 5.088410 -0.316110
v 0.352137 5.088411 -0.030809
v -0.285891 5.088411 0.208187
v -0.091537 3.899265 -0.249562
v -0.057457 5.097395 -0.275706
v 0.382055 4.799739 -0.455316
v 0.413964 4.857650 -0.413965
v -0.243212 3.899265 0.108791
v -0.102394 3.902601 0.289387
v 0.122196 3.899265 -0.241878
v -0.204739 3.911586 0.292387
v -0.382055 4.200257 -0.455316
v 0.320364 5.088411 0.149387
v -0.351438 5.088411 0.033890
v 0.345015 3.911586 -0.092069
v -0.235154 3.902601 0.197503
v 0.157865 5.088410 -0.316110
v -0.218626 3.899265 0.153077
v 0.109151 5.097395 0.259923
v 0.300478 3.902487 0.057090
v -0.150670 3.911586 0.323561
v 0.099143 5.088411 0.338930
v -0.179862 3.899071 -0.202336
v 0.320364 5.088410 -0.149389
v 0.218626 3.899265 -0.153079
v 0.324737 5.007773 -0.387008
v 0.100495 3.911585 -0.342293
v 0.189692 3.899265 -0.188008
v 0.151681 3.911471 0.322456
v 0.577328 4.259619 -0.154695
v 0.577786 4.379754 -0.154818
v 0.577786 4.499998 -0.154818
v 0.577786 4.620242 -0.154818
v -0.422633 4.259619 0.422632
v -0.422968 4.379754 0.422967
v -0.422968 4.499998 0.422967
v -0.422968 4.620242 0.422967
v -0.252596 4.259619 0.541693
v -0.252796 4.379754 0.542123
v -0.252796 4.499998 0.542123
v -0.252796 4.620242 0.542123
v 0.577328 4.259619 0.154693
v 0.577786 4.379754 0.154816
v 0.577786 4.499998 0.154816
v 0.577786 4.620242 0.154816
v -0.577328 4.259619 0.154694
v -0.577786 4.379754 0.154816
v -0.577786 4.499998 0.154816
v -0.577786 4.620242 0.154816
v -0.342823 4.259619 0.489601
v -0.343095 4.379754 0.489989
v -0.343095 4.499998 0.489989
v -0.343095 4.620242 0.489989
v 0.154694 4.259618 -0.577329
v 0.154817 4.379754 -0.577787
v 0.154817 4.499998 -0.577787
v 0.154817 4.620242 -0.577787
v -0.154694 4.259618 -0.577329
v -0.154817 4.379754 -0.577787
v -0.154817 4.499998 -0.577787
v -0.154817 4.620242 -0.577787
v 0.252596 4.259619 0.541693
v 0.252797 4.379754 0.542123
v 0.252797 4.499998 0.542123
v 0.252797 4.620242 0.542123
v 0.489601 4.259619 -0.342824
v 0.489990 4.379754 -0.343096
v 0.489990 4.499998 -0.343096
v 0.489990 4.620242 -0.343096
v -0.052092 4.259619 0.595419
v -0.052134 4.379754 0.595891
v -0.052134 4.499998 0.595891
v -0.052134 4.620242 0.595891
v -0.252596 4.259618 -0.541695
v -0.252796 4.379754 -0.542125
v -0.252796 4.499998 -0.542125
v -0.252796 4.620242 -0.542125
v 0.595420 4.259619 -0.052093
v 0.595892 4.379754 -0.052135
v 0.595892 4.499998 -0.052135
v 0.595892 4.620242 -0.052135
v -0.489601 4.259619 0.342822
v -0.489990 4.379754 0.343094
v -0.489990 4.499998 0.343094
v -0.489990 4.620242 0.343094
v -0.052093 4.259618 -0.595420
v -0.052134 4.379754 -0.595893
v -0.052134 4.499998 -0.595893
v -0.052134 4.620242 -0.595893
v 0.342823 4.259618 -0.489602
v 0.343095 4.379754 -0.489991
v 0.343095 4.499998 -0.489991
v 0.343095 4.620242 -0.489991
v 0.422633 4.259619 0.422632
v 0.422968 4.379754 0.422967
v 0.422968 4.499998 0.422967
v 0.422968 4.620242 0.422967
v 0.541694 4.259619 0.252595
v 0.542124 4.379754 0.252795
v 0.542124 4.499998 0.252795
v 0.542124 4.620242 0.252795
v -0.595419 4.259619 0.052092
v -0.595892 4.379754 0.052133
v -0.595892 4.499998 0.052133
v -0.595892 4.620242 0.052133
v -0.342823 4.259619 -0.489602
v -0.343095 4.379754 -0.489991
v -0.343095 4.499998 -0.489991
v -0.343095 4.620242 -0.489991
v 0.252596 4.259618 -0.541695
v 0.252796 4.379754 -0.542125
v 0.252796 4.499998 -0.542125
v 0.252796 4.620242 -0.542125
v 0.489602 4.259619 0.342822
v 0.489990 4.379754 0.343094
v 0.489990 4.499998 0.343094
v 0.489990 4.620242 0.343094
v 0.154694 4.259619 0.577327
v 0.154817 4.379754 0.577785
v 0.154817 4.499998 0.577785
v 0.154817 4.620242 0.577785
v 0.541694 4.259619 -0.252597
v 0.542124 4.379754 -0.252797
v 0.542124 4.499998 -0.252797
v 0.542124 4.620242 -0.252797
v -0.154694 4.259619 0.577327
v -0.154817 4.379754 0.577785
v -0.154817 4.499998 0.577785
v -0.154817 4.620242 0.577785
v -0.422633 4.259619 -0.422634
v -0.422968 4.379754 -0.422969
v -0.422968 4.499998 -0.422969
v -0.422968 4.620242 -0.422969
v -0.541694 4.259619 -0.252597
v -0.542124 4.379754 -0.252797
v -0.542124 4.499998 -0.252797
v -0.542124 4.620242 -0.252797
v 0.595420 4.259619 0.052091
v 0.595892 4.379754 0.052133
v 0.595892 4.499998 0.052133
v 0.595892 4.620242 0.052133
v -0.541694 4.259619 0.252595
v -0.542124 4.379754 0.252796
v -0.542124 4.499998 0.252796
v -0.542124 4.620242 0.252796
v -0.577328 4.259619 -0.154695
v -0.577786 4.379754 -0.154818
v -0.577786 4.499998 -0.154818
v -0.577786 4.620242 -0.154818
v 0.052092 4.259618 -0.595420
v 0.052134 4.379754 -0.595893
v 0.052134 4.499998 -0.595893
v 0.052134 4.620242 -0.595893
v -0.489602 4.259619 -0.342823
v -0.489990 4.379754 -0.343095
v -0.489990 4.499998 -0.343096
v -0.489990 4.620242 -0.343096
v 0.342823 4.259619 0.489601
v 0.343095 4.379754 0.489989
v 0.343095 4.499998 0.489989
v 0.343095 4.620242 0.489989
v 0.422633 4.259619 -0.422634
v 0.422968 4.379754 -0.422969
v 0.422968 4.499998 -0.422969
v 0.422968 4.620242 -0.422969
v -0.595420 4.259619 -0.052093
v -0.595892 4.379754 -0.052134
v -0.595892 4.499998 -0.052134
v -0.595892 4.620242 -0.052135
v 0.052093 4.259619 0.595419
v 0.052134 4.379754 0.595891
v 0.052134 4.499998 0.595891
v 0.052134 4.620242 0.595891
v 0.589079 4.319632 0.103869
v 0.589079 4.439876 0.103869
v 0.589079 4.560120 0.103869
v 0.589079 4.680364 0.103869
v 0.299083 4.319632 -0.518028
v 0.299083 4.439876 -0.518028
v 0.299083 4.560120 -0.518028
v 0.299083 4.680364 -0.518028
v 0.103870 4.319632 -0.589080
v 0.103870 4.439876 -0.589080
v 0.103870 4.560120 -0.589080
v 0.103870 4.680364 -0.589080
v -0.589079 4.319632 -0.103871
v -0.589079 4.439876 -0.103871
v -0.589079 4.560120 -0.103871
v -0.589079 4.680364 -0.103871
v -0.103870 4.319632 0.589078
v -0.103870 4.439876 0.589078
v -0.103870 4.560120 0.589078
v -0.103870 4.680364 0.589078
v 0.000000 4.319632 0.598166
v 0.000000 4.439876 0.598166
v 0.000000 4.560120 0.598166
v 0.000000 4.680364 0.598166
v -0.384494 4.319632 -0.458222
v -0.384494 4.439876 -0.458222
v -0.384494 4.560120 -0.458222
v -0.384494 4.680364 -0.458223
v 0.562093 4.319632 0.204584
v 0.562093 4.439876 0.204584
v 0.562093 4.560120 0.204584
v 0.562093 4.680364 0.204584
v -0.518027 4.319632 0.299082
v -0.518027 4.439876 0.299082
v -0.518027 4.560120 0.299082
v -0.518027 4.680364 0.299082
v 0.518027 4.319632 -0.299084
v 0.518027 4.439876 -0.299084
v 0.518027 4.560120 -0.299084
v 0.518027 4.680364 -0.299084
v 0.518027 4.319632 0.299082
v 0.518027 4.439876 0.299082
v 0.518027 4.560120 0.299082
v 0.518027 4.680364 0.299082
v -0.204585 4.319632 0.562092
v -0.204585 4.439876 0.562092
v -0.204585 4.560120 0.562092
v -0.204585 4.680364 0.562092
v -0.299083 4.319632 0.518026
v -0.299083 4.439876 0.518026
v -0.299083 4.560120 0.518026
v -0.299083 4.680364 0.518026
v -0.458222 4.319632 0.384493
v -0.458222 4.439876 0.384493
v -0.458222 4.560120 0.384493
v -0.458222 4.680364 0.384493
v 0.458222 4.319632 0.384493
v 0.458222 4.439876 0.384493
v 0.458222 4.560120 0.384493
v 0.458222 4.680364 0.384493
v 0.589079 4.319632 -0.103871
v 0.589079 4.439876 -0.103871
v 0.589079 4.560120 -0.103871
v 0.589079 4.680364 -0.103871
v 0.384494 4.319632 0.458221
v 0.384494 4.439876 0.458221
v 0.384494 4.560120 0.458221
v 0.384494 4.680364 0.458221
v 0.204585 4.319632 0.562092
v 0.204585 4.439876 0.562092
v 0.204585 4.560120 0.562092
v 0.204585 4.680364 0.562092
v 0.103871 4.319632 0.589078
v 0.103871 4.439876 0.589078
v 0.103871 4.560120 0.589078
v 0.103871 4.680364 0.589078
v 0.299083 4.319632 0.518026
v 0.299083 4.439876 0.518026
v 0.299083 4.560120 0.518026
v 0.299083 4.680364 0.518026
v 0.562092 4.319632 -0.204586
v 0.562092 4.439876 -0.204586
v 0.562092 4.560120 -0.204586
v 0.562092 4.680364 -0.204586
v -0.204585 4.319632 -0.562093
v -0.204585 4.439876 -0.562093
v -0.204585 4.560120 -0.562093
v -0.204585 4.680364 -0.562093
v 0.458222 4.319632 -0.384495
v 0.458222 4.439876 -0.384495
v 0.458222 4.560120 -0.384495
v 0.458222 4.680364 -0.384495
v -0.000000 4.319632 -0.598168
v -0.000000 4.439876 -0.598168
v -0.000000 4.560120 -0.598168
v -0.000000 4.680364 -0.598168
v -0.103871 4.319632 -0.589080
v -0.103871 4.439876 -0.589080
v -0.103871 4.560120 -0.589080
v -0.103871 4.680364 -0.589080
v -0.458222 4.319632 -0.384494
v -0.458222 4.439876 -0.384494
v -0.458222 4.560120 -0.384494
v -0.458222 4.680364 -0.384494
v -0.384494 4.319632 0.458221
v -0.384494 4.439876 0.458221
v -0.384494 4.560120 0.458221
v -0.384494 4.680364 0.458221
v 0.598167 4.319632 -0.000001
v 0.598167 4.439876 -0.000001
v 0.598167 4.560120 -0.000001
v 0.598167 4.680364 -0.000001
v -0.299083 4.319632 -0.518028
v -0.299083 4.439876 -0.518028
v -0.299083 4.560120 -0.518028
v -0.299083 4.680364 -0.518028
v -0.589079 4.319632 0.103870
v -0.589079 4.439876 0.103870
v -0.589079 4.560120 0.103870
v -0.589079 4.680364 0.103870
v 0.384494 4.319632 -0.458223
v 0.384494 4.439876 -0.458223
v 0.384494 4.560120 -0.458223
v 0.384493 4.680364 -0.458223
v -0.598167 4.319632 -0.000001
v -0.598167 4.439876 -0.000001
v -0.598167 4.560120 -0.000001
v -0.598167 4.680364 -0.000001
v 0.204585 4.319632 -0.562093
v 0.204585 4.439876 -0.562093
v 0.204585 4.560120 -0.562093
v 0.204585 4.680364 -0.562093
v -0.562092 4.319632 0.204584
v -0.562092 4.439876 0.204584
v -0.562092 4.560120 0.204584
v -0.562092 4.680364 0.204584
v -0.518027 4.319632 -0.299084
v -0.518027 4.439876 -0.299084
v -0.518027 4.560120 -0.299084
v -0.518027 4.680364 -0.299084
v -0.562093 4.319632 -0.204585
v -0.562093 4.439876 -0.204585
v -0.562093 4.560120 -0.204585
v -0.562093 4.680364 -0.204585
v 0.273548 3.911585 -0.229367
v 0.296466 5.044193 -0.353068
v -0.348029 4.036632 0.414764
v -0.448467 4.142346 -0.376309
v -0.561647 4.740377 -0.204423
v -0.448467 4.857650 -0.376310
v 0.348028 4.963364 -0.414765
v 0.353166 5.044193 -0.296334
v -0.273427 3.911586 0.229455
v -0.309145 3.911586 0.178412
v -0.399254 3.955803 -0.230510
v -0.468898 4.036632 0.270718
v -0.506999 4.142346 -0.292717
v -0.517616 4.740377 -0.298847
v 0.506999 4.142346 -0.292717
v -0.468898 4.036632 -0.270719
v -0.399066 5.044193 0.230826
v 0.271173 5.088411 0.227347
v -0.335524 3.911586 0.121753
v 0.433215 3.955803 -0.157678
v -0.508784 4.036632 -0.185183
v 0.550127 4.857650 -0.200231
v -0.561647 4.740377 0.204422
v -0.550127 4.857650 0.200229
v 0.508784 4.036632 -0.185183
v -0.158047 5.044193 0.433062
v 0.335524 3.911585 -0.121755
v -0.061926 3.911586 0.351896
v -0.454014 3.955803 -0.080055
v -0.533211 4.036632 0.094019
v -0.576539 4.142346 -0.101660
v 0.204422 4.740377 -0.561648
v 0.576539 4.142346 0.101658
v 0.468898 4.963364 -0.270719
v 0.080055 3.955803 0.454013
v -0.351191 3.911557 -0.062484
v 0.306427 5.088411 -0.176917
v 0.000000 3.955803 0.461017
v -0.541436 4.036632 -0.000001
v 0.585433 4.857650 -0.000001
v -0.597692 4.740377 -0.000001
v -0.585433 4.142346 -0.000001
v 0.000000 4.963364 0.541435
v -0.461000 5.044193 -0.000001
v 0.356934 3.911586 0.000019
v 0.062483 3.911557 0.351190
v 0.454014 3.955803 0.080054
v -0.094019 4.963364 0.533210
v -0.576539 4.142346 0.101659
v 0.384189 4.740377 -0.457859
v -0.448467 4.142346 0.376308
v 0.094019 4.963364 -0.533212
v -0.080302 5.044193 -0.453952
v 0.000020 3.911586 0.356933
v 0.334948 3.911528 0.122989
v -0.433215 3.955803 -0.157678
v -0.508784 4.036632 0.185182
v -0.550127 4.142346 -0.200230
v -0.000000 3.899265 -0.265473
v 0.550127 4.857650 0.200229
v 0.541436 4.036632 -0.000001
v 0.158047 5.044193 0.433062
v -0.121754 3.911586 0.335523
v 0.306427 5.088411 0.176914
v -0.399254 3.955803 0.230508
v -0.270718 4.036632 0.468897
v -0.506999 4.857650 -0.292717
v -0.588612 4.740377 0.103787
v -0.506999 4.857650 0.292715
v 0.270718 4.963364 0.468896
v 0.399254 3.955803 0.230508
v -0.308615 3.911528 -0.179376
v 0.271173 5.088411 -0.227349
v -0.353166 3.955803 -0.296334
v -0.414764 4.963364 0.348028
v 0.448467 4.857650 -0.376310
v -0.298846 4.740377 -0.517617
v -0.448467 4.857650 0.376308
v -0.348029 4.963364 -0.414765
v 0.353166 3.955803 -0.296334
v 0.231083 3.911619 0.273781
v 0.135422 5.100492 -0.153728
v 0.111928 5.100492 -0.171327
v 0.081213 5.100492 -0.187448
v 0.043050 5.100492 -0.199370
v 0.000003 5.100492 -0.203833
v -0.043045 5.100492 -0.199370
v -0.081208 5.100492 -0.187448
v -0.111922 5.100492 -0.171327
v -0.135256 5.100492 -0.153946
v -0.153943 5.100492 -0.135259
v -0.171323 5.100492 -0.111926
v -0.187444 5.100493 -0.081212
v -0.199366 5.100493 -0.043049
v -0.203829 5.100493 -0.000001
v -0.199366 5.100493 0.043047
v -0.187444 5.100493 0.081210
v -0.171323 5.100493 0.111924
v -0.153943 5.100493 0.135257
v -0.135256 5.100493 0.153944
v -0.111922 5.100493 0.171325
v -0.081208 5.100493 0.187446
v -0.043045 5.100493 0.199368
v 0.000003 5.100493 0.203831
v 0.043050 5.100493 0.199368
v 0.081213 5.100493 0.187446
v 0.111928 5.100493 0.171325
v 0.135422 5.100493 0.153726
v 0.156830 5.100493 0.131248
v 0.177051 5.100493 0.102218
v 0.192112 5.100493 0.069921
v 0.201335 5.100493 0.035499
v 0.204441 5.100493 -0.000001
v 0.201335 5.100493 -0.035501
v 0.192112 5.100493 -0.069923
v 0.177051 5.100493 -0.102220
v 0.156830 5.100493 -0.131250
v 0.000233 3.899265 0.266453
v -0.158047 5.044193 -0.433064
v -0.348029 4.036632 -0.414765
v 0.376309 4.142346 -0.448468
v 0.597692 4.740377 -0.000001
v -0.376309 4.142346 0.448466
v -0.508784 4.963364 -0.185183
v 0.296466 5.044193 0.353066
v -0.234122 3.911619 -0.271563
v 0.179392 3.911528 0.308592
v -0.230827 3.955803 -0.399066
v 0.270718 4.036632 -0.468898
v -0.506999 4.142346 0.292716
v -0.384189 4.740377 0.457857
v 0.292716 4.142346 0.506998
v 0.270718 4.963364 -0.468899
v -0.230827 5.044193 -0.399067
v -0.186570 3.911557 -0.304165
v 0.351897 3.911586 -0.061927
v 0.157678 3.955803 0.433215
v 0.508784 4.036632 0.185181
v 0.200230 4.857650 -0.550128
v -0.457858 4.740377 -0.384190
v -0.200230 4.857650 -0.550128
v 0.185182 4.963364 -0.508785
v -0.433063 5.044193 0.158046
v 0.129623 5.088410 -0.328946
v 0.348455 5.088411 -0.061443
v -0.454014 3.955803 0.080054
v 0.533211 4.036632 0.094019
v 0.101659 4.142346 -0.576539
v -0.103788 4.740377 -0.588613
v 0.101659 4.142346 0.576538
v 0.094020 4.963364 0.533210
v 0.080302 5.044193 -0.453952
v 0.067199 5.088411 0.346984
v -0.356934 3.911586 -0.000021
v -0.000000 5.044193 -0.461001
v -0.000000 4.963364 -0.541437
v -0.000000 4.142346 -0.585433
v -0.000000 4.740377 -0.597693
v -0.000000 4.857650 -0.585434
v -0.541436 4.963364 -0.000001
v -0.000000 3.955803 -0.461000
v -0.000000 3.911585 -0.356487
v -0.351897 3.911586 0.061925
v -0.080302 3.955803 -0.453952
v -0.094019 4.036632 0.533210
v 0.101659 4.857650 -0.576540
v 0.457858 4.740377 -0.384190
v -0.576539 4.857650 -0.101660
v -0.533211 4.963364 -0.094020
v -0.353072 5.044193 -0.296463
v 0.067198 5.088410 -0.346986
v 0.332493 5.088411 0.121016
v -0.433215 3.955803 0.157677
v -0.185182 4.036632 -0.508784
v 0.200230 4.142346 -0.550127
v -0.204423 4.740377 -0.561648
v -0.550127 4.142346 0.200229
v 0.508784 4.963364 -0.185183
v -0.433063 5.044193 -0.158048
v -0.129623 5.088410 -0.328946
v 0.308592 3.911528 0.179391
v 0.230827 3.955803 -0.399066
v -0.468898 4.963364 -0.270719
v 0.506999 4.857650 -0.292717
v 0.561647 4.740377 -0.204424
v -0.292716 4.857650 -0.507000
v -0.468898 4.963364 0.270717
v 0.399254 5.044193 -0.230510
v 0.185754 3.911585 -0.304828
v -0.274066 3.911619 -0.230874
v -0.296466 3.955803 -0.353068
v -0.414764 4.036632 -0.348029
v -0.376309 4.142346 -0.448468
v 0.298846 4.740377 0.517615
v -0.376309 4.857650 -0.448468
v -0.414764 4.963364 -0.348030
v 0.296337 3.955803 0.353160
v -0.268994 5.088411 0.230358
v -0.229456 3.911586 0.273426
v -0.353161 3.955803 0.296336
v -0.414764 4.036632 0.348028
v 0.376309 4.857650 -0.448468
v 0.103788 4.740378 0.588611
v 0.448467 4.142346 0.376308
v 0.414764 4.963364 0.348027
v -0.353072 5.044193 0.296461
v 0.230449 5.088411 0.268870
v -0.178412 3.911586 0.309144
v 0.399254 3.955803 -0.230510
v 0.468898 4.036632 0.270717
v 0.000000 4.142346 0.585432
v 0.204423 4.740378 0.561646
v 0.506999 4.142346 0.292715
v -0.270718 4.963364 0.468897
v 0.230827 5.044193 0.399064
v -0.131291 3.911585 -0.331578
v 0.122990 3.911528 0.334947
v 0.174755 3.899265 -0.202098
v 0.185182 4.036632 -0.508785
v 0.550127 4.142346 0.200229
v 0.384189 4.740377 0.457857
v -0.000000 5.088410 -0.353404
v 0.508784 4.963364 0.185181
v 0.433215 5.044193 0.157676
v 0.077118 3.898788 -0.106954
v 0.351191 3.911557 0.062482
v -0.080302 5.044193 0.453950
v 0.533211 4.036632 -0.094020
v -0.576539 4.857650 0.101658
v 0.588612 4.740377 -0.103789
v 0.576539 4.142346 -0.101660
v -0.533211 4.963364 0.094018
v 0.454014 5.044193 0.080054
v -0.268994 5.088411 -0.230360
v 0.353831 5.088411 -0.000001
v 0.000000 5.044193 0.460999
v -0.000000 4.036632 -0.541437
v -0.585433 4.857650 -0.000001
v 0.457858 4.740377 0.384188
v -0.101659 4.857650 0.576538
v -0.094020 4.036632 -0.533211
v 0.461018 3.955803 -0.000001
v 0.000000 5.088411 0.353402
v 0.348455 5.088411 0.061441
v 0.454014 3.955803 -0.080056
v -0.533211 4.036632 -0.094020
v 0.576539 4.857650 0.101658
v -0.457858 4.740377 0.384188
v 0.576539 4.857650 -0.101660
v -0.094020 4.963364 -0.533212
v 0.454014 5.044193 -0.080056
v 0.068113 3.911585 -0.349966
v 0.332493 5.088410 -0.121018
v 0.433215 3.955803 0.157677
v 0.185182 4.036632 0.508783
v 0.550126 4.142346 -0.200231
v -0.298846 4.740377 0.517615
v -0.550127 4.857650 -0.200231
v -0.185182 4.963364 -0.508785
v 0.158047 5.044193 -0.433064
v -0.129623 5.088411 0.328944
v 0.309145 3.911585 -0.178413
v 0.230509 3.955803 0.399253
v 0.468897 4.036632 -0.270719
v 0.506999 4.857650 0.292715
v -0.204422 4.740378 0.561646
v 0.292716 4.142346 -0.507000
v -0.270718 4.963364 -0.468899
v 0.230827 5.044193 -0.399067
v -0.302047 5.088411 -0.184312
v 0.273782 3.911619 0.231082
v 0.353161 3.955803 0.296336
v 0.414764 4.036632 -0.348029
v 0.448467 4.142346 -0.376310
v 0.517616 4.740377 0.298845
v 0.448467 4.857650 0.376308
v 0.414764 4.963364 -0.348030
v 0.353166 5.044193 0.296332
v 0.230449 5.088411 -0.268872
v -0.217927 3.900106 -0.211272
v -0.199590 3.898941 -0.192169
v -0.229624 3.899417 -0.157703
v -0.210408 3.898864 -0.143238
v -0.251726 3.899417 -0.115128
v -0.230945 3.898864 -0.100798
v 0.258999 3.899236 0.057229
v 0.266454 3.899265 0.000232
v -0.276330 3.899503 0.046093
v -0.083454 3.899265 0.253140
v 0.348028 4.036632 -0.414765
v -0.171780 3.899265 0.204250
v -0.000179 3.898788 -0.059595
v -0.165555 3.898788 -0.164287
v -0.148404 3.898788 -0.148007
v 0.107960 3.898788 0.167292
v -0.253140 3.899265 0.083454
v 0.196975 3.898788 -0.000101
v 0.188805 3.898788 -0.060791
v -0.184007 3.898788 0.104775
v 0.154414 3.898788 -0.126213
v -0.068124 3.911585 -0.349938
v 0.231848 3.899265 -0.132220
v 0.167293 3.898788 0.107960
v -0.167293 3.898788 -0.107961
v -0.117182 3.898788 -0.117182
v -0.099795 3.898788 -0.099796
v 0.118407 3.898788 0.055725
v 0.292716 4.857650 0.506998
v -0.135133 3.898788 0.049508
v -0.063056 3.899265 -0.258046
v 0.106953 3.898788 -0.077119
v -0.104776 3.898788 0.184006
v 0.253140 3.899265 -0.083455
v 0.062998 3.899265 -0.258631
v -0.187741 3.898788 -0.060128
v 0.057230 3.899236 0.258998
v -0.067124 3.898788 -0.067124
v -0.049034 3.898788 -0.049034
v 0.126346 3.898788 -0.154316
v -0.064204 3.898788 0.042861
v -0.042862 3.898788 0.064203
v -0.049508 3.898788 0.135133
v 0.187741 3.898788 0.060126
v -0.046094 3.899503 0.276329
v -0.196975 3.898788 0.000100
v -0.000100 3.898788 0.196975
v 0.000166 3.898788 0.128937
v 0.000179 3.898788 0.059593
v 0.517616 4.740377 -0.298847
v 0.059594 3.898788 0.000178
v -0.128937 3.898788 -0.000167
v 0.128937 3.898788 0.000165
v -0.266454 3.899265 -0.000234
v 0.140057 3.899265 -0.227849
v -0.188805 3.898788 0.060790
v 0.049508 3.898788 -0.135134
v -0.077118 3.898788 0.106953
v 0.042862 3.898788 -0.064205
v 0.064204 3.898788 -0.042863
v -0.059594 3.898788 -0.000180
v 0.049034 3.898788 0.049033
v 0.067124 3.898788 0.067123
v -0.055726 3.898788 -0.118408
v -0.060385 3.898788 -0.187696
v -0.258999 3.899236 -0.057231
v 0.111020 3.899503 -0.257166
v -0.060790 3.898788 0.188805
v 0.105185 3.898788 -0.183965
v -0.154409 3.898788 0.126216
v -0.106953 3.898788 0.077118
v 0.135133 3.898788 -0.049509
v -0.000166 3.898788 -0.128938
v 0.055726 3.898788 0.118407
v 0.099795 3.898788 0.099794
v 0.117181 3.898788 0.117181
v -0.159511 3.899236 -0.215188
v 0.100798 3.898864 0.230944
v 0.115127 3.899417 0.251725
v -0.334948 3.911528 -0.122991
v -0.126216 3.898788 0.154408
v 0.184007 3.898788 -0.104776
v 0.060127 3.898788 0.187740
v -0.000009 3.898788 -0.196833
v 0.060189 3.898788 -0.188953
v -0.108570 3.898788 -0.167323
v 0.148230 3.898788 0.148229
v 0.164485 3.898788 0.164484
v 0.143404 3.898864 0.210145
v 0.158018 3.899417 0.229158
v -0.204250 3.899265 0.171779
v -0.231848 3.899265 0.132218
v -0.118407 3.898788 -0.055727
v 0.276330 3.899503 -0.046095
v 0.204372 3.899265 -0.171691
v -0.117032 3.899265 -0.238882
v 0.230945 3.898864 0.100797
v 0.251726 3.899417 0.115126
v 0.210145 3.898864 0.143403
v 0.229159 3.899417 0.158017
v 0.195595 3.898941 0.195594
v 0.214105 3.900106 0.214104
v 0.184311 5.088411 0.302046
v -0.296337 3.955803 0.353160
v 0.414764 4.036632 0.348028
v -0.200230 4.142346 -0.550127
v -0.517616 4.740377 0.298845
v 0.376309 4.142346 0.448466
v -0.348029 4.963364 0.414763
v -0.296462 5.044193 -0.353073
v -0.230359 5.088410 -0.268995
v -0.184311 5.088411 0.302046
v -0.230509 3.955803 0.399253
v 0.399254 5.044193 0.230508
v -0.292716 4.142346 0.506998
v 0.561647 4.740377 0.204421
v -0.292716 4.857650 0.506998
v 0.468898 4.963364 0.270717
v -0.230827 5.044193 0.399065
v -0.184311 5.088410 -0.302048
v 0.129623 5.088411 0.328944
v -0.157677 3.955803 0.433215
v -0.185182 4.963364 0.508783
v -0.200230 4.142346 0.550126
v -0.384189 4.740377 -0.457859
v -0.200230 4.857650 0.550126
v -0.508784 4.963364 0.185181
v -0.158047 3.955803 -0.433064
v -0.328945 5.088411 -0.129624
v -0.067198 5.088411 0.346984
v -0.080055 3.955803 0.454013
v 0.094020 4.036632 0.533210
v -0.101659 4.857650 -0.576540
v 0.000000 4.740378 0.597691
v -0.101659 4.142346 -0.576539
v 0.533211 4.963364 0.094018
v -0.453951 5.044193 0.080301
v -0.067199 5.088410 -0.346986
v -0.132219 3.899265 0.231847
v -0.453951 5.044193 -0.080303
v 0.000000 4.036632 0.541435
v 0.000000 4.857650 0.585432
v -0.103788 4.740378 0.588611
v 0.585433 4.142346 -0.000001
v 0.541436 4.963364 -0.000001
v -0.461018 3.955803 -0.000001
v -0.353403 5.088411 -0.000001
v -0.346985 5.088411 0.067198
v 0.080302 3.955803 -0.453952
v 0.094019 4.036632 -0.533211
v -0.101659 4.142346 0.576538
v -0.588612 4.740377 -0.103789
v 0.101659 4.857650 0.576537
v 0.533211 4.963364 -0.094021
v 0.080302 5.044193 0.453950
v -0.346985 5.088411 -0.067199
v 0.130989 3.911585 -0.332143
v 0.158047 3.955803 -0.433064
v -0.185182 4.036632 0.508783
v 0.200230 4.142346 0.550126
v 0.103788 4.740377 -0.588613
v 0.200230 4.857650 0.550126
v 0.185182 4.963364 0.508783
v 0.433215 5.044193 -0.157679
v -0.328945 5.088411 0.129622
v 0.184311 5.088410 -0.302048
v 0.461018 5.044193 -0.000001
v 0.270718 4.036632 0.468897
v 0.292716 4.857650 -0.507000
v 0.298846 4.740377 -0.517617
v -0.292716 4.142346 -0.507000
v -0.270718 4.036632 -0.468898
v -0.399066 5.044193 -0.230828
v -0.302047 5.088411 0.184310
v 0.232430 3.911585 -0.271274
v 0.296466 3.955803 -0.353068
v 0.348029 4.036632 0.414763
v 0.376309 4.857650 0.448466
v -0.000000 3.898788 -0.000001
v -0.376309 4.857650 0.448466
v 0.348029 4.963364 0.414763
v -0.296462 5.044193 0.353071
v -0.230359 5.088411 0.268993
v 0.588612 4.740377 0.103787
v 0.588612 4.259619 0.103787
v 0.589079 4.379754 0.103869
v 0.589079 4.499998 0.103869
v 0.589079 4.620242 0.103869
v 0.298846 4.259618 -0.517617
v 0.299083 4.379754 -0.518028
v 0.299083 4.499998 -0.518028
v 0.299083 4.620242 -0.518028
v 0.103788 4.259618 -0.588613
v 0.103870 4.379754 -0.589080
v 0.103870 4.499998 -0.589080
v 0.103870 4.620242 -0.589080
v -0.588612 4.259619 -0.103789
v -0.589079 4.379754 -0.103871
v -0.589079 4.499998 -0.103871
v -0.589079 4.620242 -0.103871
v -0.103788 4.259619 0.588611
v -0.103870 4.379754 0.589078
v -0.103870 4.499998 0.589078
v -0.103870 4.620242 0.589078
v 0.000000 4.259619 0.597692
v 0.000000 4.379754 0.598166
v 0.000000 4.499998 0.598166
v 0.000000 4.620242 0.598166
v -0.384189 4.259619 -0.457859
v -0.384494 4.379754 -0.458222
v -0.384494 4.499998 -0.458222
v -0.384494 4.620242 -0.458223
v 0.561647 4.259619 0.204422
v 0.562093 4.379754 0.204584
v 0.562093 4.499998 0.204584
v 0.562093 4.620242 0.204584
v -0.517616 4.259619 0.298845
v -0.518027 4.379754 0.299082
v -0.518027 4.499998 0.299082
v -0.518027 4.620242 0.299082
v 0.517616 4.259619 -0.298847
v 0.518027 4.379754 -0.299084
v 0.518027 4.499998 -0.299084
v 0.518027 4.620242 -0.299084
v 0.517616 4.259619 0.298845
v 0.518027 4.379754 0.299082
v 0.518027 4.499998 0.299082
v 0.518027 4.620242 0.299082
v -0.204422 4.259619 0.561646
v -0.204585 4.379754 0.562092
v -0.204585 4.499998 0.562092
v -0.204585 4.620242 0.562092
v -0.298846 4.259619 0.517615
v -0.299083 4.379754 0.518026
v -0.299083 4.499998 0.518026
v -0.299083 4.620242 0.518026
v -0.457858 4.259619 0.384188
v -0.458222 4.379754 0.384493
v -0.458222 4.499998 0.384493
v -0.458222 4.620242 0.384493
v 0.457858 4.259619 0.384188
v 0.458222 4.379754 0.384493
v 0.458222 4.499998 0.384493
v 0.458222 4.620242 0.384493
v 0.588612 4.259619 -0.103789
v 0.589079 4.379754 -0.103871
v 0.589079 4.499998 -0.103871
v 0.589079 4.620242 -0.103871
v 0.384189 4.259619 0.457857
v 0.384494 4.379754 0.458221
v 0.384494 4.499998 0.458221
v 0.384494 4.620242 0.458221
v 0.204423 4.259619 0.561646
v 0.204585 4.379754 0.562092
v 0.204585 4.499998 0.562092
v 0.204585 4.620242 0.562092
v 0.103788 4.259619 0.588611
v 0.103871 4.379754 0.589078
v 0.103871 4.499998 0.589078
v 0.103871 4.620242 0.589078
v 0.298846 4.259619 0.517615
v 0.299083 4.379754 0.518026
v 0.299083 4.499998 0.518026
v 0.299083 4.620242 0.518026
v 0.561647 4.259619 -0.204423
v 0.562092 4.379754 -0.204586
v 0.562092 4.499998 -0.204586
v 0.562092 4.620242 -0.204586
v -0.204423 4.259618 -0.561648
v -0.204585 4.379754 -0.562093
v -0.204585 4.499998 -0.562093
v -0.204585 4.620242 -0.562093
v 0.457858 4.259619 -0.384190
v 0.458222 4.379754 -0.384495
v 0.458222 4.499998 -0.384495
v 0.458222 4.620242 -0.384495
v -0.000000 4.259618 -0.597693
v -0.000000 4.379754 -0.598168
v -0.000000 4.499998 -0.598168
v -0.000000 4.620242 -0.598168
v -0.103788 4.259618 -0.588613
v -0.103871 4.379754 -0.589080
v -0.103871 4.499998 -0.589080
v -0.103871 4.620242 -0.589080
v -0.457858 4.259619 -0.384189
v -0.458222 4.379754 -0.384494
v -0.458222 4.499998 -0.384494
v -0.458222 4.620242 -0.384494
v -0.384189 4.259619 0.457858
v -0.384494 4.379754 0.458221
v -0.384494 4.499998 0.458221
v -0.384493 4.620242 0.458221
v 0.597692 4.259619 -0.000001
v 0.598167 4.379754 -0.000001
v 0.598167 4.499998 -0.000001
v 0.598167 4.620242 -0.000001
v -0.298846 4.259618 -0.517617
v -0.299083 4.379754 -0.518028
v -0.299083 4.499998 -0.518028
v -0.299083 4.620242 -0.518028
v -0.588612 4.259619 0.103787
v -0.589079 4.379754 0.103870
v -0.589079 4.499998 0.103870
v -0.589079 4.620242 0.103870
v 0.384189 4.259619 -0.457859
v 0.384493 4.379754 -0.458223
v 0.384493 4.499998 -0.458223
v 0.384493 4.620242 -0.458223
v -0.597692 4.259619 -0.000001
v -0.598167 4.379754 -0.000001
v -0.598167 4.499998 -0.000001
v -0.598167 4.620242 -0.000001
v 0.204422 4.259618 -0.561648
v 0.204585 4.379754 -0.562093
v 0.204585 4.499998 -0.562093
v 0.204585 4.620242 -0.562094
v -0.561647 4.259619 0.204422
v -0.562092 4.379754 0.204584
v -0.562092 4.499998 0.204584
v -0.562092 4.620242 0.204584
v -0.517616 4.259619 -0.298846
v -0.518027 4.379754 -0.299084
v -0.518027 4.499998 -0.299084
v -0.518027 4.620242 -0.299084
v -0.561647 4.259619 -0.204423
v -0.562093 4.379754 -0.204585
v -0.562093 4.499998 -0.204585
v -0.562093 4.620242 -0.204586
vn 0.0999 -0.9902 -0.0973
vn 0.1788 -0.9680 -0.1761
vn 0.1919 -0.9683 -0.1597
vn 0.1071 -0.9903 -0.0886
vn 0.2824 -0.9173 -0.2808
vn 0.3045 -0.9178 -0.2547
vn 0.3249 -0.9180 -0.2273
vn 0.2040 -0.9685 -0.1425
vn 0.1136 -0.9904 -0.0791
vn 0.4083 0.7024 -0.5830
vn 0.3230 0.8269 -0.4604
vn 0.3619 0.8268 -0.4307
vn 0.4575 0.7025 -0.5452
vn 0.2245 0.9211 -0.3180
vn 0.2514 0.9210 -0.2976
vn 0.2758 0.9213 -0.2742
vn 0.3979 0.8269 -0.3974
vn 0.5033 0.7025 -0.5032
vn -0.4082 -0.7025 0.5830
vn -0.4786 -0.5512 0.6835
vn -0.5363 -0.5512 0.6392
vn -0.4575 -0.7025 0.5452
vn -0.5299 -0.3826 0.7568
vn -0.5939 -0.3826 0.7078
vn -0.6533 -0.3825 0.6533
vn -0.5900 -0.5512 0.5900
vn -0.5032 -0.7025 0.5032
vn -0.7569 -0.3825 -0.5300
vn -0.7985 -0.2232 -0.5591
vn -0.7467 -0.2234 -0.6265
vn -0.7078 -0.3825 -0.5939
vn -0.8147 -0.1037 -0.5705
vn -0.7619 -0.1037 -0.6393
vn -0.7033 -0.1042 -0.7033
vn -0.6893 -0.2233 -0.6893
vn -0.6533 -0.3825 -0.6533
vn -0.9659 0.0040 -0.2588
vn -0.9654 0.0319 -0.2587
vn -0.9392 0.0315 -0.3419
vn -0.9397 0.0040 -0.3420
vn -0.9607 0.1037 -0.2574
vn -0.9346 0.1042 -0.3402
vn -0.9014 0.1037 -0.4203
vn -0.9059 0.0314 -0.4224
vn -0.9063 0.0040 -0.4226
vn -0.8147 0.1037 -0.5705
vn -0.7985 0.2233 -0.5591
vn -0.7467 0.2234 -0.6265
vn -0.7619 0.1037 -0.6393
vn -0.7569 0.3825 -0.5300
vn -0.7078 0.3826 -0.5939
vn -0.6533 0.3826 -0.6533
vn -0.6893 0.2233 -0.6893
vn -0.7033 0.1038 -0.7033
vn 0.5300 0.3825 -0.7569
vn 0.4786 0.5512 -0.6835
vn 0.5363 0.5512 -0.6391
vn 0.5939 0.3825 -0.7078
vn 0.5900 0.5512 -0.5900
vn 0.6533 0.3825 -0.6533
vn 0.4305 0.8272 -0.3611
vn 0.5452 0.7025 -0.4575
vn 0.2973 0.9218 -0.2487
vn 0.3171 0.9220 -0.2220
vn 0.4602 0.8273 -0.3222
vn 0.5830 0.7025 -0.4082
vn -0.0983 -0.9903 0.0983
vn -0.1762 -0.9685 0.1762
vn -0.1908 -0.9685 0.1601
vn -0.1065 -0.9903 0.0892
vn -0.2803 -0.9181 0.2803
vn -0.3037 -0.9181 0.2548
vn -0.3247 -0.9181 0.2273
vn -0.2039 -0.9686 0.1426
vn -0.1136 -0.9904 0.0793
vn -0.2152 -0.9687 0.1240
vn -0.1196 -0.9905 0.0683
vn -0.3433 -0.9181 0.1981
vn -0.3592 -0.9181 0.1674
vn -0.2250 -0.9687 0.1046
vn -0.1244 -0.9906 0.0571
vn -0.3589 -0.9182 -0.1674
vn -0.5091 -0.8273 -0.2374
vn -0.4864 -0.8273 -0.2808
vn -0.3437 -0.9180 -0.1979
vn -0.6450 -0.7025 -0.3008
vn -0.6163 -0.7025 -0.3558
vn -0.5830 -0.7025 -0.4082
vn -0.4602 -0.8273 -0.3222
vn -0.3268 -0.9173 -0.2275
vn -0.5830 -0.7025 0.4082
vn -0.6835 -0.5512 0.4786
vn -0.7226 -0.5512 0.4172
vn -0.6163 -0.7025 0.3558
vn -0.7569 -0.3825 0.5300
vn -0.8002 -0.3825 0.4620
vn -0.8374 -0.3825 0.3905
vn -0.7562 -0.5512 0.3526
vn -0.6450 -0.7025 0.3008
vn -0.8374 -0.3825 -0.3905
vn -0.8834 -0.2233 -0.4119
vn -0.8441 -0.2234 -0.4874
vn -0.8001 -0.3827 -0.4619
vn -0.9014 -0.1037 -0.4203
vn -0.8613 -0.1038 -0.4973
vn -0.8656 0.0319 -0.4997
vn -0.8660 0.0040 -0.5000
vn -0.8614 0.1037 -0.4973
vn -0.8187 0.0315 -0.5733
vn -0.8191 0.0040 -0.5736
vn 0.7568 -0.3826 -0.5299
vn 0.7985 -0.2232 -0.5591
vn 0.8442 -0.2233 -0.4874
vn 0.8001 -0.3827 -0.4619
vn 0.8147 -0.1038 -0.5705
vn 0.8614 -0.1037 -0.4973
vn 0.9014 -0.1037 -0.4203
vn 0.8834 -0.2234 -0.4119
vn 0.8374 -0.3825 -0.3905
vn -0.7562 -0.5512 -0.3526
vn -0.7226 -0.5512 -0.4172
vn -0.6834 -0.5513 -0.4785
vn -0.5830 0.7024 0.4083
vn -0.4605 0.8268 0.3230
vn -0.4863 0.8272 0.2815
vn -0.6163 0.7025 0.3559
vn -0.3182 0.9211 0.2245
vn -0.3349 0.9217 0.1958
vn -0.3495 0.9222 0.1658
vn -0.5085 0.8275 0.2381
vn -0.6449 0.7025 0.3008
vn 0.3171 0.9221 0.2219
vn 0.1681 0.9787 0.1175
vn 0.1579 0.9787 0.1314
vn 0.2973 0.9218 0.2487
vn 0.0671 0.9966 0.0469
vn 0.0625 0.9967 0.0517
vn 0.0595 0.9966 0.0577
vn 0.1478 0.9783 0.1454
vn 0.2758 0.9213 0.2741
vn -0.2337 -0.9685 0.0860
vn -0.1289 -0.9904 0.0492
vn -0.3725 -0.9181 0.1357
vn -0.3834 -0.9178 0.1031
vn -0.2429 -0.9677 0.0676
vn -0.1383 -0.9894 0.0448
vn 0.3592 -0.9181 -0.1675
vn 0.5091 -0.8273 -0.2374
vn 0.5278 -0.8274 -0.1921
vn 0.3725 -0.9181 -0.1357
vn 0.6450 -0.7025 -0.3008
vn 0.6687 -0.7025 -0.2434
vn 0.6874 -0.7025 -0.1842
vn 0.5426 -0.8273 -0.1454
vn 0.3833 -0.9178 -0.1031
vn -0.6874 -0.7025 -0.1842
vn -0.8059 -0.5512 -0.2159
vn -0.7840 -0.5512 -0.2854
vn -0.6687 -0.7025 -0.2434
vn -0.8925 -0.3825 -0.2391
vn -0.8682 -0.3826 -0.3160
vn 0.9014 0.1038 -0.4203
vn 0.8834 0.2232 -0.4120
vn 0.9160 0.2233 -0.3334
vn 0.9346 0.1037 -0.3402
vn 0.8374 0.3825 -0.3905
vn 0.8682 0.3826 -0.3160
vn 0.8925 0.3825 -0.2391
vn 0.9415 0.2234 -0.2523
vn 0.9607 0.1038 -0.2574
vn -0.9063 0.0040 0.4226
vn -0.9058 0.0319 0.4224
vn -0.9392 0.0319 0.3419
vn -0.9397 0.0040 0.3420
vn -0.9014 0.1038 0.4203
vn -0.9346 0.1042 0.3402
vn -0.9607 0.1036 0.2574
vn -0.9654 0.0319 0.2587
vn -0.9659 0.0040 0.2588
vn -0.8834 0.2233 0.4119
vn -0.9159 0.2234 0.3334
vn -0.8374 0.3826 0.3905
vn -0.8682 0.3825 0.3160
vn -0.8924 0.3826 0.2391
vn -0.9415 0.2234 0.2523
vn 0.7562 -0.5512 -0.3526
vn 0.7840 -0.5512 -0.2854
vn 0.8682 -0.3825 -0.3160
vn 0.8925 -0.3825 -0.2391
vn 0.8059 -0.5512 -0.2159
vn -0.1843 0.7026 0.6873
vn -0.1459 0.8280 0.5415
vn -0.1927 0.8278 0.5269
vn -0.2435 0.7026 0.6687
vn -0.1020 0.9230 0.3711
vn -0.1344 0.9227 0.3614
vn -0.1658 0.9222 0.3495
vn -0.2380 0.8275 0.5085
vn -0.3008 0.7026 0.6449
vn 0.1244 -0.9906 -0.0571
vn 0.2249 -0.9687 -0.1046
vn 0.2337 -0.9685 -0.0860
vn 0.1289 -0.9904 -0.0492
vn 0.2429 -0.9677 -0.0676
vn 0.1383 -0.9894 -0.0448
vn -0.0043 -0.9893 0.1457
vn -0.0191 -0.9677 0.2513
vn -0.0440 -0.9672 0.2503
vn -0.0260 -0.9884 0.1498
vn -0.0342 -0.9178 0.3955
vn -0.0690 -0.9177 0.3913
vn -0.1031 -0.9178 0.3834
vn -0.0676 -0.9677 0.2429
vn -0.0448 -0.9894 0.1383
vn -0.3945 -0.9182 -0.0347
vn -0.5596 -0.8273 -0.0490
vn -0.5532 -0.8273 -0.0975
vn -0.3895 -0.9184 -0.0691
vn -0.7090 -0.7025 -0.0620
vn -0.7009 -0.7025 -0.1236
vn -0.5426 -0.8273 -0.1454
vn -0.3820 -0.9185 -0.1023
vn -0.6874 -0.7025 0.1842
vn -0.8059 -0.5512 0.2160
vn -0.8217 -0.5512 0.1449
vn -0.7008 -0.7025 0.1236
vn -0.8925 -0.3825 0.2391
vn -0.9099 -0.3825 0.1604
vn -0.9204 -0.3825 0.0805
vn -0.8312 -0.5512 0.0727
vn -0.7090 -0.7025 0.0620
vn -0.9204 -0.3826 -0.0805
vn -0.9711 -0.2232 -0.0850
vn -0.9599 -0.2234 -0.1693
vn -0.9099 -0.3825 -0.1604
vn -0.9908 -0.1036 -0.0867
vn -0.9795 -0.1037 -0.1727
vn -0.9607 -0.1036 -0.2574
vn -0.9416 -0.2232 -0.2523
vn 0.2588 0.0040 -0.9659
vn 0.2587 0.0315 -0.9654
vn 0.3419 0.0319 -0.9392
vn 0.3420 0.0040 -0.9397
vn 0.2574 0.1036 -0.9607
vn 0.3402 0.1037 -0.9346
vn 0.4203 0.1037 -0.9014
vn 0.4224 0.0314 -0.9059
vn 0.4226 0.0040 -0.9063
vn 0.9204 -0.3826 0.0805
vn 0.9710 -0.2234 0.0850
vn 0.9599 -0.2233 0.1693
vn 0.9099 -0.3825 0.1604
vn 0.9908 -0.1037 0.0867
vn 0.9795 -0.1037 0.1727
vn 0.9607 -0.1036 0.2574
vn 0.9416 -0.2232 0.2523
vn 0.8925 -0.3825 0.2391
vn 0.7568 0.3827 -0.5299
vn 0.6835 0.5512 -0.4786
vn 0.7226 0.5512 -0.4172
vn 0.8002 0.3825 -0.4620
vn 0.6163 0.7025 -0.3558
vn 0.6450 0.7025 -0.3008
vn 0.7562 0.5512 -0.3526
vn 0.1023 -0.9185 0.3821
vn 0.1454 -0.8274 0.5425
vn 0.0975 -0.8273 0.5532
vn 0.0691 -0.9184 0.3895
vn 0.1842 -0.7025 0.6874
vn 0.1236 -0.7025 0.7009
vn 0.0620 -0.7025 0.7090
vn 0.0490 -0.8273 0.5596
vn 0.0347 -0.9182 0.3945
vn -0.1344 -0.9908 -0.0133
vn -0.2461 -0.9690 -0.0224
vn -0.2396 -0.9698 -0.0452
vn -0.1315 -0.9910 -0.0259
vn -0.2355 -0.9699 -0.0621
vn -0.1244 -0.9918 -0.0302
vn 0.1681 0.9787 -0.1175
vn 0.1772 0.9788 -0.1023
vn 0.3350 0.9221 -0.1934
vn 0.0671 0.9966 -0.0469
vn 0.0699 0.9967 -0.0404
vn 0.0742 0.9966 -0.0346
vn 0.1858 0.9788 -0.0866
vn 0.3507 0.9221 -0.1635
vn -0.0000 -0.8273 0.5617
vn 0.0002 -0.9181 0.3964
vn -0.0000 -0.7025 0.7117
vn -0.0620 -0.7025 0.7090
vn -0.0490 -0.8273 0.5596
vn -0.8344 -0.5512 -0.0000
vn -0.7117 -0.7025 -0.0000
vn -0.9240 -0.3825 -0.0000
vn -0.8312 -0.5512 -0.0727
vn 0.9908 0.1036 -0.0867
vn 0.9711 0.2232 -0.0850
vn 0.9747 0.2233 -0.0000
vn 0.9946 0.1036 -0.0000
vn 0.9204 0.3825 -0.0805
vn 0.9239 0.3826 -0.0000
vn 0.9204 0.3825 0.0805
vn 0.9710 0.2233 0.0850
vn 0.9908 0.1037 0.0867
vn -0.9962 0.0040 0.0872
vn -0.9957 0.0319 0.0871
vn -0.9995 0.0314 -0.0000
vn -1.0000 0.0040 -0.0000
vn -0.9908 0.1042 0.0867
vn -0.9946 0.1038 -0.0000
vn -0.9908 0.1038 -0.0867
vn -0.9957 0.0319 -0.0871
vn -0.9962 0.0040 -0.0872
vn -0.9711 -0.2233 0.0850
vn -0.9747 -0.2233 -0.0000
vn -0.9908 -0.1037 0.0867
vn -0.9946 -0.1042 -0.0000
vn 0.0805 0.3825 0.9205
vn 0.0727 0.5512 0.8312
vn -0.0000 0.5512 0.8344
vn -0.0000 0.3824 0.9240
vn 0.0621 0.7027 0.7088
vn -0.0000 0.7026 0.7115
vn -0.0620 0.7026 0.7088
vn -0.0727 0.5512 0.8312
vn -0.0805 0.3824 0.9205
vn -0.7089 0.7026 0.0621
vn -0.5583 0.8282 0.0492
vn -0.5605 0.8282 -0.0000
vn -0.7115 0.7026 -0.0000
vn -0.3820 0.9235 0.0345
vn -0.3833 0.9236 -0.0000
vn -0.3820 0.9235 -0.0345
vn -0.5583 0.8282 -0.0492
vn -0.7088 0.7026 -0.0621
vn 0.1457 -0.9893 -0.0043
vn 0.2513 -0.9677 -0.0191
vn 0.2487 -0.9686 0.0015
vn 0.1374 -0.9905 0.0037
vn 0.3955 -0.9179 -0.0342
vn 0.3964 -0.9181 0.0002
vn 0.3946 -0.9182 0.0347
vn 0.2461 -0.9690 0.0224
vn 0.1345 -0.9908 0.0133
vn 0.0302 -0.9918 0.1244
vn 0.0621 -0.9699 0.2355
vn 0.0452 -0.9698 0.2396
vn 0.0259 -0.9910 0.1315
vn 0.0224 -0.9690 0.2461
vn 0.0133 -0.9908 0.1345
vn 0.5596 -0.8273 0.0490
vn 0.5532 -0.8273 0.0975
vn 0.3895 -0.9184 0.0691
vn 0.7090 -0.7025 0.0620
vn 0.7009 -0.7025 0.1236
vn 0.6874 -0.7025 0.1842
vn 0.5426 -0.8273 0.1454
vn 0.3820 -0.9185 0.1023
vn -0.1449 0.5512 0.8217
vn -0.1604 0.3825 0.9099
vn -0.1236 0.7026 0.7007
vn -0.2160 0.5512 0.8059
vn -0.2391 0.3825 0.8925
vn -0.9415 -0.2233 0.2523
vn -0.9599 -0.2233 0.1693
vn -0.9607 -0.1037 0.2574
vn -0.9795 -0.1037 0.1727
vn 0.5736 0.0040 -0.8191
vn 0.5733 0.0315 -0.8187
vn 0.6425 0.0315 -0.7657
vn 0.6428 0.0040 -0.7660
vn 0.5705 0.1037 -0.8147
vn 0.6393 0.1037 -0.7619
vn 0.7033 0.1037 -0.7033
vn 0.7068 0.0315 -0.7068
vn 0.7071 0.0040 -0.7071
vn -0.6893 -0.2233 0.6893
vn -0.7467 -0.2233 0.6266
vn -0.7078 -0.3825 0.5939
vn -0.7033 -0.1037 0.7033
vn -0.7619 -0.1038 0.6393
vn -0.8148 -0.1035 0.5705
vn -0.7984 -0.2234 0.5591
vn 0.0805 0.3824 -0.9205
vn 0.0727 0.5512 -0.8312
vn 0.1449 0.5512 -0.8217
vn 0.1604 0.3826 -0.9099
vn 0.0621 0.7026 -0.7088
vn 0.1236 0.7026 -0.7007
vn 0.1843 0.7026 -0.6873
vn 0.2159 0.5513 -0.8059
vn 0.2391 0.3826 -0.8925
vn -0.1843 0.7026 -0.6873
vn -0.1460 0.8279 -0.5415
vn -0.0980 0.8280 -0.5520
vn -0.1236 0.7027 -0.7007
vn -0.1020 0.9230 -0.3710
vn -0.0685 0.9234 -0.3777
vn -0.0345 0.9234 -0.3823
vn -0.0492 0.8282 -0.5583
vn -0.0621 0.7027 -0.7088
vn 0.0015 -0.9686 0.2487
vn 0.0037 -0.9905 0.1374
vn 0.1244 -0.9918 0.0302
vn 0.2355 -0.9699 0.0621
vn 0.2307 -0.9693 0.0849
vn 0.1357 -0.9894 0.0515
vn 0.3719 -0.9183 0.1354
vn 0.3590 -0.9182 0.1674
vn 0.2239 -0.9689 0.1051
vn 0.1247 -0.9904 0.0601
vn -0.5279 -0.8273 -0.1921
vn -0.3719 -0.9183 -0.1354
vn -0.7840 -0.5512 0.2854
vn -0.6688 -0.7025 0.2434
vn -0.8682 -0.3826 0.3160
vn -0.9159 -0.2234 -0.3334
vn -0.9346 -0.1042 -0.3402
vn -0.0007 -1.0000 -0.0066
vn -0.0057 -0.9987 -0.0504
vn -0.0000 -0.9987 -0.0506
vn -0.0000 -1.0000 -0.0068
vn -0.0139 -0.9909 -0.1341
vn -0.0000 -0.9909 -0.1347
vn 0.0135 -0.9908 -0.1343
vn 0.0054 -0.9987 -0.0504
vn 0.0008 -1.0000 -0.0070
vn 0.9607 0.1037 0.2574
vn 0.9415 0.2233 0.2523
vn 0.9159 0.2234 0.3334
vn 0.9346 0.1037 0.3402
vn 0.8924 0.3826 0.2391
vn 0.8682 0.3825 0.3160
vn 0.8374 0.3825 0.3905
vn 0.8834 0.2233 0.4119
vn 0.9014 0.1042 0.4203
vn 0.7090 -0.7025 -0.0620
vn 0.8312 -0.5512 -0.0727
vn 0.8344 -0.5512 -0.0000
vn 0.7117 -0.7025 -0.0000
vn 0.9204 -0.3827 -0.0805
vn 0.9239 -0.3826 -0.0000
vn 0.8312 -0.5512 0.0727
vn 0.3009 0.7025 0.6450
vn 0.2380 0.8275 0.5085
vn 0.1927 0.8278 0.5269
vn 0.2435 0.7026 0.6686
vn 0.1658 0.9221 0.3495
vn 0.1344 0.9227 0.3614
vn 0.1020 0.9230 0.3709
vn 0.1459 0.8280 0.5415
vn 0.1843 0.7026 0.6873
vn -0.1674 -0.9181 0.3591
vn -0.1046 -0.9687 0.2250
vn -0.0860 -0.9685 0.2337
vn -0.1357 -0.9180 0.3725
vn -0.0571 -0.9906 0.1244
vn -0.0492 -0.9904 0.1289
vn 0.3507 0.9221 0.1635
vn 0.1858 0.9788 0.0866
vn 0.1772 0.9788 0.1023
vn 0.3351 0.9221 0.1935
vn 0.0741 0.9966 0.0346
vn 0.0699 0.9967 0.0404
vn -0.4601 -0.8273 0.3222
vn -0.4865 -0.8273 0.2809
vn -0.5091 -0.8273 0.2374
vn -0.3008 -0.7025 0.6450
vn -0.3526 -0.5512 0.7562
vn -0.4172 -0.5512 0.7226
vn -0.3559 -0.7025 0.6164
vn -0.3905 -0.3825 0.8374
vn -0.4620 -0.3825 0.8002
vn -0.8834 0.2233 -0.4119
vn -0.8442 0.2233 -0.4874
vn -0.8374 0.3825 -0.3905
vn -0.8002 0.3825 -0.4620
vn -0.9843 0.0319 0.1736
vn -0.9848 0.0040 0.1736
vn -0.9795 0.1037 0.1727
vn -0.8147 0.1037 0.5705
vn -0.7984 0.2234 0.5591
vn -0.8442 0.2233 0.4874
vn -0.8614 0.1037 0.4973
vn -0.7569 0.3825 0.5300
vn -0.8002 0.3825 0.4620
vn 0.5300 0.3825 0.7569
vn 0.4786 0.5512 0.6835
vn 0.4172 0.5512 0.7226
vn 0.4620 0.3826 0.8001
vn 0.4083 0.7024 0.5830
vn 0.3559 0.7024 0.6164
vn 0.3526 0.5512 0.7562
vn 0.3905 0.3825 0.8374
vn 0.5091 -0.8273 0.2374
vn 0.4865 -0.8273 0.2809
vn 0.3436 -0.9180 0.1979
vn 0.6450 -0.7025 0.3008
vn 0.6163 -0.7025 0.3558
vn 0.5830 -0.7025 0.4082
vn 0.4601 -0.8273 0.3222
vn 0.3264 -0.9174 0.2275
vn -0.2145 -0.9663 -0.1420
vn -0.2181 -0.9683 -0.1216
vn -0.1297 -0.9889 -0.0730
vn -0.1320 -0.9889 -0.0676
vn -0.1251 -0.9903 -0.0601
vn -0.2240 -0.9689 -0.1050
vn 0.1479 0.9782 -0.1455
vn 0.1579 0.9787 -0.1314
vn 0.0595 0.9966 -0.0577
vn 0.0625 0.9967 -0.0516
vn -0.4306 -0.8272 -0.3611
vn -0.3086 -0.9160 -0.2563
vn -0.5452 -0.7024 -0.4575
vn -0.5033 -0.7024 -0.5033
vn -0.3979 -0.8270 -0.3973
vn -0.2862 -0.9149 -0.2846
vn -0.6533 0.3825 0.6533
vn -0.5900 0.5512 0.5900
vn -0.6392 0.5512 0.5363
vn -0.7078 0.3826 0.5939
vn -0.5033 0.7024 0.5033
vn -0.5453 0.7024 0.4575
vn -0.6835 0.5512 0.4786
vn 0.6893 0.2232 -0.6893
vn 0.7467 0.2232 -0.6266
vn 0.7619 0.1042 -0.6393
vn 0.7078 0.3825 -0.5939
vn 0.7985 0.2234 -0.5591
vn 0.8147 0.1037 -0.5705
vn -0.5736 0.0040 -0.8191
vn -0.5733 0.0315 -0.8187
vn -0.4997 0.0319 -0.8656
vn -0.5000 0.0040 -0.8660
vn -0.5705 0.1037 -0.8147
vn -0.4973 0.1037 -0.8614
vn -0.4203 0.1037 -0.9014
vn -0.4224 0.0315 -0.9059
vn -0.4226 0.0040 -0.9063
vn -0.7033 0.1037 0.7033
vn -0.6892 0.2234 0.6892
vn -0.7467 0.2234 0.6265
vn -0.7619 0.1038 0.6393
vn -0.5900 0.5512 -0.5900
vn -0.5363 0.5513 -0.6391
vn -0.5939 0.3827 -0.7077
vn -0.5033 0.7024 -0.5033
vn -0.4576 0.7024 -0.5453
vn -0.4083 0.7024 -0.5830
vn -0.4786 0.5512 -0.6835
vn -0.5300 0.3825 -0.7569
vn 0.3979 -0.8269 -0.3973
vn 0.4306 -0.8272 -0.3610
vn 0.5033 -0.7024 -0.5033
vn 0.5452 -0.7024 -0.4575
vn 0.5830 -0.7025 -0.4082
vn 0.4601 -0.8273 -0.3222
vn 0.1473 -0.9781 0.1473
vn 0.1975 -0.9602 0.1975
vn 0.1671 -0.9630 0.2116
vn 0.1093 -0.9826 0.1505
vn 0.2842 -0.9157 0.2842
vn 0.2563 -0.9163 0.3076
vn 0.2275 -0.9174 0.3264
vn 0.1419 -0.9667 0.2130
vn 0.0731 -0.9893 0.1262
vn -0.0000 1.0000 -0.0000
vn 0.0114 0.9999 -0.0109
vn 0.0136 0.9998 -0.0155
vn 0.0093 0.9999 -0.0125
vn 0.0538 0.9966 -0.0619
vn 0.0491 0.9965 -0.0673
vn 0.0109 0.9998 -0.0174
vn 0.0072 0.9999 -0.0140
vn 0.0426 0.9967 -0.0695
vn 0.0370 0.9966 -0.0732
vn 0.0078 0.9998 -0.0189
vn 0.0046 0.9999 -0.0150
vn 0.0299 0.9968 -0.0747
vn 0.0232 0.9967 -0.0776
vn 0.0041 0.9998 -0.0200
vn 0.0016 0.9999 -0.0155
vn 0.0155 0.9968 -0.0783
vn 0.0079 0.9968 -0.0801
vn -0.0000 0.9998 -0.0204
vn -0.0016 0.9999 -0.0155
vn -0.0000 0.9968 -0.0795
vn -0.0079 0.9968 -0.0801
vn -0.0041 0.9998 -0.0200
vn -0.0046 0.9999 -0.0149
vn -0.0155 0.9968 -0.0783
vn -0.0232 0.9967 -0.0776
vn -0.0078 0.9998 -0.0189
vn -0.0072 0.9999 -0.0140
vn -0.0299 0.9968 -0.0747
vn -0.0370 0.9966 -0.0732
vn -0.0109 0.9998 -0.0174
vn -0.0094 0.9999 -0.0127
vn -0.0426 0.9967 -0.0695
vn -0.0491 0.9965 -0.0674
vn -0.0135 0.9998 -0.0157
vn -0.0112 0.9999 -0.0112
vn -0.0536 0.9966 -0.0627
vn -0.0595 0.9965 -0.0595
vn -0.0157 0.9998 -0.0135
vn -0.0127 0.9999 -0.0094
vn -0.0626 0.9966 -0.0535
vn -0.0674 0.9965 -0.0491
vn -0.0174 0.9998 -0.0109
vn -0.0139 0.9999 -0.0072
vn -0.0695 0.9967 -0.0426
vn -0.0732 0.9966 -0.0370
vn -0.0189 0.9998 -0.0078
vn -0.0150 0.9999 -0.0046
vn -0.0747 0.9968 -0.0299
vn -0.0776 0.9967 -0.0232
vn -0.0200 0.9998 -0.0041
vn -0.0156 0.9999 -0.0016
vn -0.0783 0.9968 -0.0155
vn -0.0801 0.9968 -0.0079
vn -0.0204 0.9998 -0.0000
vn -0.0156 0.9999 0.0016
vn -0.0795 0.9968 -0.0000
vn -0.0801 0.9968 0.0079
vn -0.0200 0.9998 0.0041
vn -0.0150 0.9999 0.0046
vn -0.0783 0.9968 0.0155
vn -0.0776 0.9967 0.0232
vn -0.0189 0.9998 0.0078
vn -0.0140 0.9999 0.0072
vn -0.0747 0.9968 0.0299
vn -0.0733 0.9966 0.0370
vn -0.0174 0.9998 0.0109
vn -0.0127 0.9999 0.0094
vn -0.0695 0.9967 0.0426
vn -0.0674 0.9965 0.0491
vn -0.0157 0.9998 0.0135
vn -0.0112 0.9999 0.0112
vn -0.0626 0.9966 0.0535
vn -0.0595 0.9965 0.0595
vn -0.0135 0.9998 0.0157
vn -0.0094 0.9999 0.0127
vn -0.0536 0.9966 0.0627
vn -0.0491 0.9965 0.0674
vn -0.0109 0.9998 0.0174
vn -0.0072 0.9999 0.0140
vn -0.0426 0.9967 0.0695
vn -0.0370 0.9966 0.0733
vn -0.0078 0.9998 0.0189
vn -0.0046 0.9999 0.0149
vn -0.0299 0.9968 0.0747
vn -0.0232 0.9967 0.0776
vn -0.0041 0.9998 0.0200
vn -0.0016 0.9999 0.0156
vn -0.0155 0.9968 0.0783
vn -0.0079 0.9968 0.0800
vn -0.0000 0.9998 0.0204
vn 0.0016 0.9999 0.0155
vn -0.0000 0.9968 0.0795
vn 0.0079 0.9968 0.0800
vn 0.0041 0.9998 0.0200
vn 0.0046 0.9999 0.0150
vn 0.0155 0.9968 0.0783
vn 0.0232 0.9967 0.0776
vn 0.0078 0.9998 0.0189
vn 0.0072 0.9999 0.0139
vn 0.0299 0.9968 0.0747
vn 0.0370 0.9966 0.0733
vn 0.0109 0.9998 0.0174
vn 0.0093 0.9999 0.0125
vn 0.0426 0.9967 0.0695
vn 0.0491 0.9965 0.0673
vn 0.0136 0.9998 0.0154
vn 0.0114 0.9999 0.0109
vn 0.0538 0.9966 0.0619
vn 0.0159 0.9998 0.0131
vn 0.0130 0.9999 0.0091
vn 0.0177 0.9998 0.0102
vn 0.0142 0.9999 0.0066
vn 0.0193 0.9998 0.0070
vn 0.0152 0.9999 0.0041
vn 0.0759 0.9967 0.0276
vn 0.0790 0.9966 0.0212
vn 0.0201 0.9998 0.0036
vn 0.0156 0.9999 0.0014
vn 0.0796 0.9967 0.0140
vn 0.0815 0.9966 0.0071
vn 0.0205 0.9998 -0.0000
vn 0.0156 0.9999 -0.0014
vn 0.0807 0.9967 -0.0000
vn 0.0815 0.9966 -0.0071
vn 0.0202 0.9998 -0.0036
vn 0.0152 0.9999 -0.0041
vn 0.0795 0.9967 -0.0140
vn 0.0790 0.9966 -0.0212
vn 0.0193 0.9998 -0.0070
vn 0.0142 0.9999 -0.0066
vn 0.0759 0.9967 -0.0276
vn 0.0178 0.9998 -0.0103
vn 0.0130 0.9999 -0.0091
vn 0.0159 0.9998 -0.0130
vn 0.0007 -1.0000 0.0064
vn 0.0053 -0.9988 0.0490
vn 0.0031 -0.9988 0.0490
vn 0.0006 -1.0000 0.0067
vn 0.0025 -0.9986 0.0521
vn -0.0012 -1.0000 0.0075
vn -0.3008 0.7026 -0.6449
vn -0.2380 0.8275 -0.5085
vn -0.1927 0.8278 -0.5269
vn -0.2435 0.7026 -0.6686
vn -0.1658 0.9222 -0.3495
vn -0.1344 0.9227 -0.3614
vn -0.5900 -0.5512 -0.5900
vn -0.5363 -0.5512 -0.6392
vn -0.4576 -0.7024 -0.5452
vn -0.5939 -0.3825 -0.7078
vn -0.5299 -0.3825 -0.7568
vn -0.4786 -0.5512 -0.6835
vn -0.4083 -0.7025 -0.5829
vn 0.5299 -0.3825 -0.7568
vn 0.5591 -0.2233 -0.7985
vn 0.6266 -0.2233 -0.7467
vn 0.5939 -0.3825 -0.7078
vn 0.5705 -0.1037 -0.8147
vn 0.6393 -0.1035 -0.7619
vn 0.7033 -0.1035 -0.7033
vn 0.6893 -0.2233 -0.6893
vn 0.6533 -0.3825 -0.6533
vn 0.9962 0.0040 -0.0872
vn 0.9957 0.0319 -0.0871
vn 0.9995 0.0314 -0.0000
vn 1.0000 0.0040 -0.0000
vn 0.9957 0.0319 0.0871
vn 0.9962 0.0040 0.0872
vn -0.5591 -0.2233 0.7985
vn -0.6265 -0.2234 0.7467
vn -0.5705 -0.1038 0.8147
vn -0.6393 -0.1038 0.7619
vn -0.8925 0.3826 -0.2391
vn -0.8059 0.5512 -0.2159
vn -0.7840 0.5512 -0.2854
vn -0.8682 0.3826 -0.3160
vn -0.6873 0.7026 -0.1843
vn -0.6686 0.7026 -0.2435
vn -0.6449 0.7026 -0.3008
vn -0.7562 0.5512 -0.3526
vn 0.5033 0.7024 0.5033
vn 0.3979 0.8269 0.3974
vn 0.3619 0.8268 0.4307
vn 0.4576 0.7024 0.5452
vn 0.2515 0.9210 0.2977
vn 0.2245 0.9211 0.3181
vn 0.3230 0.8269 0.4604
vn -0.1503 -0.9777 -0.1467
vn -0.2002 -0.9597 -0.1974
vn -0.1683 -0.9627 -0.2120
vn -0.1078 -0.9827 -0.1503
vn -0.2586 -0.9153 -0.3086
vn -0.2294 -0.9167 -0.3271
vn -0.1409 -0.9671 -0.2119
vn -0.0640 -0.9905 -0.1218
vn 0.1218 -0.9685 0.2174
vn 0.0681 -0.9891 0.1308
vn 0.1979 -0.9180 0.3436
vn 0.1674 -0.9182 0.3589
vn 0.1051 -0.9689 0.2239
vn 0.0601 -0.9904 0.1247
vn -0.3230 -0.8269 -0.4604
vn -0.2815 -0.8272 -0.4863
vn -0.2003 -0.9177 -0.3430
vn -0.3559 -0.7025 -0.6163
vn -0.3009 -0.7025 -0.6450
vn -0.2381 -0.8275 -0.5085
vn -0.1698 -0.9183 -0.3577
vn 0.3008 -0.7025 -0.6449
vn 0.3526 -0.5512 -0.7562
vn 0.4172 -0.5512 -0.7226
vn 0.3559 -0.7025 -0.6163
vn 0.3905 -0.3825 -0.8374
vn 0.4620 -0.3825 -0.8002
vn 0.4786 -0.5512 -0.6835
vn 0.4083 -0.7025 -0.5830
vn -0.8442 -0.2232 0.4874
vn -0.8614 -0.1037 0.4973
vn -0.9014 -0.1037 0.4203
vn -0.8834 -0.2233 0.4119
vn -0.5736 0.0040 0.8191
vn -0.5733 0.0314 0.8187
vn -0.6425 0.0319 0.7657
vn -0.6428 0.0040 0.7660
vn -0.5705 0.1037 0.8147
vn -0.6393 0.1042 0.7619
vn -0.7068 0.0315 0.7068
vn -0.7071 0.0040 0.7071
vn 0.5299 -0.3826 0.7568
vn 0.5591 -0.2234 0.7985
vn 0.4874 -0.2233 0.8442
vn 0.4620 -0.3825 0.8002
vn 0.5705 -0.1038 0.8147
vn 0.4973 -0.1037 0.8614
vn 0.4203 -0.1038 0.9014
vn 0.4119 -0.2233 0.8834
vn 0.3905 -0.3825 0.8374
vn 0.3905 0.3826 -0.8374
vn 0.3526 0.5512 -0.7562
vn 0.4172 0.5512 -0.7226
vn 0.4620 0.3825 -0.8002
vn 0.3009 0.7025 -0.6450
vn 0.3559 0.7025 -0.6163
vn -0.3230 0.8268 -0.4605
vn -0.2815 0.8272 -0.4863
vn -0.3559 0.7025 -0.6163
vn -0.2245 0.9211 -0.3182
vn -0.1958 0.9217 -0.3350
vn -0.1094 -0.9687 -0.2228
vn -0.1257 -0.9687 -0.2142
vn -0.0627 -0.9905 -0.1224
vn -0.0666 -0.9904 -0.1207
vn 0.2503 -0.9672 -0.0440
vn 0.1498 -0.9884 -0.0260
vn 0.3913 -0.9177 -0.0690
vn 0.2374 -0.8273 0.5091
vn 0.1921 -0.8273 0.5279
vn 0.1354 -0.9183 0.3719
vn 0.3008 -0.7025 0.6450
vn 0.2434 -0.7025 0.6687
vn 0.8059 -0.5513 0.2159
vn 0.7840 -0.5512 0.2854
vn 0.6688 -0.7025 0.2434
vn 0.8682 -0.3826 0.3160
vn 0.8374 -0.3825 0.3905
vn 0.7562 -0.5512 0.3526
vn 0.2523 0.2234 -0.9415
vn 0.3334 0.2233 -0.9160
vn 0.3160 0.3825 -0.8682
vn 0.4120 0.2232 -0.8834
vn -0.7657 0.0319 -0.6425
vn -0.7660 0.0040 -0.6428
vn -0.7067 0.0319 -0.7067
vn -0.7071 0.0040 -0.7071
vn -0.4120 0.2232 -0.8834
vn -0.3334 0.2234 -0.9159
vn -0.3402 0.1038 -0.9346
vn -0.3905 0.3825 -0.8374
vn -0.3160 0.3825 -0.8682
vn -0.2391 0.3826 -0.8924
vn -0.2523 0.2233 -0.9415
vn -0.2574 0.1042 -0.9607
vn 0.2854 0.5512 -0.7840
vn 0.2435 0.7026 -0.6686
vn -0.5269 0.8278 0.1927
vn -0.6686 0.7026 0.2435
vn -0.3614 0.9226 0.1345
vn -0.3707 0.9231 0.1020
vn -0.5415 0.8279 0.1460
vn -0.6873 0.7026 0.1843
vn 0.1020 0.9230 -0.3709
vn 0.0558 0.9792 -0.1950
vn 0.0732 0.9790 -0.1901
vn 0.1344 0.9227 -0.3614
vn 0.0900 0.9787 -0.1845
vn 0.1658 0.9222 -0.3495
vn 0.3737 0.9221 -0.1001
vn 0.1980 0.9788 -0.0531
vn 0.2015 0.9788 -0.0355
vn 0.3810 0.9221 -0.0672
vn 0.2042 0.9788 -0.0179
vn 0.3855 0.9221 -0.0337
vn -0.5426 -0.8273 0.1454
vn -0.5532 -0.8273 0.0975
vn -0.3913 -0.9177 0.0690
vn -0.5596 -0.8273 0.0490
vn -0.3955 -0.9179 0.0342
vn 0.8217 -0.5512 0.1449
vn 0.0805 -0.3826 -0.9204
vn 0.0850 -0.2233 -0.9711
vn 0.1693 -0.2234 -0.9599
vn 0.1604 -0.3825 -0.9099
vn 0.0867 -0.1037 -0.9908
vn 0.1727 -0.1036 -0.9795
vn 0.2574 -0.1037 -0.9607
vn 0.2523 -0.2232 -0.9415
vn 0.2391 -0.3826 -0.8924
vn -0.2588 0.0040 -0.9659
vn -0.2587 0.0319 -0.9654
vn -0.1736 0.0319 -0.9843
vn -0.1736 0.0040 -0.9848
vn -0.1727 0.1038 -0.9795
vn -0.0867 0.1038 -0.9908
vn -0.0871 0.0319 -0.9957
vn -0.0872 0.0040 -0.9962
vn 0.2391 -0.3825 0.8925
vn 0.2523 -0.2233 0.9415
vn 0.1693 -0.2232 0.9600
vn 0.1604 -0.3825 0.9099
vn 0.2574 -0.1037 0.9607
vn 0.1727 -0.1042 0.9794
vn 0.0867 -0.1038 0.9908
vn 0.0850 -0.2233 0.9711
vn 0.0805 -0.3825 0.9204
vn 0.2391 0.3826 0.8925
vn 0.2160 0.5512 0.8059
vn 0.1449 0.5512 0.8217
vn 0.1604 0.3825 0.9099
vn 0.1236 0.7026 0.7007
vn 0.0492 0.8282 -0.5583
vn 0.0980 0.8281 -0.5520
vn 0.0345 0.9234 -0.3823
vn 0.0685 0.9234 -0.3777
vn 0.1460 0.8279 -0.5415
vn 0.0558 0.9792 0.1950
vn 0.0376 0.9794 0.1982
vn 0.0685 0.9234 0.3777
vn 0.0189 0.9795 0.2005
vn 0.0345 0.9235 0.3820
vn -0.1457 -0.9893 0.0043
vn -0.2513 -0.9677 0.0191
vn -0.2487 -0.9686 -0.0015
vn -0.1374 -0.9905 -0.0037
vn -0.3964 -0.9181 -0.0002
vn -0.0000 0.8282 -0.5605
vn -0.0000 0.7026 -0.7115
vn -0.0000 0.9236 -0.3833
vn -0.0805 0.3825 -0.9204
vn -0.0727 0.5512 -0.8312
vn -0.0000 0.5512 -0.8343
vn -0.0000 0.3826 -0.9239
vn -0.0805 -0.3825 -0.9204
vn -0.0850 -0.2234 -0.9710
vn -0.0000 -0.2234 -0.9747
vn -0.0000 -0.3825 -0.9240
vn -0.0867 -0.1037 -0.9908
vn -0.0000 -0.1042 -0.9946
vn -0.0000 0.0319 -0.9995
vn -0.0000 0.0040 -1.0000
vn -0.0000 0.1037 -0.9946
vn 0.0867 0.1037 -0.9908
vn 0.0871 0.0319 -0.9957
vn 0.0872 0.0040 -0.9962
vn -0.0850 0.2234 -0.9710
vn -0.0000 0.2233 -0.9747
vn 0.0850 0.2233 -0.9710
vn -0.9205 0.3825 0.0805
vn -0.8312 0.5512 0.0727
vn -0.8344 0.5512 -0.0000
vn -0.9239 0.3826 -0.0000
vn -0.8312 0.5512 -0.0727
vn -0.9205 0.3824 -0.0805
vn -0.0354 -0.9196 -0.3913
vn -0.0492 -0.8281 -0.5584
vn -0.0000 -0.8282 -0.5605
vn -0.0000 -0.9196 -0.3928
vn -0.0621 -0.7026 -0.7088
vn -0.0000 -0.7027 -0.7115
vn 0.0621 -0.7026 -0.7088
vn 0.0492 -0.8282 -0.5583
vn 0.0353 -0.9196 -0.3913
vn 0.0231 -0.9696 -0.2436
vn -0.0000 -0.9697 -0.2443
vn -0.0233 -0.9696 -0.2434
vn -0.2503 -0.9672 0.0441
vn -0.1498 -0.9884 0.0260
vn -0.1046 -0.9191 -0.3799
vn -0.1460 -0.8279 -0.5415
vn -0.0980 -0.8281 -0.5519
vn -0.0703 -0.9194 -0.3870
vn -0.1843 -0.7026 -0.6873
vn -0.1236 -0.7026 -0.7008
vn -0.0727 -0.5512 0.8312
vn -0.1449 -0.5512 0.8217
vn -0.1236 -0.7025 0.7008
vn -0.0805 -0.3825 0.9204
vn -0.1604 -0.3826 0.9099
vn -0.2391 -0.3825 0.8925
vn -0.2159 -0.5512 0.8059
vn -0.1842 -0.7025 0.6874
vn 0.1693 0.2233 -0.9599
vn 0.1727 0.1036 -0.9795
vn 0.7657 0.0319 -0.6425
vn 0.7660 0.0040 -0.6428
vn 0.8187 0.0319 -0.5733
vn 0.8191 0.0040 -0.5736
vn -0.9710 0.2233 -0.0850
vn -0.9599 0.2233 -0.1693
vn -0.9795 0.1038 -0.1727
vn -0.9099 0.3826 -0.1604
vn -0.9415 0.2233 -0.2523
vn -0.8217 0.5512 -0.1449
vn -0.7008 0.7026 -0.1236
vn -0.5830 0.7024 -0.4083
vn -0.4604 0.8269 -0.3229
vn -0.4310 0.8266 -0.3619
vn -0.5453 0.7024 -0.4576
vn -0.3182 0.9211 -0.2245
vn -0.2986 0.9207 -0.2514
vn -0.2763 0.9205 -0.2763
vn -0.3981 0.8265 -0.3981
vn 0.0189 0.9795 -0.2005
vn 0.0376 0.9794 -0.1982
vn 0.3738 0.9221 0.1001
vn 0.1980 0.9788 0.0531
vn 0.1923 0.9788 0.0700
vn 0.3636 0.9221 0.1323
vn -0.5279 -0.8273 0.1921
vn -0.3526 -0.5512 -0.7562
vn -0.2854 -0.5512 -0.7840
vn -0.2435 -0.7026 -0.6686
vn -0.3905 -0.3825 -0.8374
vn -0.3160 -0.3826 -0.8682
vn -0.2391 -0.3826 -0.8925
vn -0.2159 -0.5512 -0.8059
vn 0.3334 -0.2233 -0.9160
vn 0.3160 -0.3826 -0.8682
vn 0.3402 -0.1037 -0.9346
vn 0.4203 -0.1042 -0.9014
vn 0.4119 -0.2233 -0.8834
vn -0.3419 0.0319 -0.9392
vn -0.3420 0.0040 -0.9397
vn -0.9160 -0.2233 0.3334
vn -0.9346 -0.1036 0.3402
vn 0.7840 0.5513 -0.2853
vn 0.6688 0.7025 -0.2434
vn 0.6874 0.7025 -0.1842
vn 0.8059 0.5512 -0.2159
vn -0.5415 0.8280 -0.1459
vn -0.5270 0.8277 -0.1928
vn -0.3709 0.9230 -0.1020
vn -0.3614 0.9226 -0.1345
vn -0.3495 0.9222 -0.1658
vn -0.5085 0.8275 -0.2380
vn -0.0900 0.9787 -0.1845
vn -0.0732 0.9790 -0.1901
vn -0.0558 0.9792 -0.1950
vn 0.2174 -0.9685 0.1218
vn 0.1308 -0.9891 0.0681
vn 0.2130 -0.9667 0.1419
vn 0.1262 -0.9893 0.0731
vn 0.1704 -0.9179 -0.3584
vn 0.2380 -0.8275 -0.5085
vn 0.2815 -0.8272 -0.4863
vn 0.2008 -0.9176 -0.3432
vn 0.3230 -0.8269 -0.4604
vn 0.2299 -0.9171 -0.3256
vn -0.7226 0.5512 -0.4172
vn -0.6163 0.7025 -0.3559
vn -0.6835 0.5512 -0.4786
vn 0.8442 0.2233 -0.4874
vn 0.8614 0.1035 -0.4973
vn 0.9063 0.0040 -0.4226
vn 0.9059 0.0314 -0.4224
vn 0.9392 0.0315 -0.3419
vn 0.9397 0.0040 -0.3420
vn 0.9654 0.0319 -0.2587
vn 0.9659 0.0040 -0.2588
vn -0.5591 0.2233 -0.7985
vn -0.4874 0.2233 -0.8442
vn -0.4620 0.3825 -0.8002
vn -0.7226 0.5512 0.4172
vn -0.7562 0.5512 0.3526
vn 0.4864 0.8274 -0.2808
vn 0.5091 0.8273 -0.2374
vn 0.1462 -0.9679 -0.2043
vn 0.1297 -0.9679 -0.2152
vn 0.0819 -0.9903 -0.1125
vn 0.0761 -0.9900 -0.1184
vn 0.0739 -0.9889 -0.1286
vn 0.1134 -0.9674 -0.2265
vn -0.2136 -0.9625 -0.1671
vn -0.1545 -0.9819 -0.1092
vn -0.3619 -0.8267 -0.4307
vn -0.6392 -0.5512 -0.5363
vn -0.6266 -0.2233 -0.7467
vn -0.6393 -0.1037 -0.7619
vn -0.5705 -0.1038 -0.8147
vn -0.5591 -0.2233 -0.7985
vn 0.5736 0.0040 0.8191
vn 0.5733 0.0319 0.8187
vn 0.4997 0.0319 0.8656
vn 0.5000 0.0040 0.8660
vn 0.5705 0.1037 0.8147
vn 0.4973 0.1037 0.8614
vn 0.4203 0.1037 0.9014
vn 0.4224 0.0319 0.9058
vn 0.4226 0.0040 0.9063
vn -0.6265 0.2234 -0.7467
vn -0.6393 0.1042 -0.7619
vn -0.6392 0.5512 -0.5363
vn 0.3972 -0.8273 0.3972
vn 0.3611 -0.8273 0.4303
vn 0.5032 -0.7025 0.5032
vn 0.4575 -0.7025 0.5452
vn 0.4082 -0.7025 0.5830
vn 0.3222 -0.8273 0.4601
vn -0.2763 0.9205 0.2763
vn -0.1484 0.9777 0.1484
vn -0.1593 0.9779 0.1350
vn -0.2986 0.9207 0.2514
vn -0.1695 0.9781 0.1212
vn -0.0793 -0.9904 0.1136
vn -0.1426 -0.9686 0.2039
vn -0.1601 -0.9685 0.1908
vn -0.0892 -0.9903 0.1065
vn -0.2273 -0.9181 0.3247
vn -0.2548 -0.9181 0.3037
vn -0.3972 -0.8273 0.3972
vn -0.4303 -0.8273 0.3610
vn -0.5452 -0.7025 0.4574
vn -0.6391 -0.5512 0.5363
vn 0.6266 0.2232 -0.7467
vn 0.5591 0.2234 -0.7985
vn 0.2588 0.0040 0.9659
vn 0.2587 0.0319 0.9654
vn 0.1736 0.0319 0.9843
vn 0.1736 0.0040 0.9848
vn 0.2574 0.1037 0.9607
vn 0.1727 0.1037 0.9795
vn 0.0867 0.1037 0.9908
vn 0.0871 0.0319 0.9957
vn 0.0872 0.0040 0.9962
vn 0.7568 -0.3825 0.5299
vn 0.7985 -0.2233 0.5591
vn 0.7467 -0.2233 0.6266
vn 0.7078 -0.3825 0.5939
vn 0.8147 -0.1037 0.5705
vn 0.7619 -0.1037 0.6393
vn 0.7033 -0.1037 0.7033
vn 0.6892 -0.2234 0.6892
vn 0.6533 -0.3826 0.6533
vn 0.7569 0.3825 0.5300
vn 0.6835 0.5512 0.4786
vn 0.6392 0.5512 0.5363
vn 0.7078 0.3825 0.5939
vn 0.5830 0.7025 0.4082
vn 0.5452 0.7024 0.4575
vn 0.5900 0.5512 0.5900
vn 0.6533 0.3825 0.6533
vn -0.3981 0.8265 0.3981
vn -0.4310 0.8266 0.3619
vn 0.1352 0.9781 0.1582
vn 0.1211 0.9781 0.1695
vn -0.1240 -0.9687 0.2152
vn -0.0683 -0.9905 0.1196
vn -0.1981 -0.9181 0.3433
vn 0.4864 -0.8273 -0.2808
vn 0.3432 -0.9181 -0.1981
vn 0.6163 -0.7025 -0.3558
vn 0.7226 -0.5512 0.4172
vn 0.8002 -0.3825 0.4620
vn 0.6835 -0.5512 0.4786
vn -0.0000 -0.2233 0.9747
vn -0.0000 -0.3824 0.9240
vn -0.0000 -0.1042 0.9946
vn -0.0867 -0.1037 0.9908
vn -0.0850 -0.2234 0.9710
vn 0.3419 0.0319 0.9392
vn 0.3420 0.0040 0.9397
vn 0.3402 0.1042 0.9346
vn 0.8834 -0.2233 0.4119
vn 0.8442 -0.2233 0.4874
vn 0.9014 -0.1037 0.4203
vn 0.8613 -0.1042 0.4973
vn -0.3905 0.3825 0.8374
vn -0.3526 0.5512 0.7562
vn -0.4172 0.5512 0.7226
vn -0.4620 0.3825 0.8002
vn -0.3559 0.7025 0.6163
vn -0.4083 0.7024 0.5830
vn -0.4785 0.5513 0.6834
vn -0.5299 0.3826 0.7568
vn 0.2815 0.8272 0.4863
vn 0.1958 0.9217 0.3350
vn -0.0895 -0.9690 -0.2302
vn -0.0526 -0.9906 -0.1260
vn -0.1378 -0.9187 -0.3701
vn -0.0683 -0.9693 -0.2363
vn -0.0405 -0.9907 -0.1297
vn 0.0849 -0.9693 0.2307
vn 0.0515 -0.9894 0.1357
vn 0.0911 -0.9902 -0.1055
vn 0.0343 -0.9986 -0.0396
vn 0.0316 -0.9986 -0.0425
vn 0.0378 -0.9986 -0.0367
vn 0.0051 -1.0000 -0.0050
vn 0.0047 -1.0000 -0.0053
vn 0.0049 -1.0000 -0.0063
vn 0.1843 -0.7026 -0.6873
vn 0.2159 -0.5512 -0.8059
vn 0.2854 -0.5512 -0.7841
vn 0.2435 -0.7026 -0.6686
vn 0.9159 -0.2234 0.3334
vn 0.9346 -0.1037 0.3402
vn 0.7071 0.0040 0.7071
vn 0.7067 0.0319 0.7067
vn 0.6425 0.0319 0.7657
vn 0.6428 0.0040 0.7660
vn 0.7033 0.1038 0.7033
vn 0.6393 0.1037 0.7619
vn -0.0189 0.9795 -0.2005
vn -0.0000 0.9796 -0.2010
vn 0.8059 0.5512 0.2160
vn 0.7840 0.5513 0.2854
vn 0.6874 0.7025 0.1842
vn 0.6688 0.7025 0.2434
vn 0.6450 0.7025 0.3008
vn 0.7562 0.5513 0.3526
vn 0.5426 0.8273 0.1454
vn 0.5279 0.8273 0.1921
vn 0.5091 0.8273 0.2374
vn -0.0000 -1.0000 -0.0000
vn 0.2396 -0.9698 0.0452
vn 0.1315 -0.9910 0.0260
vn -0.0492 0.8282 0.5583
vn -0.0980 0.8281 0.5520
vn -0.0345 0.9234 0.3823
vn -0.0685 0.9234 0.3777
vn 0.8217 -0.5512 -0.1449
vn 0.7009 -0.7025 -0.1236
vn 0.9099 -0.3825 -0.1604
vn -0.9599 0.2233 0.1693
vn -0.9099 0.3825 0.1604
vn -0.9710 0.2234 0.0850
vn 0.9843 0.0319 -0.1736
vn 0.9848 0.0040 -0.1736
vn 0.9795 0.1036 -0.1727
vn 0.9415 -0.2234 -0.2523
vn 0.9599 -0.2233 -0.1693
vn 0.9607 -0.1037 -0.2574
vn 0.9795 -0.1038 -0.1727
vn 0.9908 -0.1038 -0.0867
vn 0.9710 -0.2233 -0.0850
vn -0.8059 0.5512 0.2159
vn -0.8217 0.5512 0.1449
vn -0.7007 0.7026 0.1236
vn 0.7089 0.7026 0.0620
vn 0.5596 0.8273 0.0490
vn 0.5532 0.8273 0.0975
vn 0.7009 0.7025 0.1236
vn 0.3855 0.9221 0.0337
vn 0.3810 0.9221 0.0672
vn -0.1485 0.9777 -0.1485
vn -0.1593 0.9780 -0.1349
vn -0.1696 0.9780 -0.1211
vn 0.2046 0.9788 -0.0000
vn 0.3870 0.9221 -0.0000
vn 0.2042 0.9788 0.0179
vn 0.0492 0.8282 0.5583
vn -0.0000 0.8282 0.5605
vn -0.0000 0.9234 0.3838
vn -0.0727 -0.5512 -0.8312
vn -0.0000 -0.5512 -0.8343
vn 0.0727 -0.5512 -0.8312
vn -0.9748 0.2233 -0.0000
vn 0.8191 0.0040 0.5736
vn 0.8187 0.0319 0.5733
vn 0.7657 0.0319 0.6425
vn 0.7660 0.0040 0.6428
vn 0.8147 0.1037 0.5705
vn 0.7619 0.1037 0.6393
vn -0.0867 0.1037 0.9908
vn -0.0850 0.2233 0.9710
vn -0.1693 0.2234 0.9599
vn -0.1727 0.1037 0.9795
vn -0.2523 0.2233 0.9415
vn -0.2574 0.1037 0.9607
vn -0.1449 -0.5512 -0.8217
vn -0.1604 -0.3825 -0.9099
vn 0.5596 -0.8273 -0.0490
vn 0.5617 -0.8273 -0.0000
vn -0.0000 0.9796 0.2010
vn -0.0189 0.9795 0.2005
vn 0.2015 0.9788 0.0355
vn 0.5532 -0.8273 -0.0975
vn -0.8217 -0.5512 -0.1449
vn 0.9599 0.2234 0.1693
vn 0.9795 0.1037 0.1727
vn 0.9099 0.3825 0.1604
vn -0.7657 0.0319 0.6425
vn -0.7660 0.0040 0.6428
vn -0.8187 0.0319 0.5733
vn -0.8191 0.0040 0.5736
vn 0.9599 0.2233 -0.1693
vn 0.9099 0.3825 -0.1604
vn -0.2159 0.5512 -0.8059
vn -0.1449 0.5512 -0.8217
vn -0.1604 0.3826 -0.9099
vn 0.5426 0.8273 -0.1454
vn 0.5532 0.8273 -0.0975
vn 0.7008 0.7025 -0.1236
vn 0.5596 0.8273 -0.0490
vn 0.7090 0.7025 -0.0620
vn 0.0450 -0.9692 -0.2421
vn 0.0246 -0.9906 -0.1349
vn 0.0702 -0.9193 -0.3873
vn 0.1043 -0.9188 -0.3807
vn 0.0664 -0.9683 -0.2409
vn 0.0347 -0.9895 -0.1404
vn 0.1923 0.9788 -0.0700
vn 0.3636 0.9221 -0.1323
vn 0.5279 -0.8273 0.1921
vn 0.3526 -0.5512 0.7562
vn 0.2854 -0.5512 0.7840
vn 0.3160 -0.3825 0.8682
vn 0.2160 -0.5512 0.8059
vn 0.9159 -0.2234 -0.3334
vn 0.9346 -0.1038 -0.3402
vn -0.4226 0.0040 0.9063
vn -0.4224 0.0319 0.9058
vn -0.4998 0.0315 0.8656
vn -0.5000 0.0040 0.8660
vn -0.4203 0.1037 0.9014
vn -0.4973 0.1037 0.8614
vn -0.9160 0.2233 -0.3334
vn -0.3526 0.5512 -0.7562
vn -0.2854 0.5512 -0.7841
vn 0.1928 0.8277 -0.5270
vn 0.2380 0.8275 -0.5085
vn -0.0558 0.9792 0.1950
vn -0.0732 0.9790 0.1901
vn -0.0900 0.9787 0.1845
vn 0.2152 -0.9687 -0.1240
vn 0.1196 -0.9905 -0.0684
vn 0.2809 -0.8273 0.4865
vn 0.3558 -0.7025 0.6163
vn 0.6835 -0.5512 -0.4786
vn 0.7226 -0.5512 -0.4172
vn 0.8442 0.2232 0.4874
vn 0.8613 0.1038 0.4973
vn 0.8001 0.3826 0.4620
vn 0.7985 0.2234 0.5591
vn -0.2588 0.0040 0.9659
vn -0.2587 0.0319 0.9654
vn -0.3419 0.0314 0.9392
vn -0.3420 0.0040 0.9397
vn -0.3402 0.1037 0.9346
vn 0.4874 -0.2234 -0.8441
vn 0.4973 -0.1037 -0.8614
vn -0.4172 0.5512 -0.7226
vn 0.2815 0.8272 -0.4863
vn 0.1958 0.9217 -0.3350
vn -0.1845 0.9787 -0.0900
vn -0.1772 0.9785 -0.1057
vn -0.3350 0.9217 -0.1958
vn 0.2116 -0.9630 0.1671
vn 0.3076 -0.9163 0.2563
vn 0.1505 -0.9826 0.1093
vn 0.4303 -0.8273 0.3611
vn 0.5452 -0.7025 0.4575
vn 0.5899 -0.5513 -0.5899
vn 0.6392 -0.5512 -0.5363
vn 0.7078 -0.3825 -0.5939
vn 0.7467 -0.2232 -0.6266
vn 0.7619 -0.1037 -0.6393
vn 0.9063 0.0040 0.4226
vn 0.9058 0.0319 0.4224
vn 0.8656 0.0319 0.4997
vn 0.8660 0.0040 0.5000
vn 0.7467 0.2233 0.6266
vn 0.6893 0.2233 0.6893
vn 0.6392 0.5512 -0.5363
vn 0.4602 0.8273 0.3222
vn 0.4305 0.8272 0.3611
vn 0.1212 0.9781 -0.1692
vn 0.1352 0.9781 -0.1581
vn -0.0949 -0.9911 -0.0928
vn -0.0517 -0.9973 -0.0528
vn -0.0117 -0.9991 -0.0406
vn -0.0246 -0.9994 -0.0263
vn -0.0061 -1.0000 -0.0061
vn -0.0428 -0.9989 -0.0172
vn -0.0579 -0.9980 -0.0254
vn -0.0401 -0.9991 -0.0166
vn -0.0038 -1.0000 -0.0013
vn -0.0231 -0.9997 -0.0116
vn -0.0040 -1.0000 -0.0017
vn -0.0401 -0.9989 -0.0230
vn -0.1357 -0.9894 -0.0515
vn -0.0561 -0.9982 -0.0228
vn -0.0379 -0.9992 -0.0095
vn -0.0027 -1.0000 -0.0011
vn -0.0225 -0.9997 -0.0066
vn -0.0039 -1.0000 -0.0000
vn -0.0392 -0.9992 -0.0076
vn 0.0468 -0.9989 0.0077
vn 0.0490 -0.9988 0.0053
vn 0.0392 -0.9992 0.0076
vn 0.0039 -1.0000 -0.0000
vn 0.0060 -1.0000 0.0008
vn 0.0069 -1.0000 0.0008
vn 0.0490 -0.9988 0.0031
vn 0.0521 -0.9986 0.0025
vn 0.0063 -1.0000 0.0006
vn 0.0075 -1.0000 -0.0012
vn -0.0668 -0.9977 0.0117
vn -0.0476 -0.9987 0.0192
vn -0.0521 -0.9986 -0.0025
vn -0.0075 -1.0000 0.0012
vn -0.0029 -1.0000 0.0073
vn -0.0025 -1.0000 0.0062
vn -0.0186 -0.9988 0.0462
vn -0.0212 -0.9986 0.0479
vn -0.0191 -0.9987 0.0476
vn 0.5363 -0.5512 -0.6392
vn 0.4576 -0.7024 -0.5452
vn -0.0053 -1.0000 0.0053
vn -0.0049 -1.0000 0.0057
vn -0.0344 -0.9986 0.0410
vn -0.0377 -0.9986 0.0377
vn -0.0048 -1.0000 0.0066
vn -0.0310 -0.9985 0.0443
vn -0.0024 -1.0000 -0.0082
vn -0.0027 -1.0000 -0.0060
vn 0.0018 -1.0000 0.0040
vn 0.0012 -1.0000 0.0028
vn -0.0000 -1.0000 0.0039
vn -0.0461 -0.9988 0.0185
vn -0.0479 -0.9986 0.0212
vn -0.0062 -1.0000 0.0025
vn -0.0071 -1.0000 0.0028
vn 0.0072 -1.0000 -0.0029
vn 0.0062 -1.0000 -0.0025
vn -0.0066 -1.0000 0.0048
vn -0.0077 -1.0000 0.0042
vn 0.0054 -1.0000 -0.0046
vn 0.0066 -1.0000 -0.0048
vn -0.0462 -0.9695 -0.2407
vn -0.0275 -0.9908 -0.1324
vn 0.0471 -0.9985 -0.0264
vn 0.0442 -0.9985 -0.0309
vn 0.0479 -0.9986 -0.0212
vn 0.0077 -1.0000 -0.0042
vn 0.0027 -1.0000 0.0011
vn 0.0040 -1.0000 0.0018
vn 0.5591 0.2233 0.7985
vn 0.4874 0.2233 0.8442
vn 0.4119 0.2233 0.8834
vn -0.0113 -0.9987 -0.0497
vn -0.0018 -1.0000 -0.0069
vn -0.0026 -1.0000 -0.0066
vn -0.0165 -0.9987 -0.0485
vn -0.0043 -1.0000 0.0078
vn 0.0462 -0.9988 -0.0186
vn 0.0476 -0.9987 -0.0192
vn 0.0097 -0.9986 -0.0525
vn 0.0083 -0.9987 -0.0499
vn 0.0031 -1.0000 -0.0084
vn 0.0010 -1.0000 -0.0066
vn -0.0066 -1.0000 -0.0008
vn -0.0057 -1.0000 -0.0008
vn 0.0076 -0.9992 0.0393
vn 0.0077 -0.9989 0.0468
vn 0.0008 -1.0000 0.0060
vn -0.0112 -0.9977 0.0670
vn -0.0063 -1.0000 -0.0006
vn 0.8656 0.0314 -0.4998
vn 0.8660 0.0040 -0.5000
vn -0.0490 -0.9988 -0.0031
vn -0.0490 -0.9988 -0.0053
vn 0.0301 -0.9986 -0.0431
vn 0.0308 -0.9985 -0.0447
vn 0.0049 -1.0000 -0.0067
vn -0.0467 -0.9989 -0.0077
vn 0.0262 -0.9976 -0.0640
vn 0.0566 -0.9883 -0.1416
vn -0.0054 -1.0000 0.0046
vn -0.0201 -0.9987 -0.0458
vn -0.0235 -0.9987 -0.0453
vn 0.0066 -0.9997 0.0225
vn 0.0095 -0.9992 0.0379
vn 0.0233 -0.9989 0.0400
vn 0.0228 -0.9982 0.0561
vn -0.2307 -0.9693 -0.0849
vn -0.0033 -1.0000 -0.0068
vn 0.0042 -1.0000 0.0018
vn 0.0066 -1.0000 0.0066
vn 0.0017 -1.0000 0.0042
vn 0.0122 -0.9997 0.0223
vn 0.0163 -0.9992 0.0375
vn 0.0180 -0.9990 0.0403
vn 0.0255 -0.9981 0.0555
vn -0.0410 -0.9986 0.0344
vn -0.0443 -0.9985 0.0310
vn -0.0471 -0.9985 0.0264
vn 0.0668 -0.9977 -0.0115
vn 0.0410 -0.9986 -0.0340
vn -0.0209 -0.9987 -0.0461
vn 0.0225 -0.9997 0.0066
vn 0.0379 -0.9992 0.0095
vn 0.0561 -0.9982 0.0228
vn 0.0400 -0.9989 0.0233
vn 0.0223 -0.9997 0.0122
vn 0.0374 -0.9992 0.0163
vn 0.0555 -0.9981 0.0255
vn 0.0403 -0.9990 0.0180
vn 0.0261 -0.9993 0.0261
vn 0.0534 -0.9971 0.0534
vn 0.0931 -0.9913 0.0931
vn 0.1058 0.9785 0.1772
vn 0.0901 0.9787 0.1846
vn -0.3222 -0.8274 0.4601
vn -0.3610 -0.8273 0.4303
vn 0.6392 -0.5512 0.5363
vn 0.5900 -0.5512 0.5900
vn -0.4120 -0.2232 -0.8834
vn -0.3334 -0.2233 -0.9160
vn -0.4203 -0.1042 -0.9014
vn -0.3402 -0.1036 -0.9346
vn -0.2574 -0.1036 -0.9607
vn -0.2523 -0.2233 -0.9415
vn -0.8656 0.0319 0.4997
vn -0.8660 0.0040 0.5000
vn 0.6265 -0.2234 0.7467
vn 0.5939 -0.3825 0.7078
vn 0.6393 -0.1042 0.7619
vn -0.5363 0.5512 0.6391
vn -0.5939 0.3826 0.7078
vn -0.4576 0.7024 0.5453
vn -0.3619 0.8266 -0.4310
vn -0.2513 0.9207 -0.2986
vn -0.1350 0.9779 -0.1593
vn -0.1212 0.9781 -0.1695
vn -0.1057 0.9785 0.1772
vn -0.1958 0.9217 0.3350
vn -0.1213 0.9781 0.1690
vn -0.2245 0.9211 0.3181
vn -0.2374 -0.8273 0.5091
vn -0.2808 -0.8273 0.4864
vn 0.4864 0.8273 0.2808
vn 0.6164 0.7025 0.3559
vn -0.4119 -0.2233 0.8834
vn -0.4874 -0.2234 0.8441
vn -0.4203 -0.1036 0.9014
vn -0.4973 -0.1037 0.8614
vn 0.9659 0.0040 0.2588
vn 0.9654 0.0319 0.2587
vn 0.9392 0.0319 0.3419
vn 0.9397 0.0040 0.3420
vn -0.4119 0.2233 0.8834
vn -0.4874 0.2232 0.8442
vn -0.5591 0.2233 0.7985
vn 0.7226 0.5512 0.4172
vn -0.2815 0.8272 0.4863
vn -0.3229 0.8269 0.4604
vn -0.1058 0.9785 -0.1772
vn 0.0732 0.9790 0.1901
vn -0.1454 -0.8273 0.5426
vn -0.1921 -0.8273 0.5279
vn -0.2434 -0.7025 0.6687
vn -0.2854 0.5512 0.7840
vn -0.3160 0.3825 0.8682
vn -0.2523 -0.2232 0.9415
vn -0.3334 -0.2233 0.9160
vn -0.3160 -0.3825 0.8682
vn -0.2574 -0.1038 0.9607
vn -0.3402 -0.1042 0.9346
vn -0.6425 0.0319 -0.7657
vn -0.6428 0.0040 -0.7660
vn -0.3334 0.2234 0.9159
vn -0.7841 0.5512 0.2854
vn -0.1928 -0.8277 -0.5270
vn -0.1950 0.9792 -0.0558
vn -0.1901 0.9790 -0.0732
vn -0.0376 0.9794 0.1982
vn -0.0975 -0.8273 0.5532
vn 0.1449 -0.5512 0.8217
vn 0.0727 -0.5512 0.8312
vn -0.1693 0.2234 -0.9599
vn -0.0000 0.0315 0.9995
vn -0.0000 0.0040 1.0000
vn -0.0000 0.1042 0.9946
vn -0.0871 0.0315 0.9957
vn -0.0872 0.0040 0.9962
vn -0.1693 -0.2233 -0.9599
vn -0.1727 -0.1038 -0.9795
vn 0.8312 0.5512 0.0727
vn 0.8216 0.5513 0.1449
vn -0.5520 0.8281 0.0980
vn -0.3777 0.9234 0.0685
vn -0.0376 0.9794 -0.1982
vn -0.0264 -0.9985 0.0471
vn -0.5519 0.8281 -0.0980
vn -0.3780 0.9233 -0.0687
vn -0.0000 -0.5512 0.8343
vn 0.0850 0.2233 0.9711
vn -0.0000 0.2232 0.9748
vn -0.1736 0.0319 0.9843
vn -0.1736 0.0040 0.9848
vn 0.9747 -0.2233 -0.0000
vn 0.9946 -0.1038 -0.0000
vn 0.8312 0.5512 -0.0727
vn 0.8343 0.5512 -0.0000
vn 0.7117 0.7025 -0.0000
vn -0.5617 -0.8273 -0.0000
vn -0.2005 0.9795 0.0189
vn -0.2010 0.9796 -0.0000
vn -0.2005 0.9795 -0.0189
vn -0.1950 0.9792 0.0558
vn -0.1982 0.9794 0.0376
vn 0.0980 -0.8281 -0.5520
vn 0.1236 -0.7026 -0.7007
vn 0.1460 -0.8279 -0.5415
vn 0.1449 -0.5512 -0.8217
vn -0.1693 -0.2233 0.9599
vn -0.1727 -0.1037 0.9795
vn -0.9843 0.0319 -0.1736
vn -0.9848 0.0040 -0.1736
vn 0.2523 0.2233 0.9415
vn 0.1693 0.2234 0.9599
vn 0.8217 0.5512 -0.1449
vn 0.0980 0.8281 0.5519
vn -0.1982 0.9794 -0.0376
vn 0.0910 -0.9673 -0.2365
vn 0.1381 -0.9182 -0.3712
vn 0.1927 -0.8278 -0.5269
vn -0.2854 -0.5513 0.7840
vn 0.3334 -0.2233 0.9160
vn 0.3402 -0.1037 0.9346
vn 0.1736 0.0319 -0.9843
vn 0.1736 0.0040 -0.9848
vn 0.3334 0.2234 0.9159
vn 0.3160 0.3825 0.8682
vn 0.2854 0.5512 0.7841
vn 0.5279 0.8273 -0.1921
vn -0.1845 0.9787 0.0900
vn -0.1901 0.9790 0.0732
vn 0.1058 0.9785 -0.1772
vn 0.5617 0.8273 -0.0000
vn 0.4786 -0.5512 0.6835
vn 0.4172 -0.5512 0.7226
vn 0.4874 0.2234 -0.8441
vn 0.4973 0.1037 -0.8614
vn 0.4997 0.0319 -0.8656
vn 0.5000 0.0040 -0.8660
vn -0.4874 -0.2234 -0.8441
vn -0.4620 -0.3825 -0.8002
vn -0.4973 -0.1042 -0.8613
vn -0.4172 -0.5512 -0.7226
vn -0.4863 0.8272 -0.2815
vn -0.1772 0.9785 0.1058
vn 0.1634 -0.9678 -0.1914
vn 0.2575 -0.9170 -0.3048
vn 0.3619 -0.8267 -0.4307
vn 0.5363 -0.5512 0.6391
vn 0.6266 0.2233 0.7467
vn 0.5939 0.3827 0.7077
vn -0.6266 0.2232 0.7467
vn 0.5363 0.5512 0.6391
vn -0.3619 0.8266 0.4310
vn -0.2514 0.9207 0.2986
vn -0.1350 0.9779 0.1593
vn 0.9843 0.0315 0.1736
vn 0.9848 0.0040 0.1736
vn 0.9957 -0.0319 0.0871
vn 0.9843 -0.0319 0.1736
vn 0.9962 -0.0040 0.0872
vn 0.9848 -0.0040 0.1736
vn 0.9659 -0.0040 0.2588
vn 0.9654 -0.0319 0.2587
vn 0.9962 -0.0000 0.0872
vn 0.9848 -0.0000 0.1736
vn 0.9659 -0.0000 0.2588
vn 0.4224 -0.0319 -0.9058
vn 0.4998 -0.0314 -0.8656
vn 0.4226 -0.0040 -0.9063
vn 0.5000 -0.0040 -0.8660
vn 0.5736 -0.0040 -0.8191
vn 0.5733 -0.0319 -0.8187
vn 0.4226 -0.0000 -0.9063
vn 0.5000 -0.0000 -0.8660
vn 0.5736 -0.0000 -0.8192
vn 0.0871 -0.0315 -0.9957
vn 0.1736 -0.0315 -0.9843
vn 0.0872 -0.0040 -0.9962
vn 0.1736 -0.0040 -0.9848
vn 0.2588 -0.0040 -0.9659
vn 0.2587 -0.0319 -0.9654
vn 0.0872 -0.0000 -0.9962
vn 0.1736 -0.0000 -0.9848
vn 0.2588 -0.0000 -0.9659
vn 0.1737 -0.0000 -0.9848
vn -0.9957 -0.0319 -0.0871
vn -0.9843 -0.0319 -0.1736
vn -0.9962 -0.0040 -0.0872
vn -0.9848 -0.0040 -0.1736
vn -0.9659 -0.0040 -0.2588
vn -0.9654 -0.0319 -0.2587
vn -0.9962 -0.0000 -0.0872
vn -0.9848 -0.0000 -0.1736
vn -0.9659 -0.0000 -0.2588
vn -0.0871 -0.0319 0.9957
vn -0.1736 -0.0315 0.9843
vn -0.0872 -0.0040 0.9962
vn -0.1736 -0.0040 0.9848
vn -0.2588 -0.0040 0.9659
vn -0.2587 -0.0319 0.9654
vn -0.0872 -0.0000 0.9962
vn -0.1736 -0.0000 0.9848
vn -0.2588 -0.0000 0.9659
vn 0.0871 -0.0315 0.9957
vn -0.0000 -0.0319 0.9995
vn 0.0872 -0.0040 0.9962
vn -0.0000 -0.0040 1.0000
vn 0.0872 -0.0000 0.9962
vn -0.0000 -0.0000 1.0000
vn -0.7067 -0.0319 -0.7067
vn -0.6425 -0.0319 -0.7657
vn -0.7071 -0.0040 -0.7071
vn -0.6428 -0.0040 -0.7660
vn -0.5736 -0.0040 -0.8191
vn -0.5733 -0.0319 -0.8187
vn -0.7071 -0.0000 -0.7071
vn -0.6428 -0.0000 -0.7660
vn -0.5736 -0.0000 -0.8192
vn 0.9392 -0.0315 0.3419
vn 0.9397 -0.0040 0.3420
vn 0.9063 -0.0040 0.4226
vn 0.9059 -0.0315 0.4224
vn 0.9397 -0.0000 0.3420
vn 0.9063 -0.0000 0.4226
vn -0.8187 -0.0319 0.5733
vn -0.8656 -0.0319 0.4997
vn -0.8191 -0.0040 0.5736
vn -0.8660 -0.0040 0.5000
vn -0.9063 -0.0040 0.4226
vn -0.9058 -0.0319 0.4224
vn -0.8192 -0.0000 0.5736
vn -0.8660 -0.0000 0.5000
vn -0.9063 -0.0000 0.4226
vn 0.8187 -0.0319 -0.5733
vn 0.8656 -0.0319 -0.4997
vn 0.8191 -0.0040 -0.5736
vn 0.8660 -0.0040 -0.5000
vn 0.9063 -0.0040 -0.4226
vn 0.9058 -0.0319 -0.4224
vn 0.8192 -0.0000 -0.5736
vn 0.8660 -0.0000 -0.5000
vn 0.9063 -0.0000 -0.4226
vn 0.8656 -0.0319 0.4997
vn 0.8660 -0.0040 0.5000
vn 0.8191 -0.0040 0.5736
vn 0.8187 -0.0319 0.5733
vn 0.8660 -0.0000 0.5000
vn 0.8192 -0.0000 0.5736
vn -0.3419 -0.0315 0.9392
vn -0.3420 -0.0040 0.9397
vn -0.4226 -0.0040 0.9063
vn -0.4224 -0.0319 0.9058
vn -0.3420 -0.0000 0.9397
vn -0.4226 -0.0000 0.9063
vn -0.4998 -0.0314 0.8656
vn -0.5000 -0.0040 0.8660
vn -0.5736 -0.0040 0.8191
vn -0.5733 -0.0319 0.8187
vn -0.5000 -0.0000 0.8660
vn -0.5736 -0.0000 0.8192
vn -0.7067 -0.0319 0.7067
vn -0.7657 -0.0314 0.6425
vn -0.7071 -0.0040 0.7071
vn -0.7660 -0.0040 0.6428
vn -0.7071 -0.0000 0.7071
vn -0.7660 -0.0000 0.6428
vn 0.7657 -0.0319 0.6425
vn 0.7660 -0.0040 0.6428
vn 0.7071 -0.0040 0.7071
vn 0.7067 -0.0319 0.7067
vn 0.7660 -0.0000 0.6428
vn 0.7071 -0.0000 0.7071
vn 0.9654 -0.0319 -0.2587
vn 0.9843 -0.0315 -0.1736
vn 0.9659 -0.0040 -0.2588
vn 0.9848 -0.0040 -0.1736
vn 0.9962 -0.0040 -0.0872
vn 0.9957 -0.0319 -0.0871
vn 0.9659 -0.0000 -0.2588
vn 0.9848 -0.0000 -0.1737
vn 0.9962 -0.0000 -0.0872
vn 0.6425 -0.0314 0.7657
vn 0.6428 -0.0040 0.7660
vn 0.5736 -0.0040 0.8191
vn 0.5733 -0.0319 0.8187
vn 0.6428 -0.0000 0.7660
vn 0.5736 -0.0000 0.8192
vn 0.4224 -0.0319 0.9058
vn 0.3419 -0.0319 0.9392
vn 0.4226 -0.0040 0.9063
vn 0.3420 -0.0040 0.9397
vn 0.2588 -0.0040 0.9659
vn 0.2587 -0.0315 0.9654
vn 0.4226 -0.0000 0.9063
vn 0.3420 -0.0000 0.9397
vn 0.2588 -0.0000 0.9659
vn 0.1736 -0.0319 0.9843
vn 0.1736 -0.0040 0.9848
vn 0.1737 -0.0000 0.9848
vn 0.4997 -0.0319 0.8656
vn 0.5000 -0.0040 0.8660
vn 0.5000 -0.0000 0.8660
vn 0.9392 -0.0315 -0.3419
vn 0.9397 -0.0040 -0.3420
vn 0.9397 -0.0000 -0.3420
vn -0.4224 -0.0319 -0.9058
vn -0.3419 -0.0314 -0.9392
vn -0.4226 -0.0040 -0.9063
vn -0.3420 -0.0040 -0.9397
vn -0.2588 -0.0040 -0.9659
vn -0.2587 -0.0319 -0.9654
vn -0.4226 -0.0000 -0.9063
vn -0.3420 -0.0000 -0.9397
vn -0.2588 -0.0000 -0.9659
vn 0.7068 -0.0315 -0.7068
vn 0.7657 -0.0315 -0.6425
vn 0.7071 -0.0040 -0.7071
vn 0.7660 -0.0040 -0.6428
vn 0.7071 -0.0000 -0.7071
vn 0.7660 -0.0000 -0.6428
vn -0.0871 -0.0319 -0.9957
vn -0.0000 -0.0315 -0.9995
vn -0.0872 -0.0040 -0.9962
vn -0.0000 -0.0040 -1.0000
vn -0.0872 -0.0000 -0.9962
vn -0.0000 -0.0000 -1.0000
vn -0.1736 -0.0315 -0.9843
vn -0.1736 -0.0040 -0.9848
vn -0.1736 -0.0000 -0.9848
vn -0.1737 -0.0000 -0.9848
vn -0.8187 -0.0319 -0.5733
vn -0.7657 -0.0319 -0.6425
vn -0.8191 -0.0040 -0.5736
vn -0.7660 -0.0040 -0.6428
vn -0.8192 -0.0000 -0.5736
vn -0.7660 -0.0000 -0.6428
vn -0.6425 -0.0319 0.7657
vn -0.6428 -0.0040 0.7660
vn -0.6428 -0.0000 0.7660
vn 0.9995 -0.0315 -0.0000
vn 1.0000 -0.0040 -0.0000
vn 1.0000 -0.0000 -0.0000
vn -0.4998 -0.0315 -0.8656
vn -0.5000 -0.0040 -0.8660
vn -0.5000 -0.0000 -0.8660
vn -0.9654 -0.0315 0.2587
vn -0.9843 -0.0315 0.1736
vn -0.9659 -0.0040 0.2588
vn -0.9848 -0.0040 0.1736
vn -0.9962 -0.0040 0.0872
vn -0.9957 -0.0314 0.0871
vn -0.9659 -0.0000 0.2588
vn -0.9848 -0.0000 0.1736
vn -0.9962 -0.0000 0.0872
vn 0.6425 -0.0319 -0.7657
vn 0.6428 -0.0040 -0.7660
vn 0.6428 -0.0000 -0.7660
vn -0.9995 -0.0314 -0.0000
vn -1.0000 -0.0040 -0.0000
vn -1.0000 -0.0000 -0.0000
vn 0.3419 -0.0319 -0.9392
vn 0.3420 -0.0040 -0.9397
vn 0.3420 -0.0000 -0.9397
vn -0.9392 -0.0319 0.3419
vn -0.9397 -0.0040 0.3420
vn -0.9397 -0.0000 0.3420
vn -0.9058 -0.0319 -0.4224
vn -0.8656 -0.0319 -0.4997
vn -0.9063 -0.0040 -0.4226
vn -0.8660 -0.0040 -0.5000
vn -0.9063 -0.0000 -0.4226
vn -0.8660 -0.0000 -0.5000
vn -0.9392 -0.0315 -0.3419
vn -0.9397 -0.0040 -0.3420
vn -0.9397 -0.0000 -0.3420
vt 0.880859 0.984375
vt 0.880859 0.984375
vt 0.880859 0.984375
vt 0.880859 0.984375
vt 0.910200 0.967376
vt 0.912588 0.974002
vt 0.909551 0.974049
vt 0.906855 0.967458
vt 0.915311 0.978930
vt 0.912600 0.979037
vt 0.909811 0.980212
vt 0.906563 0.974285
vt 0.903314 0.968357
vt 0.880859 0.984375
vt 0.880859 0.984375
vt 0.880859 0.984375
vt 0.880859 0.984375
vt 0.906786 0.950085
vt 0.908242 0.959298
vt 0.904672 0.959329
vt 0.903017 0.950129
vt 0.901144 0.959487
vt 0.898973 0.950616
vt 0.880859 0.984375
vt 0.880859 0.984375
vt 0.922914 0.907813
vt 0.922926 0.918731
vt 0.918241 0.918731
vt 0.918226 0.907813
vt 0.923007 0.929530
vt 0.918348 0.929530
vt 0.913835 0.929530
vt 0.913703 0.918731
vt 0.913684 0.907813
vt 0.880859 0.984375
vt 0.905177 0.907813
vt 0.905202 0.918731
vt 0.901275 0.918734
vt 0.901251 0.907813
vt 0.905382 0.929530
vt 0.901460 0.929543
vt 0.897449 0.929688
vt 0.897449 0.918751
vt 0.897449 0.907813
vt 0.932833 0.950085
vt 0.933054 0.959297
vt 0.928642 0.959298
vt 0.928201 0.950085
vt 0.933352 0.967376
vt 0.929235 0.967376
vt 0.925181 0.967376
vt 0.924298 0.959297
vt 0.923640 0.950085
vt 0.949819 0.967376
vt 0.948741 0.974002
vt 0.945042 0.974002
vt 0.945765 0.967376
vt 0.947513 0.978930
vt 0.944218 0.978930
vt 0.940872 0.978930
vt 0.941286 0.974002
vt 0.941648 0.967376
vt 0.880859 0.984375
vt 0.969823 0.907813
vt 0.969798 0.918731
vt 0.965655 0.918731
vt 0.965677 0.907813
vt 0.969618 0.929530
vt 0.965498 0.929530
vt 0.961165 0.929530
vt 0.961297 0.918731
vt 0.961316 0.907813
vt 0.976027 0.950616
vt 0.973857 0.959487
vt 0.970328 0.959329
vt 0.971984 0.950129
vt 0.971686 0.968357
vt 0.968145 0.967458
vt 0.964800 0.967376
vt 0.966758 0.959298
vt 0.968214 0.950085
vt 0.880859 0.984375
vt 0.880859 0.984375
vt 0.880859 0.984375
vt 0.880859 0.984375
vt 0.880859 0.984375
vt 0.880859 0.984375
vt 0.880859 0.984375
vt 0.880859 0.984375
vt 0.880859 0.984375
vt 0.880859 0.984375
vt 0.880859 0.984375
vt 0.880859 0.984375
vt 0.880859 0.984375
vt 0.880859 0.984375
vt 0.880859 0.984375
vt 0.880859 0.984375
vt 0.880859 0.984375
vt 0.880859 0.984375
vt 0.880859 0.984375
vt 0.880859 0.984375
vt 0.880859 0.984375
vt 0.880859 0.984375
vt 0.880859 0.984375
vt 0.957615 0.967376
vt 0.955856 0.974002
vt 0.952355 0.974002
vt 0.953779 0.967376
vt 0.953850 0.978930
vt 0.950732 0.978930
vt 0.971686 0.781643
vt 0.973857 0.790514
vt 0.970328 0.790671
vt 0.968145 0.782542
vt 0.976027 0.799384
vt 0.971984 0.799871
vt 0.968214 0.799915
vt 0.966758 0.790703
vt 0.964800 0.782624
vt 0.906786 0.799915
vt 0.905865 0.809934
vt 0.902008 0.809920
vt 0.903017 0.799871
vt 0.905382 0.820470
vt 0.901460 0.820457
vt 0.897449 0.820312
vt 0.898211 0.809848
vt 0.898973 0.799384
vt 0.957525 0.765625
vt 0.961357 0.767707
vt 0.959076 0.767840
vt 0.955635 0.765625
vt 0.965189 0.769788
vt 0.962401 0.770963
vt 0.959690 0.771070
vt 0.956741 0.767867
vt 0.953744 0.765625
vt 0.959689 0.771070
vt 0.962412 0.775998
vt 0.959217 0.775998
vt 0.956843 0.771070
vt 0.964800 0.782624
vt 0.961298 0.782624
vt 0.957615 0.782624
vt 0.955856 0.775998
vt 0.953850 0.771070
vt 0.917385 0.782624
vt 0.915943 0.790703
vt 0.911996 0.790703
vt 0.913702 0.782624
vt 0.914870 0.799915
vt 0.910726 0.799915
vt 0.906786 0.799915
vt 0.908242 0.790703
vt 0.910200 0.782624
vt 0.914870 0.950085
vt 0.915943 0.959297
vt 0.911996 0.959298
vt 0.910726 0.950085
vt 0.917385 0.967376
vt 0.913702 0.967376
vt 0.908242 0.959297
vt 0.906786 0.950085
vt 0.964800 0.967376
vt 0.962412 0.974002
vt 0.959217 0.974002
vt 0.961298 0.967376
vt 0.959689 0.978930
vt 0.956843 0.978930
vt 0.953850 0.771070
vt 0.951678 0.767867
vt 0.954270 0.767867
vt 0.949469 0.765625
vt 0.951607 0.765625
vt 0.956741 0.767867
vt 0.959689 0.771070
vt 0.923225 0.940066
vt 0.918636 0.940066
vt 0.919185 0.950085
vt 0.914191 0.940066
vt 0.960809 0.940066
vt 0.956364 0.940066
vt 0.956652 0.929530
vt 0.960131 0.950085
vt 0.955815 0.950085
vt 0.951360 0.950085
vt 0.951775 0.940066
vt 0.951993 0.929530
vt 0.920054 0.959298
vt 0.921221 0.967376
vt 0.927487 0.978930
vt 0.928818 0.982133
vt 0.926028 0.982133
vt 0.924268 0.978930
vt 0.930170 0.984375
vt 0.927851 0.984375
vt 0.925531 0.984375
vt 0.923323 0.982133
vt 0.921151 0.978930
vt 0.932833 0.799915
vt 0.932693 0.809934
vt 0.927922 0.809934
vt 0.928201 0.799915
vt 0.932620 0.820470
vt 0.927776 0.820470
vt 0.923007 0.820470
vt 0.923225 0.809934
vt 0.923640 0.799915
vt 0.952086 0.907813
vt 0.952074 0.918731
vt 0.947278 0.918731
vt 0.947286 0.907813
vt 0.947224 0.929530
vt 0.942381 0.929530
vt 0.942408 0.918731
vt 0.942412 0.907813
vt 0.933714 0.974002
vt 0.929958 0.974002
vt 0.934128 0.978930
vt 0.930782 0.978930
vt 0.927487 0.978930
vt 0.926259 0.974002
vt 0.937500 0.974002
vt 0.937500 0.967376
vt 0.937500 0.978930
vt 0.942167 0.950085
vt 0.941946 0.959297
vt 0.937500 0.959298
vt 0.937500 0.950085
vt 0.942167 0.799915
vt 0.942307 0.809934
vt 0.937500 0.809934
vt 0.937500 0.799915
vt 0.942381 0.820470
vt 0.937500 0.820470
vt 0.937500 0.918731
vt 0.937500 0.907813
vt 0.937500 0.929530
vt 0.932620 0.929530
vt 0.932592 0.918731
vt 0.932588 0.907813
vt 0.942307 0.940066
vt 0.937500 0.940066
vt 0.932693 0.940066
vt 0.940872 0.771070
vt 0.941286 0.775998
vt 0.937500 0.775998
vt 0.937500 0.771070
vt 0.941648 0.782624
vt 0.937500 0.782624
vt 0.933352 0.782624
vt 0.933714 0.775998
vt 0.934128 0.771070
vt 0.934128 0.771070
vt 0.934576 0.767867
vt 0.937500 0.767867
vt 0.937500 0.771070
vt 0.935032 0.765625
vt 0.937500 0.765625
vt 0.939968 0.765625
vt 0.940424 0.767867
vt 0.947513 0.771070
vt 0.948741 0.775998
vt 0.945042 0.775998
vt 0.944218 0.771070
vt 0.949819 0.782624
vt 0.945765 0.782624
vt 0.927922 0.940066
vt 0.927776 0.929530
vt 0.934576 0.982133
vt 0.931676 0.982133
vt 0.930782 0.978930
vt 0.935032 0.984375
vt 0.932601 0.984375
vt 0.959057 0.790703
vt 0.954946 0.790703
vt 0.953779 0.782624
vt 0.960131 0.799915
vt 0.955815 0.799915
vt 0.951360 0.799915
vt 0.950702 0.790703
vt 0.918636 0.809934
vt 0.919185 0.799915
vt 0.918348 0.820470
vt 0.913835 0.820470
vt 0.914191 0.809934
vt 0.956759 0.918731
vt 0.956774 0.907813
vt 0.953850 0.978930
vt 0.951678 0.982133
vt 0.948972 0.982133
vt 0.950732 0.978930
vt 0.949469 0.984375
vt 0.947150 0.984375
vt 0.944830 0.984375
vt 0.946183 0.982133
vt 0.947513 0.978930
vt 0.921151 0.771070
vt 0.919144 0.775998
vt 0.915784 0.775998
vt 0.918157 0.771070
vt 0.912588 0.775998
vt 0.915311 0.771070
vt 0.969135 0.940066
vt 0.965077 0.940066
vt 0.968214 0.950085
vt 0.964274 0.950085
vt 0.918259 0.767867
vt 0.920730 0.767867
vt 0.918157 0.771070
vt 0.921256 0.765625
vt 0.923394 0.765625
vt 0.925531 0.765625
vt 0.923323 0.767867
vt 0.921150 0.771070
vt 0.968438 0.775716
vt 0.965449 0.775951
vt 0.976789 0.809848
vt 0.972992 0.809920
vt 0.977551 0.820312
vt 0.973540 0.820457
vt 0.969618 0.820470
vt 0.969135 0.809934
vt 0.977551 0.929688
vt 0.976789 0.940152
vt 0.972992 0.940080
vt 0.973540 0.929543
vt 0.969135 0.940066
vt 0.969618 0.929530
vt 0.898211 0.940152
vt 0.902008 0.940080
vt 0.903017 0.950129
vt 0.901460 0.929543
vt 0.905382 0.929530
vt 0.905865 0.940066
vt 0.951677 0.767867
vt 0.948972 0.767867
vt 0.947150 0.765625
vt 0.953850 0.771070
vt 0.950732 0.771070
vt 0.947513 0.771070
vt 0.946183 0.767867
vt 0.944830 0.765625
vt 0.925181 0.782624
vt 0.924298 0.790703
vt 0.920054 0.790703
vt 0.921221 0.782624
vt 0.940872 0.978930
vt 0.940424 0.982133
vt 0.937500 0.982133
vt 0.937500 0.978930
vt 0.939968 0.984375
vt 0.937500 0.984375
vt 0.880859 0.984375
vt 0.880859 0.984375
vt 0.880859 0.984375
vt 0.941946 0.790703
vt 0.937500 0.790703
vt 0.933054 0.790703
vt 0.946358 0.790703
vt 0.946799 0.799915
vt 0.950702 0.959297
vt 0.946358 0.959298
vt 0.946799 0.950085
vt 0.934576 0.767867
vt 0.931676 0.767867
vt 0.932601 0.765625
vt 0.934128 0.771070
vt 0.930782 0.771070
vt 0.927487 0.771070
vt 0.928818 0.767867
vt 0.930170 0.765625
vt 0.959057 0.959297
vt 0.954946 0.959298
vt 0.922645 0.974002
vt 0.924269 0.978930
vt 0.921151 0.978930
vt 0.919144 0.974002
vt 0.909923 0.809934
vt 0.909502 0.820470
vt 0.905382 0.820470
vt 0.905865 0.809934
vt 0.966758 0.959297
vt 0.963004 0.959298
vt 0.915784 0.974002
vt 0.918157 0.978930
vt 0.912588 0.974002
vt 0.918259 0.982133
vt 0.915924 0.982160
vt 0.921256 0.984375
vt 0.919366 0.984375
vt 0.917475 0.984375
vt 0.913643 0.982294
vt 0.880859 0.984375
vt 0.880859 0.984375
vt 0.880859 0.984375
vt 0.910200 0.782624
vt 0.908242 0.790703
vt 0.904672 0.790671
vt 0.906855 0.782542
vt 0.901144 0.790514
vt 0.903314 0.781643
vt 0.943324 0.767867
vt 0.942399 0.765625
vt 0.944218 0.771070
vt 0.940872 0.771070
vt 0.880859 0.984375
vt 0.880859 0.984375
vt 0.880859 0.984375
vt 0.880859 0.984375
vt 0.960809 0.809934
vt 0.956364 0.809934
vt 0.961165 0.820470
vt 0.956652 0.820470
vt 0.951993 0.820470
vt 0.951775 0.809934
vt 0.968438 0.974285
vt 0.965449 0.974049
vt 0.965189 0.980212
vt 0.962400 0.979037
vt 0.962412 0.974002
vt 0.961357 0.982294
vt 0.959076 0.982160
vt 0.957525 0.984375
vt 0.955635 0.984375
vt 0.953744 0.984375
vt 0.956741 0.982133
vt 0.954270 0.982133
vt 0.956843 0.978930
vt 0.951607 0.984375
vt 0.977551 0.907813
vt 0.977551 0.918751
vt 0.973725 0.918734
vt 0.973749 0.907813
vt 0.969823 0.907813
vt 0.952355 0.775998
vt 0.950732 0.771070
vt 0.947078 0.940066
vt 0.947078 0.809934
vt 0.947224 0.820470
vt 0.943324 0.982133
vt 0.944218 0.978930
vt 0.942399 0.984375
vt 0.929958 0.775998
vt 0.930782 0.771070
vt 0.929235 0.782624
vt 0.926259 0.775998
vt 0.927487 0.771070
vt 0.928642 0.790703
vt 0.926029 0.767867
vt 0.927851 0.765625
vt 0.924269 0.771070
vt 0.921151 0.771070
vt 0.923323 0.767867
vt 0.922645 0.775998
vt 0.924268 0.771070
vt 0.927722 0.918731
vt 0.927714 0.907813
vt 0.920730 0.982133
vt 0.918157 0.978930
vt 0.923394 0.984375
vt 0.909923 0.940066
vt 0.909502 0.929530
vt 0.905865 0.940066
vt 0.905382 0.929530
vt 0.909346 0.918731
vt 0.909323 0.907813
vt 0.905202 0.918731
vt 0.968214 0.799915
vt 0.969135 0.809934
vt 0.965077 0.809934
vt 0.964274 0.799915
vt 0.969618 0.820470
vt 0.965498 0.820470
vt 0.966758 0.790703
vt 0.963005 0.790703
vt 0.918259 0.767867
vt 0.915924 0.767840
vt 0.919366 0.765625
vt 0.915311 0.771070
vt 0.912600 0.770963
vt 0.909811 0.769788
vt 0.913643 0.767707
vt 0.917475 0.765625
vt 0.906563 0.775716
vt 0.909551 0.775951
vt 0.906855 0.782542
vt 0.912600 0.770963
vt 0.912588 0.775998
vt 0.910201 0.782624
vt 0.913703 0.831269
vt 0.909346 0.831270
vt 0.913684 0.842187
vt 0.909323 0.842187
vt 0.905177 0.842187
vt 0.905203 0.831269
vt 0.913684 0.853125
vt 0.909323 0.853125
vt 0.913684 0.864063
vt 0.909323 0.864063
vt 0.905177 0.864063
vt 0.905177 0.853125
vt 0.913684 0.875000
vt 0.909323 0.875000
vt 0.913684 0.885938
vt 0.909323 0.885938
vt 0.905177 0.885938
vt 0.905177 0.875000
vt 0.913684 0.896875
vt 0.909323 0.896875
vt 0.905177 0.896875
vt 0.932592 0.831269
vt 0.927722 0.831269
vt 0.932588 0.842187
vt 0.927714 0.842187
vt 0.922914 0.842187
vt 0.922926 0.831269
vt 0.932588 0.853125
vt 0.927714 0.853125
vt 0.932588 0.864063
vt 0.927714 0.864062
vt 0.922914 0.864063
vt 0.922914 0.853125
vt 0.932588 0.875000
vt 0.927714 0.875000
vt 0.932588 0.885938
vt 0.927714 0.885938
vt 0.922914 0.885938
vt 0.922914 0.875000
vt 0.932588 0.896875
vt 0.927714 0.896875
vt 0.922914 0.896875
vt 0.977551 0.831250
vt 0.973726 0.831266
vt 0.977551 0.842187
vt 0.973749 0.842187
vt 0.969823 0.842187
vt 0.969798 0.831269
vt 0.977551 0.853125
vt 0.973749 0.853125
vt 0.977551 0.864062
vt 0.973749 0.864062
vt 0.969823 0.864063
vt 0.969823 0.853125
vt 0.977551 0.875000
vt 0.973749 0.875000
vt 0.977551 0.885938
vt 0.973749 0.885938
vt 0.969823 0.885938
vt 0.969823 0.875000
vt 0.977551 0.896875
vt 0.973749 0.896875
vt 0.969823 0.896875
vt 0.961297 0.831269
vt 0.956759 0.831269
vt 0.961316 0.842187
vt 0.956774 0.842187
vt 0.952086 0.842187
vt 0.952074 0.831269
vt 0.961316 0.853125
vt 0.956774 0.853125
vt 0.961316 0.864063
vt 0.956774 0.864062
vt 0.952086 0.864063
vt 0.952086 0.853125
vt 0.961316 0.875000
vt 0.956774 0.875000
vt 0.961316 0.885938
vt 0.956774 0.885938
vt 0.952086 0.885938
vt 0.952086 0.875000
vt 0.961316 0.896875
vt 0.956774 0.896875
vt 0.952086 0.896875
vt 0.942408 0.831269
vt 0.937500 0.831269
vt 0.942412 0.842187
vt 0.937500 0.842187
vt 0.942412 0.853125
vt 0.937500 0.853125
vt 0.942412 0.864063
vt 0.937500 0.864062
vt 0.942412 0.875000
vt 0.937500 0.875000
vt 0.942412 0.885938
vt 0.937500 0.885938
vt 0.942412 0.896875
vt 0.937500 0.896875
vt 0.947278 0.831269
vt 0.947286 0.842187
vt 0.947286 0.853125
vt 0.947286 0.864062
vt 0.947286 0.875000
vt 0.947286 0.885938
vt 0.947286 0.896875
vt 0.969798 0.831269
vt 0.965655 0.831270
vt 0.965677 0.842187
vt 0.969824 0.853125
vt 0.965677 0.853125
vt 0.969823 0.864063
vt 0.965677 0.864062
vt 0.965677 0.875000
vt 0.969823 0.885938
vt 0.965677 0.885938
vt 0.969823 0.896875
vt 0.965677 0.896875
vt 0.905202 0.831269
vt 0.901275 0.831266
vt 0.905177 0.842187
vt 0.901251 0.842187
vt 0.897449 0.842187
vt 0.897449 0.831250
vt 0.905177 0.853125
vt 0.901251 0.853125
vt 0.905177 0.864062
vt 0.901251 0.864063
vt 0.897449 0.864062
vt 0.897449 0.853125
vt 0.905177 0.875000
vt 0.901251 0.875000
vt 0.905177 0.885938
vt 0.901251 0.885938
vt 0.897449 0.885938
vt 0.897449 0.875000
vt 0.901251 0.896875
vt 0.897449 0.896875
vt 0.918241 0.831269
vt 0.918226 0.842187
vt 0.918226 0.853125
vt 0.918226 0.864062
vt 0.918226 0.875000
vt 0.918226 0.885938
vt 0.918226 0.896875
s 1
usemtl Starter_Blocky_Rig
f 3865/4611/1912 4847/4612/1913 5530/4613/1914 4378/4612/1915
f 4847/4612/1913 3866/4611/1916 4417/4612/1917 5530/4613/1914
f 5530/4613/1914 4417/4612/1917 3857/4614/1918 4374/4612/1919
f 4378/4612/1915 5530/4613/1914 4374/4612/1919 3856/4614/1920
f 4143/4615/1921 5044/4616/1922 5531/4617/1923 5238/4618/1924
f 5044/4616/1922 4144/4619/1925 5115/4620/1926 5531/4617/1923
f 5531/4617/1923 5115/4620/1926 3870/4621/1927 4420/4622/1928
f 5238/4618/1924 5531/4617/1923 4420/4622/1928 3869/4623/1929
f 3894/4624/1930 5043/4625/1931 5532/4626/1932 4995/4627/1933
f 5043/4625/1931 3896/4624/1934 5083/4627/1935 5532/4626/1932
f 5532/4626/1932 5083/4627/1935 3895/4624/1936 4996/4625/1937
f 4995/4627/1933 5532/4626/1932 4996/4625/1937 3893/4624/1938
f 3975/4614/1939 4876/4612/1940 5533/4624/1941 4825/4624/1942
f 4876/4612/1940 3977/4614/1943 4922/4624/1944 5533/4624/1941
f 5533/4624/1941 4922/4624/1944 3976/4611/1945 4826/4612/1946
f 4825/4624/1942 5533/4624/1941 4826/4612/1946 3974/4611/1947
f 4331/4611/1948 4942/4625/1949 5534/4627/1950 5529/4627/1951
f 4942/4625/1949 4002/4624/1952 4973/4627/1953 5534/4627/1950
f 5534/4627/1950 4973/4627/1953 3992/4624/1954 4927/4625/1955
f 5529/4627/1951 5534/4627/1950 4927/4625/1955 4319/4624/1956
f 3979/4614/1957 5060/4612/1958 5535/4624/1959 5011/4624/1960
f 5060/4612/1958 3981/4614/1961 5100/4624/1962 5535/4624/1959
f 5535/4624/1959 5100/4624/1962 3980/4611/1963 5012/4612/1964
f 5011/4624/1960 5535/4624/1959 5012/4612/1964 3978/4611/1965
f 4142/4628/1966 4924/4629/1967 5536/4630/1968 4956/4631/1969
f 4924/4629/1967 4143/4615/1921 5238/4618/1924 5536/4630/1968
f 5536/4630/1968 5238/4618/1924 3869/4623/1929 5109/4632/1970
f 4956/4631/1969 5536/4630/1968 5109/4632/1970 4141/4633/1971
f 3869/4611/1929 4420/4612/1928 5537/4613/1972 4707/4612/1973
f 4420/4612/1928 3870/4611/1927 4753/4612/1974 5537/4613/1972
f 5537/4613/1972 4753/4612/1974 3864/4614/1975 4706/4612/1976
f 4707/4612/1973 5537/4613/1972 4706/4612/1976 3863/4614/1977
f 4063/4624/1978 5209/4625/1979 5538/4626/1980 5228/4627/1981
f 5209/4625/1979 3891/4624/1982 4746/4627/1983 5538/4626/1980
f 5538/4626/1980 4746/4627/1983 4044/4624/1984 4459/4625/1985
f 5228/4627/1981 5538/4626/1980 4459/4625/1985 4043/4624/1986
f 4043/4624/1986 4459/4625/1985 5539/4626/1987 4745/4627/1988
f 4459/4625/1985 4044/4624/1984 4418/4627/1989 5539/4626/1987
f 5539/4626/1987 4418/4627/1989 4034/4624/1990 4744/4625/1991
f 4745/4627/1988 5539/4626/1987 4744/4625/1991 4033/4624/1992
f 3988/4624/1993 4781/4625/1994 5540/4626/1995 4687/4627/1996
f 4781/4625/1994 3989/4624/1997 4595/4627/1998 5540/4626/1995
f 5540/4626/1995 4595/4627/1998 3973/4624/1999 4685/4625/2000
f 4687/4627/1996 5540/4626/1995 4685/4625/2000 3972/4624/2001
f 4045/4624/2002 4547/4625/2003 5541/4626/2004 4843/4627/2005
f 4547/4625/2003 4046/4624/2006 4900/4627/2007 5541/4626/2004
f 5541/4626/2004 4900/4627/2007 4036/4624/2008 4841/4625/2009
f 4843/4627/2005 5541/4626/2004 4841/4625/2009 4035/4624/2010
f 3990/4624/2011 4879/4625/2012 5542/4626/2013 4878/4627/2014
f 4879/4625/2012 3991/4624/2015 4971/4627/2016 5542/4626/2013
f 5542/4626/2013 4971/4627/2016 3977/4624/1943 4876/4625/1940
f 4878/4627/2014 5542/4626/2013 4876/4625/1940 3975/4624/1939
f 4319/4624/1956 4927/4625/1955 5543/4626/2017 5525/4627/2018
f 4927/4625/1955 3992/4624/1954 5062/4627/2019 5543/4626/2017
f 5543/4626/2017 5062/4627/2019 3979/4624/1957 4968/4625/2020
f 5525/4627/2018 5543/4626/2017 4968/4625/2020 4339/4624/2021
f 3859/4624/2022 4509/4625/2023 5544/4626/2024 4797/4627/2025
f 4509/4625/2023 3860/4624/2026 4846/4625/2027 5544/4626/2024
f 5544/4626/2024 4846/4625/2027 3851/4624/2028 4796/4625/2029
f 4797/4627/2025 5544/4626/2024 4796/4625/2029 3850/4624/2030
f 3989/4624/1997 4830/4625/2031 5545/4626/2032 4595/4627/1998
f 4830/4625/2031 3990/4624/2011 4878/4627/2014 5545/4626/2032
f 5545/4626/2032 4878/4627/2014 3975/4624/1939 4778/4625/2033
f 4595/4627/1998 5545/4626/2032 4778/4625/2033 3973/4624/1999
f 4050/4624/2034 4890/4625/2035 5546/4626/2036 5088/4627/2037
f 4890/4625/2035 4051/4624/2038 4370/4627/2039 5546/4626/2036
f 5546/4626/2036 4370/4627/2039 4041/4624/2040 4411/4625/2041
f 5088/4627/2037 5546/4626/2036 4411/4625/2041 4040/4624/2042
f 3803/4614/2043 5121/4613/2044 5547/4612/2045 4360/4612/2046
f 5121/4613/2044 3884/4613/2047 5112/4613/2048 5547/4612/2045
f 5547/4612/2045 5112/4613/2048 3804/4613/2049 4361/4613/2050
f 4360/4612/2046 5547/4612/2045 4361/4613/2050 3802/4614/2051
f 4033/4614/1992 4744/4612/1991 5548/4612/2052 5023/4613/2053
f 4744/4612/1991 4034/4614/1990 5056/4612/2054 5548/4612/2052
f 5548/4612/2052 5056/4612/2054 4024/4614/2055 5022/4612/2056
f 5023/4613/2053 5548/4612/2052 5022/4612/2056 4023/4613/2057
f 3848/4624/2058 4702/4625/2059 5549/4626/2060 4986/4627/2061
f 4702/4625/2059 3849/4624/2062 5031/4627/2063 5549/4626/2060
f 5549/4626/2060 5031/4627/2063 3841/4624/2064 4984/4625/2065
f 4986/4627/2061 5549/4626/2060 4984/4625/2065 3840/4624/2066
f 3999/4624/2067 4449/4625/2068 5550/4626/2069 4734/4627/2070
f 4449/4625/2068 4000/4624/2071 4881/4627/2072 5550/4626/2069
f 5550/4626/2069 4881/4627/2072 3990/4624/2011 4830/4625/2031
f 4734/4627/2070 5550/4626/2069 4830/4625/2031 3989/4624/1997
f 3852/4624/2073 4891/4625/2074 5551/4626/2075 4413/4627/2076
f 4891/4625/2074 3853/4624/2077 4462/4627/2078 5551/4626/2075
f 5551/4626/2075 4462/4627/2078 3845/4624/2079 4412/4625/2080
f 4413/4627/2076 5551/4626/2075 4412/4625/2080 3844/4624/2081
f 4327/4634/2082 4938/4625/2083 5552/4626/2084 5521/4635/2085
f 4938/4625/2083 4038/4624/2086 4497/4627/2087 5552/4626/2084
f 5552/4626/2084 4497/4627/2087 4028/4624/2088 4456/4625/2089
f 5521/4635/2085 5552/4626/2084 4456/4625/2089 4231/4611/2090
f 4038/4624/2086 5072/4625/2091 5553/4626/2092 4497/4627/2087
f 5072/4625/2091 4039/4624/2093 4545/4627/2094 5553/4626/2092
f 5553/4626/2092 4545/4627/2094 4029/4624/2095 4604/4625/2096
f 4497/4627/2087 5553/4626/2092 4604/4625/2096 4028/4624/2088
f 3849/4624/2062 4751/4625/2097 5554/4626/2098 5031/4627/2063
f 4751/4625/2097 3850/4624/2030 5076/4627/2099 5554/4626/2098
f 5554/4626/2098 5076/4627/2099 3842/4624/2100 5030/4625/2101
f 5031/4627/2063 5554/4626/2098 5030/4625/2101 3841/4624/2064
f 3923/4624/2102 5049/4625/2103 5555/4626/2104 4582/4627/2105
f 5049/4625/2103 3924/4624/2106 4626/4627/2107 5555/4626/2104
f 5555/4626/2104 4626/4627/2107 3915/4624/2108 4579/4625/2109
f 4582/4627/2105 5555/4626/2104 4579/4625/2109 3914/4624/2110
f 4129/4614/2111 5187/4612/2112 5556/4612/2113 4726/4613/2114
f 5187/4612/2112 3848/4614/2058 4986/4612/2061 5556/4612/2113
f 5556/4612/2113 4986/4612/2061 3840/4614/2066 5227/4612/2115
f 4726/4613/2114 5556/4612/2113 5227/4612/2115 4130/4613/2116
f 4091/4613/2117 5124/4612/2118 5557/4612/2119 5178/4626/2120
f 5124/4612/2118 3926/4614/2121 4765/4612/2122 5557/4612/2119
f 5557/4612/2119 4765/4612/2122 3917/4614/2123 4720/4612/2124
f 5178/4626/2120 5557/4612/2119 4720/4612/2124 3916/4612/2125
f 4007/4624/2126 4974/4625/2127 5558/4626/2128 4496/4627/2129
f 4974/4625/2127 4008/4624/2130 4450/4627/2131 5558/4626/2128
f 5558/4626/2128 4450/4627/2131 3999/4624/2067 4493/4625/2132
f 4496/4627/2129 5558/4626/2128 4493/4625/2132 3998/4624/2133
f 4025/4624/2134 4364/4625/2135 5559/4626/2136 4648/4627/2137
f 4364/4625/2135 4026/4624/2138 4663/4627/2139 5559/4626/2136
f 5559/4626/2136 4663/4627/2139 4017/4624/2140 4646/4625/2141
f 4648/4627/2137 5559/4626/2136 4646/4625/2141 4016/4624/2142
f 4009/4624/2143 5065/4625/2144 5560/4626/2145 4600/4627/2146
f 5065/4625/2144 4010/4624/2147 4539/4627/2148 5560/4626/2145
f 5560/4626/2145 4539/4627/2148 4001/4624/2149 4598/4625/2150
f 4600/4627/2146 5560/4626/2145 4598/4625/2150 4000/4624/2071
f 4239/4636/2151 4479/4637/2152 5561/4638/2153 5517/4639/2154
f 4479/4637/2152 4159/4640/2155 4912/4641/2156 5561/4638/2153
f 5561/4638/2153 4912/4641/2156 4151/4642/2157 4767/4643/2158
f 5517/4639/2154 5561/4638/2153 4767/4643/2158 4295/4644/2159
f 3826/4624/2160 4888/4625/2161 5562/4626/2162 4410/4627/2163
f 4888/4625/2161 3827/4624/2164 4457/4627/2165 5562/4626/2162
f 5562/4626/2162 4457/4627/2165 3818/4624/2166 4409/4625/2167
f 4410/4627/2163 5562/4626/2162 4409/4625/2167 3817/4624/2168
f 3862/4624/2169 4658/4625/2170 5563/4626/2171 4945/4627/2172
f 4658/4625/2170 3863/4624/1977 4988/4627/2173 5563/4626/2171
f 5563/4626/2171 4988/4627/2173 3854/4624/2174 4944/4625/2175
f 4945/4627/2172 5563/4626/2171 4944/4625/2175 3853/4624/2077
f 3946/4624/2176 4676/4625/2177 5564/4626/2178 4959/4627/2179
f 4676/4625/2177 3947/4624/2180 5006/4627/2181 5564/4626/2178
f 5564/4626/2178 5006/4627/2181 3937/4624/2182 4958/4625/2183
f 4959/4627/2179 5564/4626/2178 4958/4625/2183 3936/4624/2184
f 4006/4614/2185 4854/4612/2186 5565/4612/2187 4358/4625/2188
f 4854/4612/2186 4007/4614/2126 4496/4612/2129 5565/4612/2187
f 5565/4612/2187 4496/4612/2129 3998/4614/2133 4737/4612/2189
f 4358/4625/2188 5565/4612/2187 4737/4612/2189 3997/4611/2190
f 3864/4614/1975 5203/4613/2191 5566/4612/2192 5033/4612/2193
f 5203/4613/2191 3890/4613/2194 4713/4613/2195 5566/4612/2192
f 5566/4612/2192 4713/4613/2195 3889/4613/2196 5236/4613/2197
f 5033/4612/2193 5566/4612/2192 5236/4613/2197 3855/4614/2198
f 3936/4624/2184 4958/4625/2183 5567/4626/2199 4477/4627/2200
f 4958/4625/2183 3937/4624/2182 4526/4627/2201 5567/4626/2199
f 5567/4626/2199 4526/4627/2201 3927/4624/2202 4476/4625/2203
f 4477/4627/2200 5567/4626/2199 4476/4625/2203 3926/4624/2121
f 4016/4624/2142 4646/4625/2141 5568/4626/2204 4932/4627/2205
f 4646/4625/2141 4017/4624/2140 5068/4627/2206 5568/4626/2204
f 5568/4626/2204 5068/4627/2206 4009/4624/2143 4581/4625/2207
f 4932/4627/2205 5568/4626/2204 4581/4625/2207 4008/4624/2130
f 3836/4624/2208 4699/4625/2209 5569/4626/2210 4983/4627/2211
f 4699/4625/2209 3837/4624/2212 5028/4627/2213 5569/4626/2210
f 5569/4626/2210 5028/4627/2213 3829/4624/2214 4982/4625/2215
f 4983/4627/2211 5569/4626/2210 4982/4625/2215 3828/4624/2216
f 4287/4611/2217 4740/4625/2218 5570/4626/2219 5513/4634/2220
f 4740/4625/2218 4019/4624/2221 4406/4627/2222 5570/4626/2219
f 5570/4626/2219 4406/4627/2222 4011/4624/2223 5052/4625/2224
f 5513/4634/2220 5570/4626/2219 5052/4625/2224 4351/4611/2225
f 4017/4624/2140 4788/4625/2226 5571/4626/2227 5068/4627/2206
f 4788/4625/2226 4018/4624/2228 5020/4627/2229 5571/4626/2227
f 5571/4626/2227 5020/4627/2229 4010/4624/2147 5065/4625/2144
f 5068/4627/2206 5571/4626/2227 5065/4625/2144 4009/4624/2143
f 3941/4624/2230 4438/4625/2231 5572/4626/2232 4725/4627/2233
f 4438/4625/2231 3942/4624/2234 4769/4627/2235 5572/4626/2232
f 5572/4626/2232 4769/4627/2235 3932/4624/2236 4722/4625/2237
f 4725/4627/2233 5572/4626/2232 4722/4625/2237 3931/4624/2238
f 4021/4624/2239 4978/4625/2240 5573/4626/2241 4743/4627/2242
f 4978/4625/2240 4022/4624/2243 4453/4627/2244 5573/4626/2241
f 5573/4626/2241 4453/4627/2244 4014/4624/2245 4498/4625/2246
f 4743/4627/2242 5573/4626/2241 4498/4625/2246 4013/4624/2247
f 4131/4612/2248 5129/4612/2249 5574/4612/2250 4444/4612/2251
f 5129/4612/2249 3832/4614/2252 4792/4612/2253 5574/4612/2250
f 5574/4612/2250 4792/4612/2253 3824/4614/2254 5202/4612/2255
f 4444/4612/2251 5574/4612/2250 5202/4612/2255 4132/4614/2256
f 3945/4645/2257 4630/4612/2258 5575/4612/2259 4913/4612/2260
f 4630/4612/2258 3946/4614/2176 4959/4612/2179 5575/4612/2259
f 5575/4612/2259 4959/4612/2179 3936/4614/2184 4911/4612/2261
f 4913/4612/2260 5575/4612/2259 4911/4612/2261 3935/4614/2262
f 3824/4624/2254 4791/4625/2263 5576/4626/2264 5071/4627/2265
f 4791/4625/2263 3825/4624/2266 4365/4627/2267 5576/4626/2264
f 5576/4626/2264 4365/4627/2267 3816/4624/2268 5070/4625/2269
f 5071/4627/2265 5576/4626/2264 5070/4625/2269 3815/4624/2270
f 3931/4624/2238 4722/4625/2237 5577/4626/2271 5002/4627/2272
f 4722/4625/2237 3932/4624/2236 5050/4627/2273 5577/4626/2271
f 5577/4626/2271 5050/4627/2273 3923/4624/2102 5001/4625/2274
f 5002/4627/2272 5577/4626/2271 5001/4625/2274 3922/4624/2275
f 4026/4624/2138 4500/4625/2276 5578/4626/2277 4663/4627/2139
f 4500/4625/2276 4027/4624/2278 4742/4627/2279 5578/4626/2277
f 5578/4626/2277 4742/4627/2279 4018/4624/2228 4788/4625/2226
f 4663/4627/2139 5578/4626/2277 4788/4625/2226 4017/4624/2140
f 4275/4646/2280 4723/4647/2281 5579/4648/2282 5509/4649/2283
f 4723/4647/2281 4140/4650/2284 5218/4651/2285 5579/4648/2282
f 5579/4648/2282 5218/4651/2285 3868/4652/2286 5035/4653/2287
f 5509/4649/2283 5579/4648/2282 5035/4653/2287 4347/4654/2288
f 3895/4624/1936 5084/4625/2289 5580/4626/2290 5027/4627/2291
f 5084/4625/2289 3897/4624/2292 4368/4627/2293 5580/4626/2290
f 5580/4626/2290 4368/4627/2293 4047/4624/2294 4698/4625/2295
f 5027/4627/2291 5580/4626/2290 4698/4625/2295 4046/4624/2006
f 4169/4655/2296 5054/4656/2297 5581/4657/2298 4587/4658/2299
f 5054/4656/2297 4170/4659/2300 4880/4660/2301 5581/4657/2298
f 5581/4657/2298 4880/4660/2301 4161/4661/2302 4586/4662/2303
f 4587/4658/2299 5581/4657/2298 4586/4662/2303 4160/4663/2304
f 4189/4664/2305 4635/4665/2306 5582/4666/2307 4920/4667/2308
f 4635/4665/2306 4190/4668/2309 4875/4669/2310 5582/4666/2307
f 5582/4666/2307 4875/4669/2310 4180/4670/2311 4839/4671/2312
f 4920/4667/2308 5582/4666/2307 4839/4671/2312 4179/4672/2313
f 3926/4614/2121 5124/4613/2118 5583/4612/2314 4477/4612/2200
f 5124/4613/2118 4091/4612/2117 5125/4612/2315 5583/4612/2314
f 5583/4612/2314 5125/4612/2315 3935/4614/2262 4911/4612/2261
f 4477/4612/2200 5583/4612/2314 4911/4612/2261 3936/4614/2184
f 3814/4624/2316 5021/4612/2317 5584/4612/2318 4541/4611/2319
f 5021/4612/2317 3815/4614/2270 4602/4612/2320 5584/4612/2318
f 5584/4612/2318 4602/4612/2320 3806/4614/2321 4540/4612/2322
f 4541/4611/2319 5584/4612/2318 4540/4612/2322 3805/4611/2323
f 3998/4624/2133 4493/4625/2132 5585/4626/2324 4783/4627/2325
f 4493/4625/2132 3999/4624/2067 4734/4627/2070 5585/4626/2324
f 5585/4626/2324 4734/4627/2070 3989/4624/1997 4781/4625/1994
f 4783/4627/2325 5585/4626/2324 4781/4625/1994 3988/4624/1993
f 4035/4624/2010 4841/4625/2009 5586/4626/2326 4366/4627/2327
f 4841/4625/2009 4036/4624/2008 4780/4627/2328 5586/4626/2326
f 5586/4626/2326 4780/4627/2328 4026/4624/2138 4364/4625/2135
f 4366/4627/2327 5586/4626/2326 4364/4625/2135 4025/4624/2134
f 4000/4624/2071 4598/4625/2150 5587/4626/2329 4881/4627/2072
f 4598/4625/2150 4001/4624/2149 4831/4627/2330 5587/4626/2329
f 5587/4626/2329 4831/4627/2330 3991/4624/2015 4879/4625/2012
f 4881/4627/2072 5587/4626/2329 4879/4625/2012 3990/4624/2011
f 4083/4614/2331 5186/4613/2332 5588/4626/2333 4709/4612/2334
f 5186/4613/2332 4172/4611/2335 5123/4612/2336 5588/4626/2333
f 5588/4626/2333 5123/4612/2336 4092/4611/2337 5039/4624/2338
f 4709/4612/2334 5588/4626/2333 5039/4624/2338 4093/4614/2339
f 3819/4624/2340 4501/4625/2341 5589/4626/2342 4790/4627/2343
f 4501/4625/2341 3820/4624/2344 4837/4627/2345 5589/4626/2342
f 5589/4626/2342 4837/4627/2345 3811/4624/2346 4789/4625/2347
f 4790/4627/2343 5589/4626/2342 4789/4625/2347 3810/4624/2348
f 3833/4624/2349 4546/4625/2350 5590/4626/2351 4842/4627/2352
f 4546/4625/2350 3834/4624/2353 4889/4627/2354 5590/4626/2351
f 5590/4626/2351 4889/4627/2354 3826/4624/2160 4840/4625/2355
f 4842/4627/2352 5590/4626/2351 4840/4625/2355 3825/4624/2266
f 3960/4624/2356 4680/4625/2357 5591/4626/2358 4963/4627/2359
f 4680/4625/2357 3961/4624/2360 5008/4627/2361 5591/4626/2358
f 5591/4626/2358 5008/4627/2361 3953/4624/2362 4961/4625/2363
f 4963/4627/2359 5591/4626/2358 4961/4625/2363 3952/4624/2364
f 3908/4614/2365 5233/4612/2366 5592/4612/2367 5048/4612/2368
f 5233/4612/2366 4074/4614/2369 5221/4613/2370 5592/4612/2367
f 5592/4612/2367 5221/4613/2370 3916/4613/2125 4720/4613/2124
f 5048/4612/2368 5592/4612/2367 4720/4613/2124 3917/4614/2123
f 3813/4614/2371 5225/4613/2372 5593/4612/2373 4407/4612/2374
f 5225/4613/2372 3885/4613/2375 4427/4613/2376 5593/4612/2373
f 5593/4612/2373 4427/4613/2376 3884/4613/2047 5121/4613/2044
f 4407/4612/2374 5593/4612/2373 5121/4613/2044 3803/4614/2043
f 4044/4624/1984 4607/4625/2377 5594/4626/2378 4418/4627/1989
f 4607/4625/2377 4045/4624/2002 4843/4627/2005 5594/4626/2378
f 5594/4626/2378 4843/4627/2005 4035/4624/2010 4887/4625/2379
f 4418/4627/1989 5594/4626/2378 4887/4625/2379 4034/4624/1990
f 3909/4624/2380 5086/4625/2381 5595/4626/2382 4997/4627/2383
f 5086/4625/2381 3910/4624/2384 4389/4627/2385 5595/4626/2382
f 5595/4626/2382 4389/4627/2385 3896/4624/1934 5043/4625/1931
f 4997/4627/2383 5595/4626/2382 5043/4625/1931 3894/4624/1930
f 3992/4624/1954 4972/4625/2386 5596/4626/2387 5062/4627/2019
f 4972/4625/2386 3993/4624/2388 4403/4627/2389 5596/4626/2387
f 5596/4626/2387 4403/4627/2389 3981/4624/1961 5060/4625/1958
f 5062/4627/2019 5596/4626/2387 5060/4625/1958 3979/4624/1957
f 4231/4611/2090 4456/4625/2089 5597/4626/2390 5505/4634/2391
f 4456/4625/2089 4028/4624/2088 4385/4627/2392 5597/4626/2390
f 5597/4626/2390 4385/4627/2392 4019/4624/2221 4740/4625/2218
f 5505/4634/2391 5597/4626/2390 4740/4625/2218 4287/4611/2217
f 4048/4624/2393 4793/4625/2394 5598/4626/2395 4622/4627/2396
f 4793/4625/2394 4049/4624/2397 5029/4627/2398 5598/4626/2395
f 5598/4626/2395 5029/4627/2398 4039/4624/2093 5072/4625/2091
f 4622/4627/2396 5598/4626/2395 5072/4625/2091 4038/4624/2086
f 3968/4624/2399 5097/4625/2400 5599/4626/2401 4634/4627/2402
f 5097/4625/2400 3969/4624/2403 4683/4627/2404 5599/4626/2401
f 5599/4626/2401 4683/4627/2404 3960/4624/2356 4633/4625/2405
f 4634/4627/2402 5599/4626/2401 4633/4625/2405 3959/4624/2406
f 3806/4624/2321 4601/4625/2407 5600/4626/2408 4499/4627/2409
f 4601/4625/2407 3807/4624/2410 4810/4627/2411 5600/4626/2408
f 5600/4626/2408 4810/4627/2411 3791/4624/2412 4494/4625/2413
f 4499/4627/2409 5600/4626/2408 4494/4625/2413 3789/4624/2414
f 3972/4614/2001 5183/4624/2415 5601/4611/2416 4687/4612/1996
f 5183/4624/2415 4052/4673/2417 5184/4673/2418 5601/4611/2416
f 5601/4611/2416 5184/4673/2418 3987/4634/2419 4733/4624/2420
f 4687/4612/1996 5601/4611/2416 4733/4624/2420 3988/4614/1993
f 3870/4611/1927 5116/4612/2421 5602/4626/2422 4753/4612/1974
f 5116/4612/2421 3872/4611/2423 4619/4613/2424 5602/4626/2422
f 5602/4626/2422 4619/4613/2424 3890/4613/2194 5203/4613/2191
f 4753/4612/1974 5602/4626/2422 5203/4613/2191 3864/4614/1975
f 3972/4614/2001 4685/4612/2000 5603/4624/2425 5146/4624/2426
f 4685/4612/2000 3973/4614/1999 5199/4624/2427 5603/4624/2425
f 5603/4624/2425 5199/4624/2427 4210/4611/2428 5014/4612/2429
f 5146/4624/2426 5603/4624/2425 5014/4612/2429 4209/4611/2430
f 3901/4624/2431 4625/4625/2432 5604/4626/2433 4548/4627/2434
f 4625/4625/2432 3903/4624/2435 4655/4627/2436 5604/4626/2433
f 5604/4626/2433 4655/4627/2436 4050/4624/2034 4748/4625/2437
f 4548/4627/2434 5604/4626/2433 4748/4625/2437 4049/4624/2397
f 3868/4611/2286 5219/4612/2438 5605/4613/2439 4615/4612/2440
f 5219/4612/2438 4141/4611/1971 5189/4612/2441 5605/4613/2439
f 5605/4613/2439 5189/4612/2441 3862/4614/2169 4613/4612/2442
f 4615/4612/2440 5605/4613/2439 4613/4612/2442 3861/4614/2443
f 4291/4674/2444 4758/4675/2445 5606/4676/2446 5501/4677/2447
f 4758/4675/2445 4204/4678/2448 5013/4679/2449 5606/4676/2446
f 5606/4676/2446 5013/4679/2449 4195/4680/2450 4637/4681/2451
f 5501/4677/2447 5606/4676/2446 4637/4681/2451 4259/4682/2452
f 3899/4624/2453 4520/4625/2454 5607/4626/2455 4460/4627/2456
f 4520/4625/2454 3901/4624/2431 4548/4627/2434 5607/4626/2455
f 5607/4626/2455 4548/4627/2434 4049/4624/2397 4793/4625/2394
f 4460/4627/2456 5607/4626/2455 4793/4625/2394 4048/4624/2393
f 3980/4683/1963 5101/4684/2457 5608/4685/2458 5176/4686/2459
f 5101/4684/2457 3982/4687/2460 5212/4688/2461 5608/4685/2458
f 5608/4685/2458 5212/4688/2461 4206/4689/2462 4471/4690/2463
f 5176/4686/2459 5608/4685/2458 4471/4690/2463 4205/4691/2464
f 3866/4611/1916 5106/4612/2465 5609/4613/2466 4417/4612/1917
f 5106/4612/2465 4135/4611/2467 5131/4612/2468 5609/4613/2466
f 5609/4613/2466 5131/4612/2468 3858/4614/2469 4415/4612/2470
f 4417/4612/1917 5609/4613/2466 4415/4612/2470 3857/4614/1918
f 4133/4634/2471 5103/4612/2472 5610/4612/2473 4719/4625/2474
f 5103/4612/2472 3787/4614/2475 4551/4612/2476 5610/4612/2473
f 5610/4612/2473 4551/4612/2476 3963/4614/2477 5211/4612/2478
f 4719/4625/2474 5610/4612/2473 5211/4612/2478 4128/4611/2479
f 3871/4692/2480 4557/4693/2481 5611/4694/2482 5154/4695/2483
f 3872/4611/2423 5136/4612/2484 5611/4694/2482 4557/4695/2481
f 4145/4611/2485 5154/4696/2483 5611/4694/2482 5136/4612/2484
f 3871/4692/2480 5154/4697/2483 5612/4698/2486 4558/4695/2487
f 4145/4611/2485 5190/4612/2488 5612/4698/2486 5154/4699/2483
f 3873/4611/2489 4558/4696/2487 5612/4698/2486 5190/4612/2488
f 3871/4692/2480 4558/4697/2487 5613/4698/2490 5155/4695/2491
f 3873/4611/2489 5196/4612/2492 5613/4698/2490 4558/4699/2487
f 4163/4611/2493 5155/4696/2491 5613/4698/2490 5196/4612/2492
f 3871/4692/2480 5155/4697/2491 5614/4698/2494 4559/4693/2495
f 4163/4611/2493 5204/4612/2496 5614/4698/2494 5155/4699/2491
f 3874/4611/2497 4559/4697/2495 5614/4698/2494 5204/4612/2496
f 3871/4692/2480 4559/4700/2495 5615/4698/2498 5156/4693/2499
f 3874/4611/2497 5127/4612/2500 5615/4698/2498 4559/4695/2495
f 4181/4611/2501 5156/4697/2499 5615/4698/2498 5127/4612/2500
f 3871/4692/2480 5156/4700/2499 5616/4698/2502 4560/4693/2503
f 4181/4611/2501 5217/4612/2504 5616/4698/2502 5156/4695/2499
f 3875/4611/2505 4560/4697/2503 5616/4698/2502 5217/4612/2504
f 3871/4692/2480 4560/4700/2503 5617/4698/2506 4561/4693/2507
f 3875/4611/2505 4898/4612/2508 5617/4698/2506 4560/4695/2503
f 3876/4611/2509 4561/4697/2507 5617/4698/2506 4898/4612/2508
f 3871/4692/2480 4561/4700/2507 5618/4698/2510 5157/4693/2511
f 3876/4611/2509 5128/4612/2512 5618/4698/2510 4561/4695/2507
f 4208/4611/2513 5157/4697/2511 5618/4698/2510 5128/4612/2512
f 3871/4692/2480 5157/4700/2511 5619/4698/2514 5158/4701/2515
f 4208/4611/2513 5201/4612/2516 5619/4698/2514 5157/4695/2511
f 3985/4611/2517 5158/4700/2515 5619/4698/2514 5201/4612/2516
f 3871/4692/2480 5158/4702/2515 5620/4703/2518 5159/4701/2519
f 3985/4611/2517 4639/4613/2520 5620/4703/2518 5158/4693/2515
f 3986/4624/2521 5159/4702/2519 5620/4703/2518 4639/4613/2520
f 3871/4692/2480 5159/4704/2519 5621/4705/2522 5160/4701/2523
f 3986/4624/2521 4688/4613/2524 5621/4705/2522 5159/4701/2519
f 3996/4624/2525 5160/4702/2523 5621/4705/2522 4688/4613/2524
f 3871/4692/2480 5160/4704/2523 5622/4705/2526 4562/4701/2527
f 3996/4624/2525 5110/4613/2528 5622/4705/2526 5160/4701/2523
f 3877/4624/2529 4562/4702/2527 5622/4705/2526 5110/4613/2528
f 3871/4692/2480 4562/4704/2527 5623/4705/2530 4563/4701/2531
f 3877/4624/2529 4424/4613/2532 5623/4705/2530 4562/4701/2527
f 3878/4624/2533 4563/4702/2531 5623/4705/2530 4424/4613/2532
f 3871/4692/2480 4563/4704/2531 5624/4705/2534 4564/4701/2535
f 3878/4624/2533 4467/4613/2536 5624/4705/2534 4563/4701/2531
f 3879/4624/2537 4564/4702/2535 5624/4705/2534 4467/4613/2536
f 3871/4692/2480 4564/4704/2535 5625/4705/2538 5161/4701/2539
f 3879/4624/2537 5140/4613/2540 5625/4705/2538 4564/4701/2535
f 4032/4624/2541 5161/4702/2539 5625/4705/2538 5140/4613/2540
f 3871/4692/2480 5161/4704/2539 5626/4705/2542 5162/4701/2543
f 4032/4624/2541 4701/4613/2544 5626/4705/2542 5161/4701/2539
f 4042/4624/2545 5162/4702/2543 5626/4705/2542 4701/4613/2544
f 3871/4692/2480 5162/4704/2543 5627/4705/2546 4565/4706/2547
f 4042/4624/2545 5179/4613/2548 5627/4705/2546 5162/4701/2543
f 3880/4624/2549 4565/4704/2547 5627/4705/2546 5179/4613/2548
f 3871/4692/2480 4565/4704/2547 5628/4705/2550 4566/4706/2551
f 3880/4624/2549 4664/4613/2552 5628/4705/2550 4565/4707/2547
f 3881/4624/2553 4566/4708/2551 5628/4705/2550 4664/4613/2552
f 3871/4692/2480 4566/4704/2551 5629/4705/2554 5163/4706/2555
f 3881/4624/2553 5197/4613/2556 5629/4705/2554 4566/4707/2551
f 3907/4624/2557 5163/4708/2555 5629/4705/2554 5197/4613/2556
f 3871/4692/2480 5163/4704/2555 5630/4705/2558 4567/4706/2559
f 3907/4624/2557 5205/4613/2560 5630/4705/2558 5163/4707/2555
f 3882/4624/2561 4567/4704/2559 5630/4705/2558 5205/4613/2560
f 3871/4692/2480 4567/4704/2559 5631/4705/2562 5164/4706/2563
f 3882/4624/2561 5193/4613/2564 5631/4705/2562 4567/4707/2559
f 3925/4624/2565 5164/4708/2563 5631/4705/2562 5193/4613/2564
f 3871/4692/2480 5164/4709/2563 5632/4705/2566 5165/4706/2567
f 3925/4624/2565 4393/4613/2568 5632/4705/2566 5164/4706/2563
f 3934/4624/2569 5165/4708/2567 5632/4705/2566 4393/4613/2568
f 3871/4692/2480 5165/4709/2567 5633/4705/2570 5166/4706/2571
f 3934/4624/2569 4866/4613/2572 5633/4705/2570 5165/4706/2567
f 3944/4624/2573 5166/4708/2571 5633/4705/2570 4866/4613/2572
f 3871/4692/2480 5166/4709/2571 5634/4705/2574 4568/4706/2575
f 3944/4624/2573 5174/4613/2576 5634/4705/2574 5166/4706/2571
f 3883/4624/2577 4568/4708/2575 5634/4705/2574 5174/4613/2576
f 3871/4692/2480 4568/4709/2575 5635/4705/2578 5167/4706/2579
f 3883/4624/2577 5231/4613/2580 5635/4705/2578 4568/4706/2575
f 3962/4624/2581 5167/4709/2579 5635/4705/2578 5231/4613/2580
f 3871/4692/2480 5167/4709/2579 5636/4705/2582 5168/4710/2583
f 3962/4624/2581 4776/4613/2584 5636/4705/2582 5167/4711/2579
f 3971/4624/2585 5168/4709/2583 5636/4705/2582 4776/4613/2584
f 3871/4692/2480 5168/4709/2583 5637/4705/2586 5169/4710/2587
f 3971/4624/2585 4488/4626/2588 5637/4705/2586 5168/4711/2583
f 3804/4624/2049 5169/4709/2587 5637/4705/2586 4488/4626/2588
f 3871/4692/2480 5169/4709/2587 5638/4705/2589 4569/4710/2590
f 3804/4624/2049 5112/4613/2048 5638/4705/2589 5169/4711/2587
f 3884/4624/2047 4569/4709/2590 5638/4705/2589 5112/4613/2048
f 3871/4692/2480 4569/4709/2590 5639/4705/2591 4570/4710/2592
f 3884/4624/2047 4427/4613/2376 5639/4705/2591 4569/4711/2590
f 3885/4624/2375 4570/4712/2592 5639/4705/2591 4427/4613/2376
f 3871/4692/2480 4570/4713/2592 5640/4705/2593 5170/4710/2594
f 3885/4624/2375 5132/4613/2595 5640/4705/2593 4570/4710/2592
f 3823/4624/2596 5170/4712/2594 5640/4705/2593 5132/4613/2595
f 3871/4692/2480 5170/4713/2594 5641/4705/2597 4571/4710/2598
f 3823/4624/2596 5141/4613/2599 5641/4705/2597 5170/4710/2594
f 3886/4624/2600 4571/4712/2598 5641/4705/2597 5141/4613/2599
f 3871/4692/2480 4571/4713/2598 5642/4705/2601 4572/4710/2602
f 3886/4624/2600 4865/4613/2603 5642/4705/2601 4571/4710/2598
f 3887/4624/2604 4572/4712/2602 5642/4705/2601 4865/4613/2603
f 3871/4692/2480 4572/4713/2602 5643/4705/2605 4573/4710/2606
f 3887/4624/2604 4618/4613/2607 5643/4705/2605 4572/4710/2602
f 3888/4624/2608 4573/4712/2606 5643/4705/2605 4618/4613/2607
f 3871/4692/2480 4573/4713/2606 5644/4705/2609 4574/4710/2610
f 3888/4624/2608 4666/4626/2611 5644/4705/2609 4573/4710/2606
f 3889/4624/2196 4574/4712/2610 5644/4705/2609 4666/4626/2611
f 3871/4692/2480 4574/4713/2610 5645/4705/2612 4575/4710/2613
f 3889/4624/2196 4713/4613/2195 5645/4705/2612 4574/4710/2610
f 3890/4624/2194 4575/4712/2613 5645/4705/2612 4713/4613/2195
f 3871/4692/2480 4575/4713/2613 5646/4705/2614 4557/4693/2481
f 3890/4624/2194 4619/4624/2424 5646/4705/2614 4575/4710/2613
f 3872/4611/2423 4557/4695/2481 5646/4705/2614 4619/4626/2424
f 4100/4614/2615 5191/4612/2616 5647/4613/2617 4949/4625/2618
f 5191/4612/2616 3935/4614/2262 5125/4613/2315 5647/4613/2617
f 5647/4613/2617 5125/4613/2315 4091/4613/2117 4948/4613/2619
f 4949/4625/2618 5647/4613/2617 4948/4613/2619 4090/4714/2620
f 4197/4715/2621 5099/4716/2622 5648/4717/2623 4636/4718/2624
f 5099/4716/2622 4198/4719/2625 4594/4720/2626 5648/4717/2623
f 5648/4717/2623 4594/4720/2626 4190/4668/2309 4635/4665/2306
f 4636/4718/2624 5648/4717/2623 4635/4665/2306 4189/4664/2305
f 4210/4721/2428 5200/4722/2627 5649/4723/2628 4827/4724/2629
f 5200/4722/2627 3974/4725/1947 5185/4726/2630 5649/4723/2628
f 5649/4723/2628 5185/4726/2630 4202/4727/2631 5034/4728/2632
f 4827/4724/2629 5649/4723/2628 5034/4728/2632 4201/4729/2633
f 4138/4730/2634 5000/4731/2635 5650/4732/2636 4671/4733/2637
f 5000/4731/2635 4139/4734/2638 5206/4735/2639 5650/4732/2636
f 5650/4732/2636 5206/4735/2639 3867/4736/2640 5192/4737/2641
f 4671/4733/2637 5650/4732/2636 5192/4737/2641 4137/4738/2642
f 4263/4611/2643 4653/4625/2644 5651/4626/2645 5497/4634/2646
f 4653/4625/2644 3836/4624/2208 4983/4627/2211 5651/4626/2645
f 5651/4626/2645 4983/4627/2211 3828/4624/2216 4937/4625/2647
f 5497/4634/2646 5651/4626/2645 4937/4625/2647 4323/4611/2648
f 3896/4624/1934 4386/4625/2649 5652/4626/2650 5083/4627/1935
f 4386/4625/2649 3898/4624/2651 4431/4627/2652 5652/4626/2650
f 5652/4626/2650 4431/4627/2652 3897/4624/2292 5084/4625/2289
f 5083/4627/1935 5652/4626/2650 5084/4625/2289 3895/4624/1936
f 4003/4624/2653 4660/4625/2654 5653/4626/2655 4929/4627/2656
f 4660/4625/2654 4004/4624/2657 5064/4627/2658 5653/4626/2655
f 5653/4626/2655 5064/4627/2658 3994/4624/2659 5015/4625/2660
f 4929/4627/2656 5653/4626/2655 5015/4625/2660 3993/4624/2388
f 3800/4624/2661 5019/4625/2662 5654/4626/2663 5058/4627/2664
f 5019/4625/2662 3802/4624/2051 4593/4627/2665 5654/4626/2663
f 5654/4626/2663 4593/4627/2665 3970/4624/2666 4400/4625/2667
f 5058/4627/2664 5654/4626/2663 4400/4625/2667 3969/4624/2403
f 4053/4739/2668 5145/4740/2669 5655/4741/2670 5118/4742/2671
f 5145/4740/2669 4209/4743/2430 4536/4744/2672 5655/4741/2670
f 5655/4741/2670 4536/4744/2672 4200/4745/2673 4550/4746/2674
f 5118/4742/2671 5655/4741/2670 4550/4746/2674 4199/4747/2675
f 4128/4611/2479 5211/4612/2478 5656/4612/2676 4999/4611/2677
f 5211/4612/2478 3963/4614/2477 4399/4612/2678 5656/4612/2676
f 5656/4612/2676 4399/4612/2678 3954/4614/2679 5241/4612/2680
f 4999/4611/2677 5656/4612/2676 5241/4612/2680 4118/4611/2681
f 4200/4748/2673 4535/4749/2682 5657/4750/2683 4828/4751/2684
f 4535/4749/2682 4201/4752/2633 4779/4753/2685 5657/4750/2683
f 5657/4750/2683 4779/4753/2685 4192/4754/2686 4824/4755/2687
f 4828/4751/2684 5657/4750/2683 4824/4755/2687 4191/4756/2688
f 4148/4757/2689 4673/4758/2690 5658/4759/2691 4530/4760/2692
f 4673/4758/2690 4149/4761/2693 4815/4762/2694 5658/4759/2691
f 5658/4759/2691 4815/4762/2694 4138/4763/2634 4517/4764/2695
f 4530/4760/2692 5658/4759/2691 4517/4764/2695 4136/4765/2696
f 4046/4624/2006 4698/4625/2295 5659/4626/2697 4900/4627/2007
f 4698/4625/2295 4047/4624/2294 4940/4625/2698 5659/4626/2697
f 5659/4626/2697 4940/4625/2698 4037/4624/2699 4981/4625/2700
f 4900/4627/2007 5659/4626/2697 4981/4625/2700 4036/4624/2008
f 4235/4634/2701 4472/4625/2702 5660/4626/2703 5493/4635/2704
f 4472/4625/2702 3900/4624/2705 4519/4627/2706 5660/4626/2703
f 5660/4626/2703 4519/4627/2706 3899/4624/2453 4432/4625/2707
f 5493/4635/2704 5660/4626/2703 4432/4625/2707 4219/4611/2708
f 3965/4624/2709 4965/4625/2710 5661/4626/2711 4486/4627/2712
f 4965/4625/2710 3966/4624/2713 4532/4627/2714 5661/4626/2711
f 5661/4626/2711 4532/4627/2714 3957/4624/2715 4483/4625/2716
f 4486/4627/2712 5661/4626/2711 4483/4625/2716 3956/4624/2717
f 4152/4766/2718 4863/4767/2719 5662/4768/2720 5091/4769/2721
f 4863/4767/2719 4153/4770/2722 4436/4771/2723 5662/4768/2720
f 5662/4768/2720 4436/4771/2723 4143/4615/1921 4924/4772/1967
f 5091/4769/2721 5662/4768/2720 4924/4772/1967 4142/4773/1966
f 4206/4774/2462 4829/4775/2724 5663/4776/2725 5102/4777/2726
f 4829/4775/2724 4207/4778/2727 5061/4779/2728 5663/4776/2725
f 5663/4776/2725 5061/4779/2728 4198/4719/2625 5099/4716/2622
f 5102/4777/2726 5663/4776/2725 5099/4716/2622 4197/4715/2621
f 4191/4780/2688 5126/4781/2729 5664/4782/2730 4828/4751/2684
f 5126/4781/2729 4065/4783/2731 5194/4784/2732 5664/4782/2730
f 5664/4782/2730 5194/4784/2732 4199/4747/2675 4550/4785/2674
f 4828/4751/2684 5664/4782/2730 4550/4785/2674 4200/4786/2673
f 4130/4613/2116 5227/4612/2115 5665/4612/2733 4905/4626/2734
f 5227/4612/2115 3840/4614/2066 4504/4612/2735 5665/4612/2733
f 5665/4612/2733 4504/4612/2735 3832/4614/2252 5129/4612/2249
f 4905/4626/2734 5665/4612/2733 5129/4612/2249 4131/4612/2248
f 3954/4624/2679 4398/4625/2736 5666/4626/2737 4678/4627/2738
f 4398/4625/2736 3955/4624/2739 4728/4627/2740 5666/4626/2737
f 5666/4626/2737 4728/4627/2740 3947/4624/2180 4676/4625/2177
f 4678/4627/2738 5666/4626/2737 4676/4625/2177 3946/4624/2176
f 3816/4624/2268 4363/4625/2741 5667/4626/2742 4647/4627/2743
f 4363/4625/2741 3817/4624/2168 4695/4627/2744 5667/4626/2742
f 5667/4626/2742 4695/4627/2744 3808/4624/2745 4645/4625/2746
f 4647/4627/2743 5667/4626/2742 4645/4625/2746 3807/4624/2410
f 4159/4640/2155 4629/4787/2747 5668/4788/2748 4912/4641/2156
f 4629/4787/2747 4160/4663/2304 4867/4789/2749 5668/4788/2748
f 5668/4788/2748 4867/4789/2749 4152/4766/2718 4910/4790/2750
f 4912/4641/2156 5668/4788/2748 4910/4790/2750 4151/4642/2157
f 4339/4614/2021 4968/4612/2020 5669/4624/2751 5489/4624/2752
f 4968/4612/2020 3979/4614/1957 5011/4624/1960 5669/4624/2751
f 5669/4624/2751 5011/4624/1960 3978/4611/1965 4923/4612/2753
f 5489/4624/2752 5669/4624/2751 4923/4612/2753 4315/4611/2754
f 4195/4680/2450 5010/4791/2755 5670/4792/2756 4534/4793/2757
f 5010/4791/2755 4196/4794/2758 4490/4795/2759 5670/4792/2756
f 5670/4792/2756 4490/4795/2759 4188/4796/2760 4533/4797/2761
f 4534/4793/2757 5670/4792/2756 4533/4797/2761 4187/4798/2762
f 4160/4663/2304 4586/4662/2303 5671/4799/2763 4867/4789/2749
f 4586/4662/2303 4161/4661/2302 4481/4800/2764 5671/4799/2763
f 5671/4799/2763 4481/4800/2764 4153/4770/2722 4863/4767/2719
f 4867/4789/2749 5671/4799/2763 4863/4767/2719 4152/4766/2718
f 4040/4624/2042 4411/4625/2041 5672/4626/2765 4980/4627/2766
f 4411/4625/2041 4041/4624/2040 4652/4627/2767 5672/4626/2765
f 5672/4626/2765 4652/4627/2767 4031/4624/2768 4696/4625/2769
f 4980/4627/2766 5672/4626/2765 4696/4625/2769 4030/4624/2770
f 4162/4801/2771 4677/4802/2772 5673/4803/2773 4960/4804/2774
f 4677/4802/2772 4163/4805/2493 5196/4806/2492 5673/4803/2773
f 5673/4803/2773 5196/4806/2492 3873/4807/2489 5229/4808/2775
f 4960/4804/2774 5673/4803/2773 5229/4808/2775 4154/4809/2776
f 3847/4614/2777 5151/4613/2778 5674/4612/2779 4844/4612/2780
f 5151/4613/2778 3888/4613/2608 4618/4613/2607 5674/4612/2779
f 5674/4612/2779 4618/4613/2607 3887/4613/2604 5214/4613/2781
f 4844/4612/2780 5674/4612/2779 5214/4613/2781 3839/4614/2782
f 4024/4624/2055 4408/4625/2783 5675/4626/2784 4946/4627/2785
f 4408/4625/2783 4025/4624/2134 4648/4627/2137 5675/4626/2784
f 5675/4626/2784 4648/4627/2137 4016/4624/2142 4936/4625/2786
f 4946/4627/2785 5675/4626/2784 4936/4625/2786 4015/4624/2787
f 3825/4624/2266 4840/4625/2355 5676/4626/2788 4365/4627/2267
f 4840/4625/2355 3826/4624/2160 4410/4627/2163 5676/4626/2788
f 5676/4626/2788 4410/4627/2163 3817/4624/2168 4363/4625/2741
f 4365/4627/2267 5676/4626/2788 4363/4625/2741 3816/4624/2268
f 4166/4810/2789 5007/4811/2790 5677/4812/2791 4640/4813/2792
f 5007/4811/2790 4167/4814/2793 4933/4815/2794 5677/4812/2791
f 5677/4812/2791 4933/4815/2794 4158/4816/2795 4527/4817/2796
f 4640/4813/2792 5677/4812/2791 4527/4817/2796 4157/4818/2797
f 4243/4819/2798 4513/4820/2799 5678/4821/2800 5485/4822/2801
f 4513/4820/2799 4187/4798/2762 4823/4823/2802 5678/4821/2800
f 5678/4821/2800 4823/4823/2802 4177/4824/2803 4681/4825/2804
f 5485/4822/2801 5678/4821/2800 4681/4825/2804 4271/4826/2805
f 3948/4624/2806 4771/4625/2807 5679/4626/2808 5053/4627/2809
f 4771/4625/2807 3949/4624/2810 5093/4627/2811 5679/4626/2808
f 5679/4626/2808 5093/4627/2811 3939/4624/2812 5051/4625/2813
f 5053/4627/2809 5679/4626/2808 5051/4625/2813 3938/4624/2814
f 3951/4624/2815 4915/4625/2816 5680/4626/2817 4439/4627/2818
f 4915/4625/2816 3952/4624/2364 4480/4627/2819 5680/4626/2817
f 5680/4626/2817 4480/4627/2819 3942/4624/2234 4438/4625/2231
f 4439/4627/2818 5680/4626/2817 4438/4625/2231 3941/4624/2230
f 4170/4659/2300 4440/4827/2820 5681/4828/2821 4880/4660/2301
f 4440/4827/2820 4171/4829/2822 4679/4830/2823 5681/4828/2821
f 5681/4828/2821 4679/4830/2823 4162/4831/2771 4603/4832/2824
f 4880/4660/2301 5681/4828/2821 4603/4832/2824 4161/4661/2302
f 3953/4614/2362 5234/4613/2825 5682/4612/2826 4529/4612/2827
f 5234/4613/2825 3883/4613/2577 5174/4613/2576 5682/4612/2826
f 5682/4612/2826 5174/4613/2576 3944/4613/2573 4528/4613/2828
f 4529/4612/2827 5682/4612/2826 4528/4613/2828 3943/4614/2829
f 4058/4612/2830 5149/4612/2831 5683/4612/2832 5153/4612/2833
f 5149/4612/2831 4015/4614/2787 4976/4612/2834 5683/4612/2832
f 5683/4612/2832 4976/4612/2834 4007/4614/2126 4854/4612/2186
f 5153/4612/2833 5683/4612/2832 4854/4612/2186 4006/4614/2185
f 4179/4672/2313 4839/4671/2312 5684/4833/2835 4714/4834/2836
f 4839/4671/2312 4180/4670/2311 4482/4835/2837 5684/4833/2835
f 5684/4833/2835 4482/4835/2837 4171/4829/2822 4440/4827/2820
f 4714/4834/2836 5684/4833/2835 4440/4827/2820 4170/4659/2300
f 4178/4836/2838 4773/4837/2839 5685/4838/2840 5055/4839/2841
f 4773/4837/2839 4179/4672/2313 4714/4834/2836 5685/4838/2840
f 5685/4838/2840 4714/4834/2836 4170/4659/2300 5054/4656/2297
f 5055/4839/2841 5685/4838/2840 5054/4656/2297 4169/4655/2296
f 4175/4840/2842 4729/4841/2843 5686/4842/2844 4522/4843/2845
f 4729/4841/2843 4176/4844/2846 4964/4845/2847 5686/4842/2844
f 5686/4842/2844 4964/4845/2847 4167/4814/2793 5007/4811/2790
f 4522/4843/2845 5686/4842/2844 5007/4811/2790 4166/4810/2789
f 4271/4826/2805 4681/4825/2804 5687/4846/2848 5481/4847/2849
f 4681/4825/2804 4177/4824/2803 5095/4848/2850 5687/4846/2848
f 5687/4846/2848 5095/4848/2850 4168/4849/2851 4962/4850/2852
f 5481/4847/2849 5687/4846/2848 4962/4850/2852 4335/4851/2853
f 4177/4824/2803 4822/4852/2854 5688/4853/2855 5095/4848/2850
f 4822/4852/2854 4178/4836/2838 5055/4839/2841 5688/4853/2855
f 5688/4853/2855 5055/4839/2841 4169/4655/2296 5094/4854/2856
f 5095/4848/2850 5688/4853/2855 5094/4854/2856 4168/4849/2851
f 4020/4624/2857 4836/4625/2858 5689/4626/2859 4362/4627/2860
f 4836/4625/2858 4021/4624/2239 4743/4627/2242 5689/4626/2859
f 5689/4626/2859 4743/4627/2242 4013/4624/2247 4774/4625/2861
f 4362/4627/2860 5689/4626/2859 4774/4625/2861 4012/4624/2862
f 4173/4855/2863 4632/4856/2864 5690/4857/2865 4805/4858/2866
f 4632/4856/2864 4174/4859/2867 4871/4860/2868 5690/4857/2865
f 5690/4857/2865 4871/4860/2868 4165/4861/2869 4914/4862/2870
f 4805/4858/2866 5690/4857/2865 4914/4862/2870 4164/4863/2871
f 4164/4864/2871 5207/4865/2872 5691/4866/2873 4805/4867/2866
f 5207/4865/2872 4092/4868/2337 5123/4869/2336 5691/4866/2873
f 5691/4866/2873 5123/4869/2336 4172/4870/2335 4484/4871/2874
f 4805/4867/2866 5691/4866/2873 4484/4871/2874 4173/4855/2863
f 4015/4614/2787 5149/4613/2831 5692/4612/2875 4946/4612/2785
f 5149/4613/2831 4058/4613/2830 5150/4613/2876 5692/4612/2875
f 5692/4612/2875 5150/4613/2876 4023/4612/2057 5022/4613/2056
f 4946/4612/2785 5692/4612/2875 5022/4613/2056 4024/4614/2055
f 4183/4872/2877 5096/4873/2878 5693/4874/2879 4928/4875/2880
f 5096/4873/2878 4184/4876/2881 4592/4877/2882 5693/4874/2879
f 5693/4874/2879 4592/4877/2882 4174/4859/2867 4632/4856/2864
f 4928/4875/2880 5693/4874/2879 4632/4856/2864 4173/4855/2863
f 3927/4624/2202 4525/4625/2883 5694/4626/2884 4813/4627/2885
f 4525/4625/2883 3928/4624/2886 4861/4627/2887 5694/4626/2884
f 5694/4626/2884 4861/4627/2887 3919/4624/2888 4812/4625/2889
f 4813/4627/2885 5694/4626/2884 4812/4625/2889 3918/4624/2890
f 4168/4849/2851 5094/4854/2856 5695/4878/2891 4631/4879/2892
f 5094/4854/2856 4169/4655/2296 4587/4658/2299 5695/4878/2891
f 5695/4878/2891 4587/4658/2299 4160/4663/2304 4629/4787/2747
f 4631/4879/2892 5695/4878/2891 4629/4787/2747 4159/4640/2155
f 4347/4611/2288 5035/4612/2287 5696/4613/2893 5477/4612/2894
f 5035/4612/2287 3868/4611/2286 4615/4612/2440 5696/4613/2893
f 5696/4613/2893 4615/4612/2440 3861/4614/2443 4553/4614/2895
f 5477/4612/2894 5696/4613/2893 4553/4614/2895 4251/4705/2896
f 4011/4624/2223 4404/4625/2897 5697/4626/2898 4692/4627/2899
f 4404/4625/2897 4012/4624/2862 4644/4627/2900 5697/4626/2898
f 5697/4626/2898 4644/4627/2900 4003/4624/2653 4690/4625/2901
f 4692/4627/2899 5697/4626/2898 4690/4625/2901 4002/4624/1952
f 4012/4624/2862 4774/4625/2861 5698/4626/2902 4644/4627/2900
f 4774/4625/2861 4013/4624/2247 4786/4627/2903 5698/4626/2902
f 5698/4626/2902 4786/4627/2903 4004/4624/2657 4660/4625/2654
f 4644/4627/2900 5698/4626/2902 4660/4625/2654 4003/4624/2653
f 3983/4614/2904 4491/4612/2905 5699/4624/2906 4447/4624/2907
f 4491/4612/2905 3984/4614/2908 5147/4624/2909 5699/4624/2906
f 5699/4624/2906 5147/4624/2909 4211/4611/2910 5104/4612/2911
f 4447/4624/2907 5699/4624/2906 5104/4612/2911 3982/4611/2460
f 4171/4829/2822 5117/4880/2912 5700/4881/2913 4679/4882/2823
f 5117/4880/2912 3874/4883/2497 5204/4884/2496 5700/4881/2913
f 5700/4881/2913 5204/4884/2496 4163/4805/2493 4677/4802/2772
f 4679/4882/2823 5700/4881/2913 4677/4802/2772 4162/4801/2771
f 3822/4614/2914 4649/4613/2915 5701/4612/2916 4934/4612/2917
f 4649/4613/2915 3823/4613/2596 5132/4613/2595 5701/4612/2916
f 5701/4612/2916 5132/4613/2595 3885/4613/2375 5225/4613/2372
f 4934/4612/2917 5701/4612/2916 5225/4613/2372 3813/4614/2371
f 4034/4624/1990 4887/4625/2379 5702/4626/2918 5056/4627/2054
f 4887/4625/2379 4035/4624/2010 4366/4627/2327 5702/4626/2918
f 5702/4626/2918 4366/4627/2327 4025/4624/2134 4408/4625/2783
f 5056/4627/2054 5702/4626/2918 4408/4625/2783 4024/4624/2055
f 4192/4754/2686 4917/4885/2919 5703/4886/2920 5059/4887/2921
f 4917/4885/2919 4193/4888/2922 4446/4889/2923 5703/4886/2920
f 5703/4886/2920 4446/4889/2923 4185/4890/2924 4799/4891/2925
f 5059/4887/2921 5703/4886/2920 4799/4891/2925 4184/4876/2881
f 4157/4818/2797 4527/4817/2796 5704/4892/2926 4906/4893/2927
f 4527/4817/2796 4158/4816/2795 4770/4894/2928 5704/4892/2926
f 5704/4892/2926 4770/4894/2928 4150/4895/2929 4816/4896/2930
f 4906/4893/2927 5704/4892/2926 4816/4896/2930 4149/4761/2693
f 4259/4682/2452 4637/4681/2451 5705/4897/2931 5473/4898/2932
f 4637/4681/2451 4195/4680/2450 4534/4793/2757 5705/4897/2931
f 5705/4897/2931 4534/4793/2757 4187/4798/2762 4513/4820/2799
f 5473/4898/2932 5705/4897/2931 4513/4820/2799 4243/4819/2798
f 4036/4624/2008 4981/4625/2700 5706/4626/2933 4780/4627/2328
f 4981/4625/2700 4037/4624/2699 4458/4627/2934 5706/4626/2933
f 5706/4626/2933 4458/4627/2934 4027/4624/2278 4500/4625/2276
f 4780/4627/2328 5706/4626/2933 4500/4625/2276 4026/4624/2138
f 3853/4624/2077 4944/4625/2175 5707/4626/2935 4462/4627/2078
f 4944/4625/2175 3854/4624/2174 4506/4627/2936 5707/4626/2935
f 5707/4626/2935 4506/4627/2936 3846/4624/2937 4461/4625/2938
f 4462/4627/2078 5707/4626/2935 4461/4625/2938 3845/4624/2079
f 4004/4624/2657 4784/4625/2939 5708/4626/2940 5064/4627/2658
f 4784/4625/2939 4005/4624/2941 5017/4627/2942 5708/4626/2940
f 5708/4626/2940 5017/4627/2942 3995/4624/2943 5063/4625/2944
f 5064/4627/2658 5708/4626/2940 5063/4625/2944 3994/4624/2659
f 4198/4899/2625 5213/4900/2945 5709/4901/2946 4594/4902/2626
f 5213/4900/2945 3876/4903/2509 4898/4904/2508 5709/4901/2946
f 5709/4901/2946 4898/4904/2508 3875/4905/2505 5175/4906/2947
f 4594/4902/2626 5709/4901/2946 5175/4906/2947 4190/4907/2309
f 3805/4611/2323 4540/4612/2322 5710/4612/2948 4451/4611/2949
f 4540/4612/2322 3806/4614/2321 4499/4612/2409 5710/4612/2948
f 5710/4612/2948 4499/4612/2409 3789/4614/2414 4448/4612/2950
f 4451/4611/2949 5710/4612/2948 4448/4612/2950 3788/4611/2951
f 4147/4908/2952 4721/4909/2953 5711/4910/2954 4818/4911/2955
f 4721/4909/2953 4148/4757/2689 4530/4760/2692 5711/4910/2954
f 5711/4910/2954 4530/4760/2692 4136/4765/2696 4802/4912/2956
f 4818/4911/2955 5711/4910/2954 4802/4912/2956 4134/4913/2957
f 3993/4624/2388 5015/4625/2660 5712/4626/2958 4403/4627/2389
f 5015/4625/2660 3994/4624/2659 4492/4627/2959 5712/4626/2958
f 5712/4626/2958 4492/4627/2959 3983/4624/2904 4402/4625/2960
f 4403/4627/2389 5712/4626/2958 4402/4625/2960 3981/4624/1961
f 3861/4624/2443 4613/4625/2442 5713/4626/2961 4892/4627/2962
f 4613/4625/2442 3862/4624/2169 4945/4627/2172 5713/4626/2961
f 5713/4626/2961 4945/4627/2172 3853/4624/2077 4891/4625/2074
f 4892/4627/2962 5713/4626/2961 4891/4625/2074 3852/4624/2073
f 4307/4634/2963 4845/4625/2964 5714/4626/2965 5469/4635/2966
f 4845/4625/2964 3852/4624/2073 4413/4627/2076 5714/4626/2965
f 5714/4626/2965 4413/4627/2076 3844/4624/2081 4371/4625/2967
f 5469/4635/2966 5714/4626/2965 4371/4625/2967 4215/4611/2968
f 4204/4678/2448 4732/4914/2969 5715/4915/2970 5013/4679/2449
f 4732/4914/2969 4205/4916/2464 4970/4917/2971 5715/4915/2970
f 5715/4915/2970 4970/4917/2971 4196/4794/2758 5010/4791/2755
f 5013/4679/2449 5715/4915/2970 5010/4791/2755 4195/4680/2450
f 4049/4624/2397 4748/4625/2437 5716/4626/2972 5029/4627/2398
f 4748/4625/2437 4050/4624/2034 5088/4627/2037 5716/4626/2972
f 5716/4626/2972 5088/4627/2037 4040/4624/2042 5025/4625/2973
f 5029/4627/2398 5716/4626/2972 5025/4625/2973 4039/4624/2093
f 3863/4624/1977 4706/4625/1976 5717/4626/2974 4988/4627/2173
f 4706/4625/1976 3864/4624/1975 5033/4627/2193 5717/4626/2974
f 5717/4626/2974 5033/4627/2193 3855/4624/2198 4987/4625/2975
f 4988/4627/2173 5717/4626/2974 4987/4625/2975 3854/4624/2174
f 4134/4913/2957 5135/4918/2976 5718/4919/2977 4818/4920/2955
f 5135/4918/2976 4119/4921/2978 5133/4922/2979 5718/4919/2977
f 5718/4919/2977 5133/4922/2979 4146/4923/2980 4584/4924/2981
f 4818/4920/2955 5718/4919/2977 4584/4924/2981 4147/4925/2952
f 4052/4673/2417 5183/4612/2415 5719/4673/2982 4941/4635/2983
f 5183/4612/2415 3972/4614/2001 5146/4624/2426 5719/4673/2982
f 5719/4673/2982 5146/4624/2426 4209/4611/2430 5145/4612/2669
f 4941/4635/2983 5719/4673/2982 5145/4612/2669 4053/4611/2668
f 4209/4743/2430 5014/4926/2429 5720/4927/2984 4536/4744/2672
f 5014/4926/2429 4210/4721/2428 4827/4724/2629 5720/4927/2984
f 5720/4927/2984 4827/4724/2629 4201/4729/2633 4535/4749/2682
f 4536/4744/2672 5720/4927/2984 4535/4749/2682 4200/4745/2673
f 3974/4611/1947 5200/4612/2627 5721/4613/2985 4825/4612/1942
f 5200/4612/2627 4210/4611/2428 5199/4612/2427 5721/4613/2985
f 5721/4613/2985 5199/4612/2427 3973/4614/1999 4778/4612/2033
f 4825/4612/1942 5721/4613/2985 4778/4612/2033 3975/4614/1939
f 3974/4725/1947 4826/4928/1946 5722/4929/2986 5185/4726/2630
f 4826/4928/1946 3976/4930/1945 5224/4931/2987 5722/4929/2986
f 5722/4929/2986 5224/4931/2987 4203/4932/2988 4638/4933/2989
f 5185/4726/2630 5722/4929/2986 4638/4933/2989 4202/4727/2631
f 4343/4624/2990 5009/4625/2991 5723/4626/2992 5465/4627/2993
f 5009/4625/2991 3967/4624/2994 4591/4627/2995 5723/4626/2992
f 5723/4626/2992 4591/4627/2995 3958/4624/2996 4531/4625/2997
f 5465/4627/2993 5723/4626/2992 4531/4625/2997 4247/4624/2998
f 3978/4934/1965 5012/4935/1964 5724/4936/2999 5148/4937/3000
f 5012/4935/1964 3980/4683/1963 5176/4686/2459 5724/4936/2999
f 5724/4936/2999 5176/4686/2459 4205/4691/2464 4732/4938/2969
f 5148/4937/3000 5724/4936/2999 4732/4938/2969 4204/4939/2448
f 3981/4614/1961 4402/4612/2960 5725/4624/3001 5100/4624/1962
f 4402/4612/2960 3983/4614/2904 4447/4624/2907 5725/4624/3001
f 5725/4624/3001 4447/4624/2907 3982/4611/2460 5101/4612/2457
f 5100/4624/1962 5725/4624/3001 5101/4612/2457 3980/4611/1963
f 3787/4624/2475 4357/4625/3002 5726/4626/3003 4551/4627/2476
f 4357/4625/3002 3790/4624/3004 4590/4627/3005 5726/4626/3003
f 5726/4626/3003 4590/4627/3005 3964/4624/3006 4872/4625/3007
f 4551/4627/2476 5726/4626/3003 4872/4625/3007 3963/4624/2477
f 3905/4614/3008 5210/4613/3009 5727/4612/3010 4749/4612/3011
f 5210/4613/3009 3881/4613/2553 4664/4613/2552 5727/4612/3010
f 5727/4612/3010 4664/4613/2552 3880/4613/2549 5215/4613/3012
f 4749/4612/3011 5727/4612/3010 5215/4613/3012 4051/4614/2038
f 4064/4624/3013 5223/4625/3014 5728/4626/3015 5032/4627/3016
f 5223/4625/3014 3892/4624/3017 4807/4627/3018 5728/4626/3015
f 5728/4626/3015 4807/4627/3018 3891/4624/1982 5209/4625/1979
f 5032/4627/3016 5728/4626/3015 5209/4625/1979 4063/4624/1978
f 3891/4624/1982 4808/4625/3019 5729/4626/3020 4746/4627/1983
f 4808/4625/3019 3893/4624/1938 4422/4627/3021 5729/4626/3020
f 5729/4626/3020 4422/4627/3021 4045/4624/2002 4607/4625/2377
f 4746/4627/1983 5729/4626/3020 4607/4625/2377 4044/4624/1984
f 3893/4624/1938 4996/4625/1937 5730/4626/3022 4422/4627/3021
f 4996/4625/1937 3895/4624/1936 5027/4627/2291 5730/4626/3022
f 5730/4626/3022 5027/4627/2291 4046/4624/2006 4547/4625/2003
f 4422/4627/3021 5730/4626/3022 4547/4625/2003 4045/4624/2002
f 4141/4633/1971 5219/4940/2438 5731/4941/3023 4956/4942/1969
f 5219/4940/2438 3868/4652/2286 5218/4943/2285 5731/4941/3023
f 5731/4941/3023 5218/4943/2285 4140/4944/2284 4442/4945/3024
f 4956/4942/1969 5731/4941/3023 4442/4945/3024 4142/4773/1966
f 4303/4611/3025 4820/4625/3026 5732/4626/3027 5461/4634/3028
f 4820/4625/3026 3950/4624/3029 4396/4627/3030 5732/4626/3027
f 5732/4626/3027 4396/4627/3030 3940/4624/3031 5092/4625/3032
f 5461/4634/3028 5732/4626/3027 5092/4625/3032 4355/4611/3033
f 3793/4624/3034 4691/4625/3035 5733/4626/3036 4642/4627/3037
f 4691/4625/3035 3795/4624/3038 4735/4627/3039 5733/4626/3036
f 5733/4626/3036 4735/4627/3039 3794/4624/3040 4643/4625/3041
f 4642/4627/3037 5733/4626/3036 4643/4625/3041 3792/4624/3042
f 3799/4624/3043 4975/4625/3044 5734/4626/3045 4930/4627/3046
f 4975/4625/3044 3801/4624/3047 5018/4627/3048 5734/4626/3045
f 5734/4626/3045 5018/4627/3048 3800/4624/2661 4931/4625/3049
f 4930/4627/3046 5734/4626/3045 4931/4625/3049 3798/4624/3050
f 3903/4624/2435 4718/4625/3051 5735/4626/3052 4655/4627/2436
f 4718/4625/3051 3905/4624/3008 4749/4627/3011 5735/4626/3052
f 5735/4626/3052 4749/4627/3011 4051/4624/2038 4890/4625/2035
f 4655/4627/2436 5735/4626/3052 4890/4625/2035 4050/4624/2034
f 3802/4614/2051 4361/4613/2050 5736/4612/3053 4593/4612/2665
f 4361/4613/2050 3804/4613/2049 4488/4613/2588 5736/4612/3053
f 5736/4612/3053 4488/4613/2588 3971/4613/2585 4445/4613/3054
f 4593/4612/2665 5736/4612/3053 4445/4613/3054 3970/4614/2666
f 4074/4624/2369 5233/4625/2366 5737/4626/3055 4414/4627/3056
f 5233/4625/2366 3908/4624/2365 4954/4627/3057 5737/4626/3055
f 5737/4626/3055 4954/4627/3057 3892/4624/3017 5223/4625/3014
f 4414/4627/3056 5737/4626/3055 5223/4625/3014 4064/4624/3013
f 3857/4624/1918 4415/4625/2470 5738/4626/3058 4703/4627/3059
f 4415/4625/2470 3858/4624/2469 4752/4627/3060 5738/4626/3058
f 5738/4626/3058 4752/4627/3060 3849/4624/2062 4702/4625/2059
f 4703/4627/3059 5738/4626/3058 4702/4625/2059 3848/4624/2058
f 3807/4624/2410 4645/4625/2746 5739/4626/3061 4810/4627/2411
f 4645/4625/2746 3808/4624/2745 4693/4627/3062 5739/4626/3061
f 5739/4626/3061 4693/4627/3062 3793/4624/3034 4599/4625/3063
f 4810/4627/2411 5739/4626/3061 4599/4625/3063 3791/4624/2412
f 3938/4624/2814 5051/4625/2813 5740/4626/3064 4585/4627/3065
f 5051/4625/2813 3939/4624/2812 4628/4627/3066 5740/4626/3064
f 5740/4626/3064 4628/4627/3066 3929/4624/3067 4583/4625/3068
f 4585/4627/3065 5740/4626/3064 4583/4625/3068 3928/4624/2886
f 4247/4624/2998 4531/4625/2997 5741/4626/3069 5457/4634/3070
f 4531/4625/2997 3958/4624/2996 4870/4627/3071 5741/4626/3069
f 5741/4626/3069 4870/4627/3071 3950/4624/3029 4820/4625/3026
f 5457/4634/3070 5741/4626/3069 4820/4625/3026 4303/4611/3025
f 3808/4624/2745 4694/4625/3072 5742/4626/3073 4693/4627/3062
f 4694/4625/3072 3809/4624/3074 4787/4625/3075 5742/4626/3073
f 5742/4626/3073 4787/4625/3075 3795/4624/3038 4691/4625/3035
f 4693/4627/3062 5742/4626/3073 4691/4625/3035 3793/4624/3034
f 3913/4624/3076 4523/4625/3077 5743/4626/3078 4670/4627/3079
f 4523/4625/3077 3914/4624/2110 4763/4627/3080 5743/4626/3078
f 5743/4626/3078 4763/4627/3080 3904/4624/3081 4669/4625/3082
f 4670/4627/3079 5743/4626/3078 4669/4625/3082 3902/4624/3083
f 3969/4624/2403 4400/4625/2667 5744/4626/3084 4683/4627/2404
f 4400/4625/2667 3970/4624/2666 4731/4627/3085 5744/4626/3084
f 5744/4626/3084 4731/4627/3085 3961/4624/2360 4680/4625/2357
f 4683/4627/2404 5744/4626/3084 4680/4625/2357 3960/4624/2356
f 4065/4783/2731 5126/4946/2729 5745/4947/3086 5108/4948/3087
f 5126/4946/2729 4191/4949/2688 5098/4950/3088 5745/4947/3086
f 5745/4947/3086 5098/4950/3088 4183/4951/2877 4966/4952/3089
f 5108/4948/3087 5745/4947/3086 4966/4952/3089 4182/4953/3090
f 4118/4611/2681 5241/4612/2680 5746/4612/3091 5143/4626/3092
f 5241/4612/2680 3954/4614/2679 4678/4612/2738 5746/4612/3091
f 5746/4612/3091 4678/4612/2738 3946/4614/2176 4630/4612/2258
f 5143/4626/3092 5746/4612/3091 4630/4612/2258 3945/4645/2257
f 4119/4611/2978 5144/4612/3093 5747/4613/3094 4620/4613/3095
f 5144/4612/3093 3865/4611/1912 5240/4612/3096 5747/4613/3094
f 5747/4613/3094 5240/4612/3096 4120/4614/3097 4621/4612/3098
f 4620/4613/3095 5747/4613/3094 4621/4612/3098 4110/4613/3099
f 4156/4954/3100 4395/4955/3101 5748/4956/3102 4675/4957/3103
f 4395/4955/3101 4157/4818/2797 4906/4893/2927 5748/4956/3102
f 5748/4956/3102 4906/4893/2927 4149/4761/2693 4673/4758/2690
f 4675/4957/3103 5748/4956/3102 4673/4758/2690 4148/4757/2689
f 3817/4624/2168 4409/4625/2167 5749/4626/3104 4695/4627/2744
f 4409/4625/2167 3818/4624/2166 4741/4627/3105 5749/4626/3104
f 5749/4626/3104 4741/4627/3105 3809/4624/3074 4694/4625/3072
f 4695/4627/2744 5749/4626/3104 4694/4625/3072 3808/4624/2745
f 4279/4611/3106 4736/4625/3107 5750/4627/3108 5453/4627/3109
f 4736/4625/3107 3796/4624/3110 4874/4627/3111 5750/4627/3108
f 5750/4627/3108 4874/4627/3111 3967/4624/2994 5009/4625/2991
f 5453/4627/3109 5750/4627/3108 5009/4625/2991 4343/4624/2990
f 4180/4958/2311 4873/4959/3112 5751/4960/3113 4482/4961/2837
f 4873/4959/3112 4181/4962/2501 5127/4963/2500 5751/4960/3113
f 5751/4960/3113 5127/4963/2500 3874/4883/2497 5117/4880/2912
f 4482/4961/2837 5751/4960/3113 5117/4880/2912 4171/4829/2822
f 3820/4624/2344 4542/4625/3114 5752/4626/3115 4837/4627/2345
f 4542/4625/3114 3821/4624/3116 4886/4627/3117 5752/4626/3115
f 5752/4626/3115 4886/4627/3117 3812/4624/3118 4835/4625/3119
f 4837/4627/2345 5752/4626/3115 4835/4625/3119 3811/4624/2346
f 3821/4624/3116 4605/4625/3120 5753/4626/3121 4886/4627/3117
f 4605/4625/3120 3822/4624/2914 4934/4627/2917 5753/4626/3121
f 5753/4626/3121 4934/4627/2917 3813/4624/2371 4885/4625/3122
f 4886/4627/3117 5753/4626/3121 4885/4625/3122 3812/4624/3118
f 4103/4964/3123 4852/4965/3123 5754/4613/3123 4515/4625/3123
f 4852/4965/3123 4111/4614/3123 4994/4613/3123 5754/4613/3123
f 5754/4613/3123 4994/4613/3123 4104/4613/3123 4516/4613/3123
f 4515/4625/3123 5754/4613/3123 4516/4613/3123 4095/4966/3123
f 4132/4614/2256 5202/4612/2255 5755/4612/3124 5232/4627/3125
f 5202/4612/2255 3824/4614/2254 5071/4612/2265 5755/4612/3124
f 5755/4612/3124 5071/4612/2265 3815/4614/2270 5021/4612/2317
f 5232/4627/3125 5755/4612/3124 5021/4612/2317 3814/4624/2316
f 3932/4624/2236 4766/4625/3126 5756/4626/3127 5050/4627/2273
f 4766/4625/3126 3933/4624/3128 5090/4627/3129 5756/4626/3127
f 5756/4626/3127 5090/4627/3129 3924/4624/2106 5049/4625/2103
f 5050/4627/2273 5756/4626/3127 5049/4625/2103 3923/4624/2102
f 3841/4624/2064 5030/4625/2101 5757/4626/3130 4549/4627/3131
f 5030/4625/2101 3842/4624/2100 4609/4627/3132 5757/4626/3130
f 5757/4626/3130 4609/4627/3132 3834/4624/2353 4546/4625/2350
f 4549/4627/3131 5757/4626/3130 4546/4625/2350 3833/4624/2349
f 4028/4624/2088 4604/4625/2096 5758/4626/3133 4385/4627/2392
f 4604/4625/2096 4029/4624/2095 4838/4627/3134 5758/4626/3133
f 5758/4626/3133 4838/4627/3134 4020/4624/2857 4884/4625/3135
f 4385/4627/2392 5758/4626/3133 4884/4625/3135 4019/4624/2221
f 4215/4611/2968 4371/4625/2967 5759/4626/3136 5449/4634/3137
f 4371/4625/2967 3844/4624/2081 4700/4627/3138 5759/4626/3136
f 5759/4626/3136 4700/4627/3138 3836/4624/2208 4653/4625/2644
f 5449/4634/3137 5759/4626/3136 4653/4625/2644 4263/4611/2643
f 3842/4624/2100 5075/4625/3139 5760/4626/3140 4609/4627/3132
f 5075/4625/3139 3843/4624/3141 4656/4627/3142 5760/4626/3140
f 5760/4626/3140 4656/4627/3142 3835/4624/3143 4608/4625/3144
f 4609/4627/3132 5760/4626/3140 4608/4625/3144 3834/4624/2353
f 4029/4624/2095 4543/4625/3145 5761/4626/3146 4838/4627/3134
f 4543/4625/3145 4030/4624/2770 4859/4627/3147 5761/4626/3146
f 5761/4626/3146 4859/4627/3147 4021/4624/2239 4836/4625/2858
f 4838/4627/3134 5761/4626/3146 4836/4625/2858 4020/4624/2857
f 3830/4624/3148 5073/4625/3149 5762/4626/3150 4606/4627/3151
f 5073/4625/3149 3831/4624/3152 4651/4627/3153 5762/4626/3150
f 5762/4626/3150 4651/4627/3153 3822/4624/2914 4605/4625/3120
f 4606/4627/3151 5762/4626/3150 4605/4625/3120 3821/4624/3116
f 3985/4611/2517 5120/4612/3154 5763/4613/3155 4639/4626/2520
f 5120/4612/3154 4211/4611/2910 5147/4612/2909 5763/4613/3155
f 5763/4613/3155 5147/4612/2909 3984/4614/2908 4596/4612/3156
f 4639/4626/2520 5763/4613/3155 4596/4612/3156 3986/4613/2521
f 3839/4614/2782 5214/4613/2781 5764/4612/3157 4369/4612/3158
f 5214/4613/2781 3887/4613/2604 4865/4613/2603 5764/4612/3157
f 5764/4612/3157 4865/4613/2603 3886/4613/2600 5105/4613/3159
f 4369/4612/3158 5764/4612/3157 5105/4613/3159 3831/4614/3152
f 3942/4624/2234 4478/4625/3160 5765/4626/3161 4769/4627/2235
f 4478/4625/3160 3943/4624/2829 4819/4627/3162 5765/4626/3161
f 5765/4626/3161 4819/4627/3162 3933/4624/3128 4766/4625/3126
f 4769/4627/2235 5765/4626/3161 4766/4625/3126 3932/4624/2236
f 4174/4859/2867 4589/4967/3163 5766/4968/3164 4871/4860/2868
f 4589/4967/3163 4175/4840/2842 4522/4843/2845 5766/4968/3164
f 5766/4968/3164 4522/4843/2845 4166/4810/2789 4869/4969/3165
f 4871/4860/2868 5766/4968/3164 4869/4969/3165 4165/4861/2869
f 4019/4624/2221 4884/4625/3135 5767/4626/3166 4406/4627/2222
f 4884/4625/3135 4020/4624/2857 4362/4627/2860 5767/4626/3166
f 5767/4626/3166 4362/4627/2860 4012/4624/2862 4404/4625/2897
f 4406/4627/2222 5767/4626/3166 4404/4625/2897 4011/4624/2223
f 4299/4634/3167 4785/4625/3168 5768/4626/3169 5445/4635/3170
f 4785/4625/3168 3797/4624/3171 4832/4627/3172 5768/4626/3169
f 5768/4626/3169 4832/4627/3172 3796/4624/3110 4736/4625/3107
f 5445/4635/3170 5768/4626/3169 4736/4625/3107 4279/4611/3106
f 3930/4624/3173 4672/4625/3174 5769/4626/3175 4957/4627/3176
f 4672/4625/3174 3931/4624/2238 5002/4627/2272 5769/4626/3175
f 5769/4626/3175 5002/4627/2272 3922/4624/2275 4955/4625/3177
f 4957/4627/3176 5769/4626/3175 4955/4625/3177 3921/4624/3178
f 4184/4876/2881 4799/4891/2925 5770/4970/3179 4592/4877/2882
f 4799/4891/2925 4185/4890/2924 5067/4971/3180 5770/4970/3179
f 5770/4970/3179 5067/4971/3180 4175/4840/2842 4589/4967/3163
f 4592/4877/2882 5770/4970/3179 4589/4967/3163 4174/4859/2867
f 3832/4624/2252 4503/4625/3181 5771/4626/3182 4792/4627/2253
f 4503/4625/3181 3833/4624/2349 4842/4627/2352 5771/4626/3182
f 5771/4626/3182 4842/4627/2352 3825/4624/2266 4791/4625/2263
f 4792/4627/2253 5771/4626/3182 4791/4625/2263 3824/4624/2254
f 3943/4614/2829 4528/4613/2828 5772/4612/3183 4819/4612/3162
f 4528/4613/2828 3944/4613/2573 4866/4613/2572 5772/4612/3183
f 5772/4612/3183 4866/4613/2572 3934/4613/2569 4817/4613/3184
f 4819/4612/3162 5772/4612/3183 4817/4613/3184 3933/4614/3128
f 3831/4614/3152 5105/4613/3159 5773/4612/3185 4651/4612/3153
f 5105/4613/3159 3886/4613/2600 5141/4613/2599 5773/4612/3185
f 5773/4612/3185 5141/4613/2599 3823/4613/2596 4649/4613/2915
f 4651/4612/3153 5773/4612/3185 4649/4613/2915 3822/4614/2914
f 3840/4624/2066 4984/4625/2065 5774/4626/3186 4504/4627/2735
f 4984/4625/2065 3841/4624/2064 4549/4627/3131 5774/4626/3186
f 5774/4626/3186 4549/4627/3131 3833/4624/2349 4503/4625/3181
f 4504/4627/2735 5774/4626/3186 4503/4625/3181 3832/4624/2252
f 4008/4624/2130 4581/4625/2207 5775/4626/3187 4450/4627/2131
f 4581/4625/2207 4009/4624/2143 4600/4627/2146 5775/4626/3187
f 5775/4626/3187 4600/4627/2146 4000/4624/2071 4449/4625/2068
f 4450/4627/2131 5775/4626/3187 4449/4625/2068 3999/4624/2067
f 3828/4624/2216 4982/4625/2215 5776/4626/3188 4502/4627/3189
f 4982/4625/2215 3829/4624/2214 4544/4627/3190 5776/4626/3188
f 5776/4626/3188 4544/4627/3190 3820/4624/2344 4501/4625/2341
f 4502/4627/3189 5776/4626/3188 4501/4625/2341 3819/4624/2340
f 4219/4611/2708 4432/4625/2707 5777/4627/3191 5441/4627/3192
f 4432/4625/2707 3899/4624/2453 4460/4627/2456 5777/4627/3191
f 5777/4627/3191 4460/4627/2456 4048/4624/2393 4654/4625/3193
f 5441/4627/3192 5777/4627/3191 4654/4625/3193 4267/4624/3194
f 3844/4624/2081 4412/4625/2080 5778/4626/3195 4700/4627/3138
f 4412/4625/2080 3845/4624/2079 4750/4627/3196 5778/4626/3195
f 5778/4626/3195 4750/4627/3196 3837/4624/2212 4699/4625/2209
f 4700/4627/3138 5778/4626/3195 4699/4625/2209 3836/4624/2208
f 4188/4796/2760 4489/4972/3197 5779/4973/3198 4777/4974/3199
f 4489/4972/3197 4189/4664/2305 4920/4667/2308 5779/4973/3198
f 5779/4973/3198 4920/4667/2308 4179/4672/2313 4773/4837/2839
f 4777/4974/3199 5779/4973/3198 4773/4837/2839 4178/4836/2838
f 3846/4624/2937 4505/4625/3200 5780/4626/3201 4795/4627/3202
f 4505/4625/3200 3847/4624/2777 4844/4627/2780 5780/4626/3201
f 5780/4626/3201 4844/4627/2780 3839/4624/2782 4794/4625/3203
f 4795/4627/3202 5780/4626/3201 4794/4625/3203 3838/4624/3204
f 4092/4868/2337 5207/4975/2872 5781/4976/3205 5040/4977/3206
f 5207/4975/2872 4164/4978/2871 4689/4979/3207 5781/4976/3205
f 5781/4976/3205 4689/4979/3207 4155/4980/3208 5239/4981/3209
f 5040/4977/3206 5781/4976/3205 5239/4981/3209 4101/4982/3210
f 3855/4614/2198 5236/4613/2197 5782/4612/3211 4552/4612/3212
f 5236/4613/2197 3889/4613/2196 4666/4613/2611 5782/4612/3211
f 5782/4612/3211 4666/4613/2611 3888/4613/2608 5151/4613/2778
f 4552/4612/3212 5782/4612/3211 5151/4613/2778 3847/4614/2777
f 3815/4624/2270 5070/4625/2269 5783/4626/3213 4602/4627/2320
f 5070/4625/2269 3816/4624/2268 4647/4627/2743 5783/4626/3213
f 5783/4626/3213 4647/4627/2743 3807/4624/2410 4601/4625/2407
f 4602/4627/2320 5783/4626/3213 4601/4625/2407 3806/4624/2321
f 3955/4624/2739 4441/4625/3214 5784/4626/3215 4728/4627/2740
f 4441/4625/3214 3956/4624/2717 4772/4627/3216 5784/4626/3215
f 5784/4626/3215 4772/4627/3216 3948/4624/2806 4727/4625/3217
f 4728/4627/2740 5784/4626/3215 4727/4625/3217 3947/4624/2180
f 3850/4624/2030 4796/4625/2029 5785/4626/3218 5076/4627/2099
f 4796/4625/2029 3851/4624/2028 4372/4627/3219 5785/4626/3218
f 5785/4626/3218 4372/4627/3219 3843/4624/3141 5075/4625/3139
f 5076/4627/2099 5785/4626/3218 5075/4625/3139 3842/4624/2100
f 4223/4624/3220 4434/4625/3221 5786/4626/3222 5437/4627/3223
f 4434/4625/3221 3912/4624/3224 4578/4627/3225 5786/4626/3222
f 5786/4626/3222 4578/4627/3225 3900/4624/2705 4472/4625/2702
f 5437/4627/3223 5786/4626/3222 4472/4625/2702 4235/4634/2701
f 4002/4624/1952 4690/4625/2901 5787/4626/3226 4973/4627/1953
f 4690/4625/2901 4003/4624/2653 4929/4627/2656 5787/4626/3226
f 5787/4626/3226 4929/4627/2656 3993/4624/2388 4972/4625/2386
f 4973/4627/1953 5787/4626/3226 4972/4625/2386 3992/4624/1954
f 4196/4794/2758 4359/4983/3227 5788/4984/3228 4490/4795/2759
f 4359/4983/3227 4197/4715/2621 4636/4718/2624 5788/4984/3228
f 5788/4984/3228 4636/4718/2624 4189/4664/2305 4489/4972/3197
f 4490/4795/2759 5788/4984/3228 4489/4972/3197 4188/4796/2760
f 4161/4661/2302 4603/4832/2824 5789/4985/3229 4481/4800/2764
f 4603/4832/2824 4162/4831/2771 4960/4986/2774 5789/4985/3229
f 5789/4985/3229 4960/4986/2774 4154/4987/2776 5004/4988/3230
f 4481/4800/2764 5789/4985/3229 5004/4988/3230 4153/4770/2722
f 3924/4614/2106 5089/4613/3231 5790/4612/3232 4626/4612/2107
f 5089/4613/3231 3925/4613/2565 5193/4613/2564 5790/4612/3232
f 5790/4612/3232 5193/4613/2564 3882/4613/2561 5182/4613/3233
f 4626/4612/2107 5790/4612/3232 5182/4613/3233 3915/4614/2108
f 3848/4624/2058 5187/4625/2112 5791/4626/3234 4703/4627/3059
f 5187/4625/2112 4129/4624/2111 5188/4627/3235 5791/4626/3234
f 5791/4626/3234 5188/4627/3235 3856/4624/1920 4374/4625/1919
f 4703/4627/3059 5791/4626/3234 4374/4625/1919 3857/4624/1918
f 3963/4624/2477 4872/4625/3007 5792/4626/3236 4399/4627/2678
f 4872/4625/3007 3964/4624/3006 4443/4627/3237 5792/4626/3236
f 5792/4626/3236 4443/4627/3237 3955/4624/2739 4398/4625/2736
f 4399/4627/2678 5792/4626/3236 4398/4625/2736 3954/4624/2679
f 3858/4624/2469 4463/4625/3238 5793/4626/3239 4752/4627/3060
f 4463/4625/3238 3859/4624/2022 4797/4627/2025 5793/4626/3239
f 5793/4626/3239 4797/4627/2025 3850/4624/2030 4751/4625/2097
f 4752/4627/3060 5793/4626/3239 4751/4625/2097 3849/4624/2062
f 3810/4624/2348 4789/4625/2347 5794/4626/3240 4883/4627/3241
f 4789/4625/2347 3811/4624/2346 4977/4627/3242 5794/4626/3240
f 5794/4626/3240 4977/4627/3242 3799/4624/3043 4882/4625/3243
f 4883/4627/3241 5794/4626/3240 4882/4625/3243 3797/4624/3171
f 4311/4611/3244 4907/4625/3245 5795/4627/3246 5433/4627/3247
f 4907/4625/3245 3921/4624/3178 4475/4627/3248 5795/4627/3246
f 5795/4627/3246 4475/4627/3248 3912/4624/3224 4434/4625/3221
f 5433/4627/3247 5795/4627/3246 4434/4625/3221 4223/4624/3220
f 4149/4761/2693 4816/4896/2930 5796/4989/3249 4815/4762/2694
f 4816/4896/2930 4150/4895/2929 4909/4990/3250 5796/4989/3249
f 5796/4989/3249 4909/4990/3250 4139/4991/2638 5000/4992/2635
f 4815/4762/2694 5796/4989/3249 5000/4992/2635 4138/4763/2634
f 4205/4916/2464 4471/4993/2463 5797/4994/3251 4970/4917/2971
f 4471/4993/2463 4206/4774/2462 5102/4777/2726 5797/4994/3251
f 5797/4994/3251 5102/4777/2726 4197/4715/2621 4359/4983/3227
f 4970/4917/2971 5797/4994/3251 4359/4983/3227 4196/4794/2758
f 4153/4770/2722 5004/4988/3230 5798/4995/3252 4436/4771/2723
f 5004/4988/3230 4154/4987/2776 4373/4996/3253 5798/4995/3252
f 5798/4995/3252 4373/4996/3253 4144/4619/1925 5044/4997/1922
f 4436/4771/2723 5798/4995/3252 5044/4997/1922 4143/4615/1921
f 3995/4614/2943 5016/4613/3254 5799/4612/3255 4597/4612/3256
f 5016/4613/3254 3996/4613/2525 4688/4613/2524 5799/4612/3255
f 5799/4612/3255 4688/4613/2524 3986/4613/2521 4596/4613/3156
f 4597/4612/3256 5799/4612/3255 4596/4613/3156 3984/4614/2908
f 3787/4614/2475 5103/4624/2472 5800/4611/3257 4356/4612/3258
f 5103/4624/2472 4133/4634/2471 5119/4613/3259 5800/4611/3257
f 5800/4611/3257 5119/4613/3259 3788/4611/2951 4448/4611/2950
f 4356/4612/3258 5800/4611/3257 4448/4611/2950 3789/4614/2414
f 3789/4624/2414 4494/4625/2413 5801/4626/3260 4356/4627/3258
f 4494/4625/2413 3791/4624/2412 4537/4627/3261 5801/4626/3260
f 5801/4626/3260 4537/4627/3261 3790/4624/3004 4357/4625/3002
f 4356/4627/3258 5801/4626/3260 4357/4625/3002 3787/4624/2475
f 4135/4611/2467 4377/4612/3262 5802/4613/3263 5131/4612/2468
f 4377/4612/3262 4137/4611/2642 5139/4612/3264 5802/4613/3263
f 5802/4613/3263 5139/4612/3264 3859/4614/2022 4463/4612/3238
f 5131/4612/2468 5802/4613/3263 4463/4612/3238 3858/4614/2469
f 4137/4611/2642 5192/4612/2641 5803/4613/3265 5139/4612/3264
f 5192/4612/2641 3867/4611/2640 4555/4612/3266 5803/4613/3265
f 5803/4613/3265 4555/4612/3266 3860/4614/2026 4509/4612/2023
f 5139/4612/3264 5803/4613/3265 4509/4612/2023 3859/4614/2022
f 4283/4624/3267 4739/4625/3268 5804/4626/3269 5429/4627/3270
f 4739/4625/3268 3810/4624/2348 4883/4627/3241 5804/4626/3269
f 5804/4626/3269 4883/4627/3241 3797/4624/3171 4785/4625/3168
f 5429/4627/3270 5804/4626/3269 4785/4625/3168 4299/4634/3167
f 3797/4624/3171 4882/4625/3243 5805/4626/3271 4832/4627/3172
f 4882/4625/3243 3799/4624/3043 4930/4627/3046 5805/4626/3271
f 5805/4626/3271 4930/4627/3046 3798/4624/3050 4833/4625/3272
f 4832/4627/3172 5805/4626/3271 4833/4625/3272 3796/4624/3110
f 4141/4611/1971 5109/4612/1970 5806/4613/3273 5189/4612/2441
f 5109/4612/1970 3869/4611/1929 4707/4612/1973 5806/4613/3273
f 5806/4613/3273 4707/4612/1973 3863/4614/1977 4658/4612/2170
f 5189/4612/2441 5806/4613/3273 4658/4612/2170 3862/4614/2169
f 3801/4624/3047 5066/4625/3274 5807/4626/3275 5018/4627/3048
f 5066/4625/3274 3803/4624/2043 4360/4627/2046 5807/4626/3275
f 5807/4626/3275 4360/4627/2046 3802/4624/2051 5019/4625/2662
f 5018/4627/3048 5807/4626/3275 5019/4625/2662 3800/4624/2661
f 4144/4619/1925 4405/4998/3276 5808/4999/3277 5115/4620/1926
f 4405/4998/3276 4145/5000/2485 5136/5001/2484 5808/4999/3277
f 5808/4999/3277 5136/5001/2484 3872/5002/2423 5116/5003/2421
f 5115/4620/1926 5808/4999/3277 5116/5003/2421 3870/4621/1927
f 4052/4673/2417 4941/4673/2983 5809/4624/3278 5195/4627/3279
f 4053/4611/2668 5118/4612/2671 5809/4624/3278 4941/4673/2983
f 4199/4611/2675 5195/4627/3279 5809/4624/3278 5118/4612/2671
f 4199/4611/2675 5235/4613/3280 5810/5004/3281 5195/4627/3279
f 4054/4611/3282 4943/4613/3283 5810/5004/3281 5235/4613/3280
f 4052/4673/2417 5195/5005/3279 5810/5004/3281 4943/4613/3283
f 3987/4634/2419 5184/4673/2418 5811/5004/3284 5122/4625/3285
f 4052/4673/2417 4943/4625/3283 5811/5004/3284 5184/4673/2418
f 4054/4611/3282 5122/4613/3285 5811/5004/3284 4943/4625/3283
f 4054/4611/3282 4376/4634/3286 5812/4627/3287 5122/4613/3285
f 4055/5006/3288 5107/4611/3289 5812/4627/3287 4376/4673/3286
f 3987/4634/2419 5122/4613/3285 5812/4627/3287 5107/4624/3289
f 3997/4611/2190 4641/4673/3290 5813/4634/3291 5138/5005/3292
f 3987/4634/2419 5107/4624/3289 5813/4634/3291 4641/4673/3290
f 4055/5006/3288 5138/5005/3292 5813/4634/3291 5107/4611/3289
f 4055/5006/3288 4849/4624/3293 5814/4624/3294 5138/5005/3292
f 4056/4611/3295 5130/4627/3296 5814/4624/3294 4849/4624/3293
f 3997/4611/2190 5138/5005/3292 5814/4624/3294 5130/4627/3296
f 4132/4614/2256 5232/4627/3125 5815/4612/3297 4521/4612/3298
f 5232/4627/3125 3814/4624/2316 5134/4613/3299 5815/4612/3297
f 5815/4612/3297 5134/4613/3299 4125/4612/3300 4518/4613/3301
f 4521/4612/3298 5815/4612/3297 4518/4613/3301 4124/4614/3302
f 4131/4613/2248 4444/4612/2251 5816/4612/3303 4388/4611/3304
f 4444/4612/2251 4132/4614/2256 4521/4612/3298 5816/4612/3303
f 5816/4612/3303 4521/4612/3298 4124/4614/3302 4985/4612/3305
f 4388/4611/3304 5816/4612/3303 4985/4612/3305 4123/4634/3306
f 4023/4624/2057 5150/4625/2876 5817/4624/3307 5208/4673/3308
f 4058/4624/2830 4657/4613/3309 5817/4624/3307 5150/4627/2876
f 4059/4964/3310 5208/4626/3308 5817/4624/3307 4657/4626/3309
f 4082/4612/3311 4466/4613/3312 5818/4612/3313 4895/4612/3314
f 4466/4613/3312 4090/4714/2620 5177/4613/3315 5818/4612/3313
f 5818/4612/3313 5177/4613/3315 3916/4612/2125 5221/4613/2370
f 4895/4612/3314 5818/4612/3313 5221/4613/2370 4074/4614/2369
f 4136/5007/2696 4517/5008/2695 5819/5009/3316 4580/5010/3317
f 4517/5008/2695 4138/4730/2634 4671/4733/2637 5819/5009/3316
f 5819/5009/3316 4671/4733/2637 4137/4738/2642 4377/5011/3262
f 4580/5010/3317 5819/5009/3316 4377/5011/3262 4135/5012/2467
f 4062/4614/3318 5045/4613/3319 5820/4612/3320 5077/4612/3321
f 5045/4613/3319 4073/4612/3322 4416/4612/3323 5820/4612/3320
f 5820/4612/3320 4416/4612/3323 4064/4614/3013 5032/4612/3016
f 5077/4612/3321 5820/4612/3320 5032/4612/3016 4063/4614/1978
f 4095/4966/3123 4514/4673/3123 5821/4613/3123 4803/4611/3123
f 4514/4673/3123 4096/4611/3123 4756/4613/3123 5821/4613/3123
f 5821/4613/3123 4756/4613/3123 4086/4613/3123 4801/4613/3123
f 4803/4611/3123 5821/4613/3123 4801/4613/3123 4085/4624/3123
f 4055/5006/3288 4376/4673/3286 5822/4626/3123 4507/4611/3123
f 4054/4611/3282 4391/4613/3324 5822/4626/3123 4376/4613/3286
f 4066/4611/3325 4507/5005/3123 5822/4626/3123 4391/4673/3324
f 4066/4611/3325 4508/4613/3123 5823/4625/3123 4507/4624/3123
f 4067/4613/3123 4862/4626/3123 5823/4625/3123 4508/4626/3123
f 4055/5006/3288 4507/4611/3123 5823/4625/3123 4862/4624/3123
f 4116/4613/3123 4903/4613/3123 5824/4612/3123 4429/4626/3123
f 4903/4613/3123 4117/4635/3326 4384/4624/3327 5824/4612/3123
f 5824/4612/3123 4384/4624/3327 4109/4612/3328 4426/4613/3123
f 4429/4626/3123 5824/4612/3123 4426/4613/3123 4108/4611/3123
f 4033/4614/1992 5023/4613/2053 5825/4626/3329 5220/4613/3330
f 5023/4613/2053 4023/4613/2057 5208/4673/3308 5825/4626/3329
f 5825/4626/3329 5208/4673/3308 4059/4964/3310 4768/4673/3331
f 5220/4613/3330 5825/4626/3329 4768/4673/3331 4060/4613/3332
f 4123/4634/3306 4985/4612/3305 5826/4612/3123 4668/4613/3123
f 4985/4612/3305 4124/4614/3302 4809/4612/3123 5826/4612/3123
f 5826/4612/3123 4809/4612/3123 4114/4614/3123 4667/4612/3123
f 4668/4613/3123 5826/4612/3123 4667/4612/3123 4113/4613/3123
f 4122/4613/3333 4430/4624/3334 5827/4613/3123 4716/4611/3123
f 4430/4624/3334 4123/4634/3306 4668/4613/3123 5827/4613/3123
f 5827/4613/3123 4668/4613/3123 4113/4613/3123 4712/4613/3123
f 4716/4611/3123 5827/4613/3123 4712/4613/3123 4112/4966/3123
f 4061/4624/3335 4485/4626/3336 5828/4673/3123 4979/4613/3123
f 4060/4624/3332 4893/4624/3123 5828/4673/3123 4485/4624/3336
f 4071/4964/3123 4979/4613/3123 5828/4673/3123 4893/4624/3123
f 4112/4966/3123 5026/4612/3123 5829/4612/3123 4715/4613/3123
f 5026/4612/3123 4111/4614/3123 4576/4612/3123 5829/4612/3123
f 5829/4612/3123 4576/4612/3123 4120/4614/3097 5082/4612/3337
f 4715/4613/3123 5829/4612/3123 5082/4612/3337 4121/4612/3338
f 4182/4953/3090 4966/4952/3089 5830/5013/3339 4487/5014/3340
f 4966/4952/3089 4183/4951/2877 4928/5015/2880 5830/5013/3339
f 5830/5013/3339 4928/5015/2880 4173/5016/2863 4484/4871/2874
f 4487/5014/3340 5830/5013/3339 4484/4871/2874 4172/4870/2335
f 3856/4614/1920 5188/4612/3235 5831/4613/3341 5237/4613/3342
f 5188/4612/3235 4129/4614/2111 4433/4613/3343 5831/4613/3341
f 5831/4613/3341 4433/4613/3343 4122/4613/3333 4864/4613/3344
f 5237/4613/3342 5831/4613/3341 4864/4613/3344 4121/4613/3338
f 4125/4612/3300 4804/4624/3345 5832/4613/3123 4761/4673/3123
f 4804/4624/3345 4126/4635/3346 4904/4624/3123 5832/4613/3123
f 5832/4613/3123 4904/4624/3123 4116/4613/3123 4760/4613/3123
f 4761/4673/3123 5832/4613/3123 4760/4613/3123 4115/4624/3123
f 4067/4613/3123 4464/4613/3123 5833/4613/3123 4862/4626/3123
f 4464/4613/3123 4068/4634/3123 4611/4613/3123 5833/4613/3123
f 5833/4613/3123 4611/4613/3123 4056/4613/3295 4849/4613/3293
f 4862/4626/3123 5833/4613/3123 4849/4613/3293 4055/5006/3288
f 4068/4634/3123 4464/4613/3123 5834/4625/3123 4614/4625/3123
f 4067/4624/3123 4465/4625/3123 5834/4625/3123 4464/4613/3123
f 4076/4611/3123 4614/4625/3123 5834/4625/3123 4465/4625/3123
f 4076/4611/3123 4926/4613/3123 5835/4613/3123 4614/4625/3123
f 4077/4613/3123 4918/4625/3123 5835/4613/3123 4926/4626/3123
f 4068/4634/3123 4614/4625/3123 5835/4613/3123 4918/4625/3123
f 4114/4614/3123 4806/4626/3123 5836/4613/3123 5081/4625/3123
f 4806/4626/3123 4115/4624/3123 5042/4613/3123 5836/4613/3123
f 5836/4613/3123 5042/4613/3123 4107/4613/3123 5080/4613/3123
f 5081/4625/3123 5836/4613/3123 5080/4613/3123 4106/4624/3123
f 3967/4624/2994 5057/4625/3347 5837/4626/3348 4591/4627/2995
f 5057/4625/3347 3968/4624/2399 4634/4627/2402 5837/4626/3348
f 5837/4626/3348 4634/4627/2402 3959/4624/2406 4588/4625/3349
f 4591/4627/2995 5837/4626/3348 4588/4625/3349 3958/4624/2996
f 4071/4964/3123 4705/4624/3123 5838/4611/3123 4855/4624/3123
f 4070/4611/3123 5085/4613/3123 5838/4611/3123 4705/4624/3123
f 4079/4964/3123 4855/4624/3123 5838/4611/3123 5085/4613/3123
f 4172/4611/2335 5186/4612/2332 5839/4612/3350 4487/4612/3340
f 5186/4612/2332 4083/4614/2331 4990/4612/3351 5839/4612/3350
f 5839/4612/3350 4990/4612/3351 4075/4614/3352 5216/4612/3353
f 4487/4612/3340 5839/4612/3350 5216/4612/3353 4182/4611/3090
f 4105/4966/3123 4993/4625/3123 5840/4612/3123 4951/4613/3123
f 4993/4625/3123 4104/4626/3123 4994/4612/3123 5840/4612/3123
f 5840/4612/3123 4994/4612/3123 4111/4614/3123 5026/4612/3123
f 4951/4613/3123 5840/4612/3123 5026/4612/3123 4112/4966/3123
f 4081/5017/3123 4510/4611/3123 5841/4964/3123 4724/4613/3123
f 4082/4624/3311 4754/4624/3354 5841/4964/3123 4510/4611/3123
f 4073/4624/3322 4724/4613/3123 5841/4964/3123 4754/4624/3354
f 4123/4634/3306 4430/4613/3334 5842/4612/3355 4387/4613/3356
f 4430/4613/3334 4122/4612/3333 4433/4612/3343 5842/4612/3355
f 5842/4612/3355 4433/4612/3343 4129/4614/2111 4726/4612/2114
f 4387/4613/3356 5842/4612/3355 4726/4612/2114 4130/4612/2116
f 4101/4611/3210 4759/4613/3357 5843/4613/3358 5040/4612/3206
f 4759/4613/3357 4102/4964/3359 4425/4612/3360 5843/4613/3358
f 5843/4613/3358 4425/4612/3360 4093/4614/2339 5039/4612/2338
f 5040/4612/3206 5843/4613/3358 5039/4612/2338 4092/4611/2337
f 4068/4634/3123 4612/4612/3123 5844/4612/3123 4611/4613/3123
f 4612/4612/3123 4069/4614/3123 4704/4612/3123 5844/4612/3123
f 5844/4612/3123 4704/4612/3123 4057/4614/3361 4610/4612/3362
f 4611/4613/3123 5844/4612/3123 4610/4612/3362 4056/4613/3295
f 4109/4612/3328 5113/4624/3363 5845/4612/3364 4665/4612/3365
f 5113/4624/3363 3945/4645/2257 4913/4612/2260 5845/4612/3364
f 5845/4612/3364 4913/4612/2260 3935/4614/2262 5191/4612/2616
f 4665/4612/3365 5845/4612/3364 5191/4612/2616 4100/4614/2615
f 4078/4611/3123 5078/4624/3123 5846/4613/3123 5037/5005/3123
f 4077/4624/3123 5079/4625/3123 5846/4613/3123 5078/4624/3123
f 4085/4624/3123 5037/5005/3123 5846/4613/3123 5079/4625/3123
f 4085/4624/3123 4801/4624/3123 5847/4673/3123 5037/5005/3123
f 4086/4624/3123 5038/4627/3123 5847/4673/3123 4801/4624/3123
f 4078/4611/3123 5037/5005/3123 5847/4673/3123 5038/4627/3123
f 4110/4613/3099 4621/4612/3098 5848/4612/3123 4851/4673/3123
f 4621/4612/3098 4120/4614/3097 4576/4612/3123 5848/4612/3123
f 5848/4612/3123 4576/4612/3123 4111/4614/3123 4852/4965/3123
f 4851/4673/3123 5848/4612/3123 4852/4965/3123 4103/4964/3123
f 4080/4625/3123 4419/5005/3123 5849/5004/3123 4379/4625/3123
f 4079/4964/3123 4421/4635/3123 5849/5004/3123 4419/5005/3123
f 4087/4611/3123 4379/4625/3123 5849/5004/3123 4421/4673/3123
f 4087/4611/3123 4897/4673/3123 5850/4635/3123 4379/4625/3123
f 4088/5018/3123 4380/4624/3123 5850/4635/3123 4897/4613/3123
f 4080/4625/3123 4379/4625/3123 5850/4635/3123 4380/4624/3123
f 4088/5018/3123 4848/4673/3123 5851/4673/3123 4511/4611/3123
f 4089/4611/3123 4512/5005/3123 5851/4673/3123 4848/4673/3123
f 4081/5017/3123 4511/4673/3123 5851/4673/3123 4512/5005/3123
f 4124/4614/3302 4518/4613/3301 5852/4611/3123 4809/4612/3123
f 4518/4613/3301 4125/4612/3300 4761/4673/3123 5852/4611/3123
f 5852/4611/3123 4761/4673/3123 4115/4624/3123 4806/4626/3123
f 4809/4612/3123 5852/4611/3123 4806/4626/3123 4114/4614/3123
f 4090/4714/2620 4948/4624/2619 5853/4626/3366 5177/4624/3315
f 4091/4624/2117 5178/4613/2120 5853/4626/3366 4948/4611/2619
f 3916/4624/2125 5177/4624/3315 5853/4626/3366 5178/4626/2120
f 4069/4614/3123 4554/4613/3123 5854/4611/3123 4704/4612/3123
f 4554/4613/3123 4070/4612/3123 4798/4635/3123 5854/4611/3123
f 5854/4611/3123 4798/4635/3123 4059/4964/3310 5047/4613/3367
f 4704/4612/3123 5854/4611/3123 5047/4613/3367 4057/4614/3361
f 4099/4614/3123 4710/4612/3123 5855/4611/3123 4992/4613/3123
f 4710/4612/3123 4100/4614/2615 4949/4625/2618 5855/4611/3123
f 5855/4611/3123 4949/4625/2618 4090/4714/2620 4991/4635/3123
f 4992/4613/3123 5855/4611/3123 4991/4635/3123 4089/4613/3123
f 4098/4645/3123 4834/4612/3123 5856/4613/3123 4850/4611/3123
f 4834/4612/3123 4099/4614/3123 4992/4613/3123 5856/4613/3123
f 5856/4613/3123 4992/4613/3123 4089/4613/3123 4848/4625/3123
f 4850/4611/3123 5856/4613/3123 4848/4625/3123 4088/5018/3123
f 4097/4612/3123 4616/4624/3123 5857/4611/3123 4899/4673/3123
f 4616/4624/3123 4098/4645/3123 4850/4611/3123 5857/4611/3123
f 5857/4611/3123 4850/4611/3123 4088/5018/3123 4897/4673/3123
f 4899/4673/3123 5857/4611/3123 4897/4673/3123 4087/4611/3123
f 4251/4624/2896 4553/4625/2895 5858/4626/3368 5425/4627/3369
f 4553/4625/2895 3861/4624/2443 4892/4627/2962 5858/4626/3368
f 5858/4626/3368 4892/4627/2962 3852/4624/2073 4845/4625/2964
f 5425/4627/3369 5858/4626/3368 4845/4625/2964 4307/4634/2963
f 4105/4966/3123 4950/4673/3123 5859/4612/3123 4470/4634/3123
f 4950/4673/3123 4106/4624/3123 4617/4613/3123 5859/4612/3123
f 5859/4612/3123 4617/4613/3123 4097/4612/3123 4468/4613/3123
f 4470/4634/3123 5859/4612/3123 4468/4613/3123 4096/4611/3123
f 4078/4611/3123 5036/4611/3123 5860/4612/3123 4556/4612/3123
f 5036/4611/3123 4079/4964/3123 5085/4613/3123 5860/4612/3123
f 5860/4612/3123 5085/4613/3123 4070/4612/3123 4554/4613/3123
f 4556/4612/3123 5860/4612/3123 4554/4613/3123 4069/4614/3123
f 4113/4613/3123 4667/4612/3123 5861/4624/3123 4952/4673/3123
f 4667/4612/3123 4114/4614/3123 5081/4625/3123 5861/4624/3123
f 5861/4624/3123 5081/4625/3123 4106/4624/3123 4950/4673/3123
f 4952/4673/3123 5861/4624/3123 4950/4673/3123 4105/4966/3123
f 4058/4613/2830 5153/4612/2833 5862/4612/3370 4657/4613/3309
f 5153/4612/2833 4006/4614/2185 5152/4612/3371 5862/4612/3370
f 5862/4612/3370 5152/4612/3371 4057/4614/3361 5047/4612/3367
f 4657/4613/3309 5862/4612/3370 5047/4612/3367 4059/4964/3310
f 4146/4611/2980 5133/4612/2979 5863/4613/3372 5222/4673/3373
f 5133/4612/2979 4119/4611/2978 4620/4613/3095 5863/4613/3372
f 5863/4613/3372 4620/4613/3095 4110/4613/3099 4902/4625/3374
f 5222/4673/3373 5863/4613/3372 4902/4625/3374 4102/4964/3359
f 4070/4612/3123 4705/4624/3123 5864/4612/3123 4798/4635/3123
f 4705/4624/3123 4071/4964/3123 4893/4613/3123 5864/4612/3123
f 5864/4612/3123 4893/4613/3123 4060/4612/3332 4768/4613/3331
f 4798/4635/3123 5864/4612/3123 4768/4613/3331 4059/4964/3310
f 4095/4966/3123 4381/4673/3123 5865/5017/3123 4515/4613/3123
f 4094/4611/3123 4382/4613/3123 5865/5017/3123 4381/4673/3123
f 4103/4964/3123 4515/4625/3123 5865/5017/3123 4382/4613/3123
f 4080/4626/3123 4380/4624/3123 5866/4611/3123 4800/4612/3123
f 4380/4624/3123 4088/5018/3123 4511/4611/3123 5866/4611/3123
f 5866/4611/3123 4511/4611/3123 4081/5017/3123 4814/4624/3123
f 4800/4612/3123 5866/4611/3123 4814/4624/3123 4072/4614/3123
f 4096/4611/3123 4514/4673/3123 5867/5004/3123 4469/4625/3123
f 4095/4966/3123 4516/5005/3123 5867/5004/3123 4514/4673/3123
f 4104/4624/3123 4469/4625/3123 5867/5004/3123 4516/5005/3123
f 4104/4624/3123 4993/4624/3123 5868/4634/3123 4469/4625/3123
f 4105/4966/3123 4470/4634/3123 5868/4634/3123 4993/4626/3123
f 4096/4611/3123 4469/4625/3123 5868/4634/3123 4470/4611/3123
f 4086/4613/3123 4755/4673/3123 5869/4611/3123 5038/4627/3123
f 4755/4673/3123 4087/4611/3123 4421/4673/3123 5869/4611/3123
f 5869/4611/3123 4421/4673/3123 4079/4964/3123 5036/4611/3123
f 5038/4627/3123 5869/4611/3123 5036/4611/3123 4078/4611/3123
f 4098/4645/3123 4616/4624/3123 5870/4624/3123 4452/5005/3123
f 4097/4624/3123 4617/4627/3123 5870/4624/3123 4616/4624/3123
f 4106/4624/3123 4452/5005/3123 5870/4624/3123 4617/4627/3123
f 4106/4624/3123 5080/4624/3123 5871/4625/3123 4452/5005/3123
f 4107/4613/3123 4454/4627/3123 5871/4625/3123 5080/4624/3123
f 4098/4645/3123 4452/5005/3123 5871/4625/3123 4454/4625/3123
f 4084/4614/3123 4661/4626/3123 5872/4613/3123 4947/4613/3123
f 4661/4626/3123 4085/4624/3123 5079/4613/3123 5872/4613/3123
f 5872/4613/3123 5079/4613/3123 4077/4613/3123 4926/4613/3123
f 4947/4613/3123 5872/4613/3123 4926/4613/3123 4076/4611/3123
f 4083/4614/2331 4708/4612/3123 5873/4611/3123 4990/4612/3351
f 4708/4612/3123 4084/4614/3123 4947/4613/3123 5873/4611/3123
f 5873/4611/3123 4947/4613/3123 4076/4611/3123 4989/4625/3123
f 4990/4612/3351 5873/4611/3123 4989/4625/3123 4075/4614/3352
f 4056/4613/3295 4610/4612/3362 5874/4612/3375 5130/4627/3296
f 4610/4612/3362 4057/4614/3361 5152/4612/3371 5874/4612/3375
f 5874/4612/3375 5152/4612/3371 4006/4614/2185 4358/4612/2188
f 5130/4627/3296 5874/4612/3375 4358/4612/2188 3997/4611/2190
f 4102/4964/3359 4759/4612/3357 5875/5019/3376 5222/4626/3373
f 4101/4611/3210 5173/4612/3377 5875/5019/3376 4759/4613/3357
f 4146/4611/2980 5222/4624/3373 5875/5019/3376 5173/4612/3377
f 4089/4613/3123 4991/4635/3123 5876/4613/3123 4512/5005/3123
f 4991/4635/3123 4090/4714/2620 4466/4613/3312 5876/4613/3123
f 5876/4613/3123 4466/4613/3312 4082/4613/3311 4510/4625/3123
f 4512/5005/3123 5876/4613/3123 4510/4625/3123 4081/5017/3123
f 4103/4964/3123 4901/4611/3123 5877/5017/3123 4851/4634/3123
f 4102/4964/3359 4902/4624/3374 5877/5017/3123 4901/4611/3123
f 4110/4624/3099 4851/4673/3123 5877/5017/3123 4902/4624/3374
f 4062/4614/3318 4969/4613/3378 5878/4624/3123 4697/4612/3123
f 4969/4613/3378 4061/4613/3335 4979/4613/3123 5878/4624/3123
f 5878/4624/3123 4979/4613/3123 4071/4964/3123 4659/4624/3123
f 4697/4612/3123 5878/4624/3123 4659/4624/3123 4072/4614/3123
f 4072/4614/3123 4659/4624/3123 5879/4611/3123 4800/4613/3123
f 4659/4624/3123 4071/4964/3123 4855/4624/3123 5879/4611/3123
f 5879/4611/3123 4855/4624/3123 4079/4964/3123 4419/5005/3123
f 4800/4613/3123 5879/4611/3123 4419/5005/3123 4080/4613/3123
f 4112/4966/3123 4712/4624/3123 5880/4611/3123 4951/4613/3123
f 4113/4624/3123 4952/4673/3123 5880/4611/3123 4712/4624/3123
f 4105/4966/3123 4951/4613/3123 5880/4611/3123 4952/4634/3123
f 4094/4612/3123 4381/4673/3123 5881/4624/3123 4662/4612/3123
f 4381/4673/3123 4095/4966/3123 4803/4611/3123 5881/4624/3123
f 5881/4624/3123 4803/4611/3123 4085/4624/3123 4661/4626/3123
f 4662/4612/3123 5881/4624/3123 4661/4626/3123 4084/4614/3123
f 4107/4613/3123 5041/4613/3123 5882/4612/3123 4454/4627/3123
f 5041/4613/3123 4108/4611/3123 4711/4612/3123 5882/4612/3123
f 5882/4612/3123 4711/4612/3123 4099/4614/3123 4834/4612/3123
f 4454/4627/3123 5882/4612/3123 4834/4612/3123 4098/4645/3123
f 4108/4611/3123 5041/4613/3123 5883/4613/3123 4428/4625/3123
f 4107/4613/3123 5042/4625/3123 5883/4613/3123 5041/4613/3123
f 4115/4624/3123 4428/4625/3123 5883/4613/3123 5042/4625/3123
f 4115/4624/3123 4760/4624/3123 5884/4625/3123 4428/4625/3123
f 4116/4613/3123 4429/4626/3123 5884/4625/3123 4760/4624/3123
f 4108/4611/3123 4428/4625/3123 5884/4625/3123 4429/4624/3123
f 4054/4611/3282 5235/4613/3280 5885/4611/3379 4391/4634/3324
f 5235/4613/3280 4199/4611/2675 5194/4612/2732 5885/4611/3379
f 5885/4611/3379 5194/4612/2732 4065/4611/2731 4375/4625/3380
f 4391/4634/3324 5885/4611/3379 4375/4625/3380 4066/4611/3325
f 3945/4645/2257 5113/4624/3363 5886/4624/3381 5142/5005/3382
f 4109/4624/3328 4384/4613/3327 5886/4624/3381 5113/4624/3363
f 4117/4635/3326 5142/5005/3382 5886/4624/3381 4384/4626/3327
f 4117/4635/3326 4853/4626/3383 5887/4673/3384 5142/5005/3382
f 4118/4611/2681 5143/4613/3092 5887/4673/3384 4853/5005/3383
f 3945/4645/2257 5142/5005/3382 5887/4673/3384 5143/4613/3092
f 3997/4611/2190 4737/4612/2189 5888/4612/3385 4641/4673/3290
f 4737/4612/2189 3998/4614/2133 4783/4612/2325 5888/4612/3385
f 5888/4612/3385 4783/4612/2325 3988/4614/1993 4733/4612/2420
f 4641/4673/3290 5888/4612/3385 4733/4612/2420 3987/4634/2419
f 4072/4614/3123 4814/4624/3123 5889/4612/3123 4697/4612/3123
f 4814/4624/3123 4081/5017/3123 4724/4613/3123 5889/4612/3123
f 5889/4612/3123 4724/4613/3123 4073/4612/3322 5045/4613/3319
f 4697/4612/3123 5889/4612/3123 5045/4613/3319 4062/4614/3318
f 4121/4624/3338 4864/4625/3344 5890/4611/3123 4715/4624/3123
f 4122/4624/3333 4716/4611/3123 5890/4611/3123 4864/4627/3344
f 4112/4966/3123 4715/4624/3123 5890/4611/3123 4716/4624/3123
f 4108/4611/3123 4426/4613/3123 5891/4612/3123 4711/4612/3123
f 4426/4613/3123 4109/4612/3328 4665/4612/3365 5891/4612/3123
f 5891/4612/3123 4665/4612/3365 4100/4614/2615 4710/4612/3123
f 4711/4612/3123 5891/4612/3123 4710/4612/3123 4099/4614/3123
f 4093/4614/2339 4423/4613/3123 5892/4612/3123 4709/4612/2334
f 4423/4613/3123 4094/4612/3123 4662/4612/3123 5892/4612/3123
f 5892/4612/3123 4662/4612/3123 4084/4614/3123 4708/4612/3123
f 4709/4612/2334 5892/4612/3123 4708/4612/3123 4083/4614/2331
f 4102/4964/3359 4901/4624/3123 5893/4612/3123 4425/4612/3360
f 4901/4624/3123 4103/4964/3123 4382/4613/3123 5893/4612/3123
f 5893/4612/3123 4382/4613/3123 4094/4612/3123 4423/4613/3123
f 4425/4612/3360 5893/4612/3123 4423/4613/3123 4093/4614/2339
f 4075/4614/3352 4989/4625/3123 5894/4613/3123 4896/4625/3386
f 4989/4625/3123 4076/4611/3123 4465/4613/3123 5894/4613/3123
f 5894/4613/3123 4465/4613/3123 4067/4613/3123 4508/4613/3123
f 4896/4625/3386 5894/4613/3123 4508/4613/3123 4066/4611/3325
f 4117/4635/3326 4903/4613/3123 5895/4705/3123 4383/4624/3123
f 4116/4613/3123 4904/4613/3123 5895/4705/3123 4903/4613/3123
f 4126/4635/3346 4383/4624/3123 5895/4705/3123 4904/4613/3123
f 4126/4635/3346 4623/4626/3387 5896/4627/3123 4383/4624/3123
f 4127/5020/3388 4856/4611/3389 5896/4627/3123 4623/4627/3387
f 4117/4635/3326 4383/4624/3123 5896/4627/3123 4856/4611/3389
f 4118/4611/2681 4853/4624/3383 5897/5005/3390 4998/5005/3391
f 4117/4635/3326 4856/4624/3389 5897/5005/3390 4853/4634/3383
f 4127/5020/3388 4998/5005/3391 5897/5005/3390 4856/5005/3389
f 4127/5020/3388 4894/4627/3392 5898/4611/3393 4998/4624/3391
f 4128/4611/2479 4999/4673/2677 5898/4611/3393 4894/5005/3392
f 4118/4611/2681 4998/5005/3391 5898/4611/3393 4999/4673/2677
f 4063/4614/1978 5228/4612/1981 5899/4612/3394 5077/4612/3321
f 5228/4612/1981 4043/4614/1986 5230/4613/3395 5899/4612/3394
f 5899/4612/3394 5230/4613/3395 4061/4613/3335 4969/4613/3378
f 5077/4612/3321 5899/4612/3394 4969/4613/3378 4062/4614/3318
f 4043/4614/1986 4745/4612/1988 5900/4613/3396 5230/4613/3395
f 4745/4612/1988 4033/4614/1992 5220/4613/3330 5900/4613/3396
f 5900/4613/3396 5220/4613/3330 4060/4613/3332 4485/4613/3336
f 5230/4613/3395 5900/4613/3396 4485/4613/3336 4061/4613/3335
f 4077/4613/3123 5078/4624/3123 5901/4612/3123 4918/4625/3123
f 5078/4624/3123 4078/4611/3123 4556/4612/3123 5901/4612/3123
f 5901/4612/3123 4556/4612/3123 4069/4614/3123 4612/4612/3123
f 4918/4625/3123 5901/4612/3123 4612/4612/3123 4068/4634/3123
f 4130/4624/2116 4905/4613/2734 5902/4624/3397 4387/4624/3356
f 4131/4624/2248 4388/4611/3304 5902/4624/3397 4905/4626/2734
f 4123/4634/3306 4387/5005/3356 5902/4624/3397 4388/4611/3304
f 4121/4612/3338 5082/4612/3337 5903/4624/3398 5237/4612/3342
f 5082/4612/3337 4120/4614/3097 5240/4624/3096 5903/4624/3398
f 5903/4624/3398 5240/4624/3096 3865/4611/1912 4378/4624/1915
f 5237/4612/3342 5903/4624/3398 4378/4624/1915 3856/4614/1920
f 4182/4611/3090 5216/4612/3353 5904/4611/3399 5108/4612/3087
f 5216/4612/3353 4075/4614/3352 4896/4625/3386 5904/4611/3399
f 5904/4611/3399 4896/4625/3386 4066/4611/3325 4375/4625/3380
f 5108/4612/3087 5904/4611/3399 4375/4625/3380 4065/4611/2731
f 4126/4635/3346 4804/4624/3345 5905/4613/3400 5180/4624/3401
f 4125/4624/3300 5134/4627/3299 5905/4613/3400 4804/4624/3345
f 3814/4624/2316 5180/4624/3401 5905/4613/3400 5134/4627/3299
f 3814/4624/2316 4541/4673/2319 5906/4613/3402 5180/5005/3401
f 3805/4611/2323 5181/4624/3403 5906/4613/3402 4541/4673/2319
f 4126/4635/3346 5180/4611/3401 5906/4613/3402 5181/4634/3403
f 4127/5020/3388 4623/5005/3387 5907/5005/3404 5171/5005/3405
f 4126/4635/3346 5181/4634/3403 5907/5005/3404 4623/4611/3387
f 3805/4611/2323 5171/5005/3405 5907/5005/3404 5181/4626/3403
f 3805/4611/2323 4451/4673/2949 5908/4673/3406 5171/5005/3405
f 3788/4611/2951 5172/5005/3407 5908/4673/3406 4451/4673/2949
f 4127/5020/3388 5171/5005/3405 5908/4673/3406 5172/4626/3407
f 4128/4611/2479 4894/5005/3392 5909/4625/3408 5198/5005/3409
f 4127/5020/3388 5172/4626/3407 5909/4625/3408 4894/4627/3392
f 3788/4611/2951 5198/4625/3409 5909/4625/3408 5172/4627/3407
f 3788/4611/2951 5119/4613/3259 5910/4634/3410 5198/5005/3409
f 4133/4634/2471 4719/4965/2474 5910/4634/3410 5119/4613/3259
f 4128/4611/2479 5198/4625/3409 5910/4634/3410 4719/4965/2474
f 3970/4614/2666 4445/4613/3054 5911/4612/3411 4731/4612/3085
f 4445/4613/3054 3971/4613/2585 4776/4613/2584 5911/4612/3411
f 5911/4612/3411 4776/4613/2584 3962/4613/2581 4730/4613/3412
f 4731/4612/3085 5911/4612/3411 4730/4613/3412 3961/4614/2360
f 3892/4624/3017 4953/4625/3413 5912/4626/3414 4807/4627/3018
f 4953/4625/3413 3894/4624/1930 4995/4627/1933 5912/4626/3414
f 5912/4626/3414 4995/4627/1933 3893/4624/1938 4808/4625/3019
f 4807/4627/3018 5912/4626/3414 4808/4625/3019 3891/4624/1982
f 3791/4624/2412 4599/4625/3063 5913/4626/3415 4537/4627/3261
f 4599/4625/3063 3793/4624/3034 4642/4627/3037 5913/4626/3415
f 5913/4626/3415 4642/4627/3037 3792/4624/3042 4538/4625/3416
f 4537/4627/3261 5913/4626/3415 4538/4625/3416 3790/4624/3004
f 4193/4888/2922 4921/5021/3417 5914/5022/3418 4446/4889/2923
f 4921/5021/3417 4194/5023/3419 4401/5024/3420 5914/5022/3418
f 5914/5022/3418 4401/5024/3420 4186/5025/3421 4757/5026/3422
f 4446/4889/2923 5914/5022/3418 4757/5026/3422 4185/4890/2924
f 4267/4624/3194 4654/4625/3193 5915/4626/3423 5421/4627/3424
f 4654/4625/3193 4048/4624/2393 4622/4627/2396 5915/4626/3423
f 5915/4626/3423 4622/4627/2396 4038/4624/2086 4938/4625/2083
f 5421/4627/3424 5915/4626/3423 4938/4625/2083 4327/4634/2082
f 3792/4624/3042 4643/4625/3041 5916/4626/3425 4682/4627/3426
f 4643/4625/3041 3794/4624/3040 4775/4627/3427 5916/4626/3425
f 5916/4626/3425 4775/4627/3427 3966/4624/2713 4965/4625/2710
f 4682/4627/3426 5916/4626/3425 4965/4625/2710 3965/4624/2709
f 3902/4624/3083 4669/4625/3082 5917/4626/3428 4624/4627/3429
f 4669/4625/3082 3904/4624/3081 4717/4627/3430 5917/4626/3428
f 5917/4626/3428 4717/4627/3430 3903/4624/2435 4625/4625/2432
f 4624/4627/3429 5917/4626/3428 4625/4625/2432 3901/4624/2431
f 3982/4687/2460 5104/5027/2911 5918/5028/3431 5212/4688/2461
f 5104/5027/2911 4211/5029/2910 4495/5030/3432 5918/5028/3431
f 5918/5028/3431 4495/5030/3432 4207/4778/2727 4829/5031/2724
f 5212/4688/2461 5918/5028/3431 4829/5031/2724 4206/4689/2462
f 4211/5029/2910 5120/5032/3154 5919/5033/3433 4495/5030/3432
f 5120/5032/3154 3985/5034/2517 5201/5035/2516 5919/5033/3433
f 5919/5033/3433 5201/5035/2516 4208/5036/2513 4782/5037/3434
f 4495/5030/3432 5919/5033/3433 4782/5037/3434 4207/4778/2727
f 3915/4614/2108 5182/4613/3233 5920/4612/3435 4858/4612/3436
f 5182/4613/3233 3882/4613/2561 5205/4613/2560 5920/4612/3435
f 5920/4612/3435 5205/4613/2560 3907/4613/2557 4857/4613/3437
f 4858/4612/3436 5920/4612/3435 4857/4613/3437 3906/4614/3438
f 3908/4624/2365 5046/4625/3439 5921/4626/3440 4954/4627/3057
f 5046/4625/3439 3909/4624/2380 4997/4627/2383 5921/4626/3440
f 5921/4626/3440 4997/4627/2383 3894/4624/1930 4953/4625/3413
f 4954/4627/3057 5921/4626/3440 4953/4625/3413 3892/4624/3017
f 3812/4624/3118 4885/4625/3122 5922/4626/3441 5069/4627/3442
f 4885/4625/3122 3813/4624/2371 4407/4627/2374 5922/4626/3441
f 5922/4626/3441 4407/4627/2374 3803/4624/2043 5066/4625/3274
f 5069/4627/3442 5922/4626/3441 5066/4625/3274 3801/4624/3047
f 3910/4624/2384 4390/4625/3443 5923/4626/3444 4389/4627/2385
f 4390/4625/3443 3911/4624/3445 4473/4625/3446 5923/4626/3444
f 5923/4626/3444 4473/4625/3446 3898/4624/2651 4386/4625/2649
f 4389/4627/2385 5923/4626/3444 4386/4625/2649 3896/4624/1934
f 4227/4611/3447 4455/4625/3448 5924/4627/3449 5417/4627/3450
f 4455/4625/3448 3819/4624/2340 4790/4627/2343 5924/4627/3449
f 5924/4627/3449 4790/4627/2343 3810/4624/2348 4739/4625/3268
f 5417/4627/3450 5924/4627/3449 4739/4625/3268 4283/4624/3267
f 3912/4624/3224 4474/4625/3451 5925/4626/3452 4578/4627/3225
f 4474/4625/3451 3913/4624/3076 4670/4627/3079 5925/4626/3452
f 5925/4626/3452 4670/4627/3079 3902/4624/3083 4577/4625/3453
f 4578/4627/3225 5925/4626/3452 4577/4625/3453 3900/4624/2705
f 3811/4624/2346 4835/4625/3119 5926/4626/3454 4977/4627/3242
f 4835/4625/3119 3812/4624/3118 5069/4627/3442 5926/4626/3454
f 5926/4626/3454 5069/4627/3442 3801/4624/3047 4975/4625/3044
f 4977/4627/3242 5926/4626/3454 4975/4625/3044 3799/4624/3043
f 3914/4624/2110 4579/4625/2109 5927/4626/3455 4763/4627/3080
f 4579/4625/2109 3915/4624/2108 4858/4627/3436 5927/4626/3455
f 5927/4626/3455 4858/4627/3436 3906/4624/3438 4762/4625/3456
f 4763/4627/3080 5927/4626/3455 4762/4625/3456 3904/4624/3081
f 4207/4778/2727 4782/5037/3434 5928/5038/3457 5061/5039/2728
f 4782/5037/3434 4208/5036/2513 5128/5040/2512 5928/5038/3457
f 5928/5038/3457 5128/5040/2512 3876/4903/2509 5213/4900/2945
f 5061/5039/2728 5928/5038/3457 5213/4900/2945 4198/4899/2625
f 3961/4614/2360 4730/4613/3412 5929/4612/3458 5008/4612/2361
f 4730/4613/3412 3962/4613/2581 5231/4613/2580 5929/4612/3458
f 5929/4612/3458 5231/4613/2580 3883/4613/2577 5234/4613/2825
f 5008/4612/2361 5929/4612/3458 5234/4613/2825 3953/4614/2362
f 3917/4624/2123 4764/4625/3459 5930/4626/3460 5048/4627/2368
f 4764/4625/3459 3918/4624/2890 5087/4627/3461 5930/4626/3460
f 5930/4626/3460 5087/4627/3461 3909/4624/2380 5046/4625/3439
f 5048/4627/2368 5930/4626/3460 5046/4625/3439 3908/4624/2365
f 3922/4624/2275 5001/4625/2274 5931/4626/3462 4524/4627/3463
f 5001/4625/2274 3923/4624/2102 4582/4627/2105 5931/4626/3462
f 5931/4626/3462 4582/4627/2105 3914/4624/2110 4523/4625/3077
f 4524/4627/3463 5931/4626/3462 4523/4625/3077 3913/4624/3076
f 3919/4624/2888 4860/4625/3464 5932/4626/3465 4392/4627/3466
f 4860/4625/3464 3920/4624/3467 4435/4627/3468 5932/4626/3465
f 5932/4626/3465 4435/4627/3468 3911/4624/3445 4390/4625/3443
f 4392/4627/3466 5932/4626/3465 4390/4625/3443 3910/4624/2384
f 4315/5041/2754 4923/5042/2753 5933/5043/3469 5413/5044/3470
f 4923/5042/2753 3978/4934/1965 5148/4937/3000 5933/5043/3469
f 5933/5043/3469 5148/4937/3000 4204/4939/2448 4758/4675/2445
f 5413/5044/3470 5933/5043/3469 4758/4675/2445 4291/5045/2444
f 3921/4624/3178 4955/4625/3177 5934/4626/3471 4475/4627/3248
f 4955/4625/3177 3922/4624/2275 4524/4627/3463 5934/4626/3471
f 5934/4626/3471 4524/4627/3463 3913/4624/3076 4474/4625/3451
f 4475/4627/3248 5934/4626/3471 4474/4625/3451 3912/4624/3224
f 4039/4624/2093 5025/4625/2973 5935/4626/3472 4545/4627/2094
f 5025/4625/2973 4040/4624/2042 4980/4627/2766 5935/4626/3472
f 5935/4626/3472 4980/4627/2766 4030/4624/2770 4543/4625/3145
f 4545/4627/2094 5935/4626/3472 4543/4625/3145 4029/4624/2095
f 4191/4756/2688 4824/4755/2687 5936/5046/3473 5098/5047/3088
f 4824/4755/2687 4192/4754/2686 5059/4887/2921 5936/5046/3473
f 5936/5046/3473 5059/4887/2921 4184/4876/2881 5096/4873/2878
f 5098/5047/3088 5936/5046/3473 5096/4873/2878 4183/4872/2877
f 4005/4614/2941 5111/4613/3474 5937/4612/3475 5017/4612/2942
f 5111/4613/3474 3877/4613/2529 5110/4613/2528 5937/4612/3475
f 5937/4612/3475 5110/4613/2528 3996/4613/2525 5016/4613/3254
f 5017/4612/2942 5937/4612/3475 5016/4613/3254 3995/4614/2943
f 3933/4614/3128 4817/4613/3184 5938/4612/3476 5090/4612/3129
f 4817/4613/3184 3934/4613/2569 4393/4613/2568 5938/4612/3476
f 5938/4612/3476 4393/4613/2568 3925/4613/2565 5089/4613/3231
f 5090/4612/3129 5938/4612/3476 5089/4613/3231 3924/4614/2106
f 3926/4624/2121 4476/4625/2203 5939/4626/3477 4765/4627/2122
f 4476/4625/2203 3927/4624/2202 4813/4627/2885 5939/4626/3477
f 5939/4626/3477 4813/4627/2885 3918/4624/2890 4764/4625/3459
f 4765/4627/2122 5939/4626/3477 4764/4625/3459 3917/4624/2123
f 3947/4624/2180 4727/4625/3217 5940/4626/3478 5006/4627/2181
f 4727/4625/3217 3948/4624/2806 5053/4627/2809 5940/4626/3478
f 5940/4626/3478 5053/4627/2809 3938/4624/2814 5005/4625/3479
f 5006/4627/2181 5940/4626/3478 5005/4625/3479 3937/4624/2182
f 4187/4798/2762 4533/4797/2761 5941/5048/3480 4823/4823/2802
f 4533/4797/2761 4188/4796/2760 4777/4974/3199 5941/5048/3480
f 5941/5048/3480 4777/4974/3199 4178/4836/2838 4822/4852/2854
f 4823/4823/2802 5941/5048/3480 4822/4852/2854 4177/4824/2803
f 4355/4611/3033 5092/4625/3032 5942/4626/3481 5409/4634/3482
f 5092/4625/3032 3940/4624/3031 4674/4627/3483 5942/4626/3481
f 5942/4626/3481 4674/4627/3483 3930/4624/3173 4627/4625/3484
f 5409/4634/3482 5942/4626/3481 4627/4625/3484 4255/4611/3485
f 4185/4890/2924 4757/5026/3422 5943/5049/3486 5067/4971/3180
f 4757/5026/3422 4186/5025/3421 4684/5050/3487 5943/5049/3486
f 5943/5049/3486 4684/5050/3487 4176/4844/2846 4729/4841/2843
f 5067/4971/3180 5943/5049/3486 4729/4841/2843 4175/4840/2842
f 3829/4624/2214 5024/4625/3488 5944/4626/3489 4544/4627/3190
f 5024/4625/3488 3830/4624/3148 4606/4627/3151 5944/4626/3489
f 5944/4626/3489 4606/4627/3151 3821/4624/3116 4542/4625/3114
f 4544/4627/3190 5944/4626/3489 4542/4625/3114 3820/4624/2344
f 4030/4624/2770 4696/4625/2769 5945/4626/3490 4859/4627/3147
f 4696/4625/2769 4031/4624/2768 4935/4627/3491 5945/4626/3490
f 5945/4626/3490 4935/4627/3491 4022/4624/2243 4978/4625/2240
f 4859/4627/3147 5945/4626/3490 4978/4625/2240 4021/4624/2239
f 4190/4907/2309 5175/4906/2947 5946/5051/3492 4875/5052/2310
f 5175/4906/2947 3875/4905/2505 5217/5053/2504 5946/5051/3492
f 5946/5051/3492 5217/5053/2504 4181/4962/2501 4873/4959/3112
f 4875/5052/2310 5946/5051/3492 4873/4959/3112 4180/4958/2311
f 4073/4612/3322 4754/4626/3354 5947/4612/3493 4416/4612/3323
f 4754/4626/3354 4082/4612/3311 4895/4612/3314 5947/4612/3493
f 5947/4612/3493 4895/4612/3314 4074/4614/2369 4414/4612/3056
f 4416/4612/3323 5947/4612/3493 4414/4612/3056 4064/4614/3013
f 4013/4624/2247 4498/4625/2246 5948/4626/3494 4786/4627/2903
f 4498/4625/2246 4014/4624/2245 4738/4627/3495 5948/4626/3494
f 5948/4626/3494 4738/4627/3495 4005/4624/2941 4784/4625/2939
f 4786/4627/2903 5948/4626/3494 4784/4625/2939 4004/4624/2657
f 3937/4624/2182 5005/4625/3479 5949/4626/3496 4526/4627/2201
f 5005/4625/3479 3938/4624/2814 4585/4627/3065 5949/4626/3496
f 5949/4626/3496 4585/4627/3065 3928/4624/2886 4525/4625/2883
f 4526/4627/2201 5949/4626/3496 4525/4625/2883 3927/4624/2202
f 3940/4624/3031 4394/4625/3497 5950/4626/3498 4674/4627/3483
f 4394/4625/3497 3941/4624/2230 4725/4627/2233 5950/4626/3498
f 5950/4626/3498 4725/4627/2233 3931/4624/2238 4672/4625/3174
f 4674/4627/3483 5950/4626/3498 4672/4625/3174 3930/4624/3173
f 4255/4611/3485 4627/4625/3484 5951/4626/3499 5405/4634/3500
f 4627/4625/3484 3930/4624/3173 4957/4627/3176 5951/4626/3499
f 5951/4626/3499 4957/4627/3176 3921/4624/3178 4907/4625/3245
f 5405/4634/3500 5951/4626/3499 4907/4625/3245 4311/4611/3244
f 3834/4624/2353 4608/4625/3144 5952/4626/3501 4889/4627/2354
f 4608/4625/3144 3835/4624/3143 4939/4627/3502 5952/4626/3501
f 5952/4626/3501 4939/4627/3502 3827/4624/2164 4888/4625/2161
f 4889/4627/2354 5952/4626/3501 4888/4625/2161 3826/4624/2160
f 3837/4624/2212 4747/4625/3503 5953/4626/3504 5028/4627/2213
f 4747/4625/3503 3838/4624/3204 5074/4627/3505 5953/4626/3504
f 5953/4626/3504 5074/4627/3505 3830/4624/3148 5024/4625/3488
f 5028/4627/2213 5953/4626/3504 5024/4625/3488 3829/4624/2214
f 4015/4624/2787 4936/4625/2786 5954/4626/3506 4976/4627/2834
f 4936/4625/2786 4016/4624/2142 4932/4627/2205 5954/4626/3506
f 5954/4626/3506 4932/4627/2205 4008/4624/2130 4974/4625/2127
f 4976/4627/2834 5954/4626/3506 4974/4625/2127 4007/4624/2126
f 4022/4614/2243 5226/4613/3507 5955/4612/3508 4453/4612/2244
f 5226/4613/3507 3879/4613/2537 4467/4613/2536 5955/4612/3508
f 5955/4612/3508 4467/4613/2536 3878/4613/2533 5137/4613/3509
f 4453/4612/2244 5955/4612/3508 5137/4613/3509 4014/4614/2245
f 4031/4614/2768 4650/4613/3510 5956/4612/3511 4935/4612/3491
f 4650/4613/3510 4032/4613/2541 5140/4613/2540 5956/4612/3511
f 5956/4612/3511 5140/4613/2540 3879/4613/2537 5226/4613/3507
f 4935/4612/3491 5956/4612/3511 5226/4613/3507 4022/4614/2243
f 4164/4863/2871 4914/4862/2870 5957/5054/3512 4689/5055/3207
f 4914/4862/2870 4165/4861/2869 4397/5056/3513 5957/5054/3512
f 5957/5054/3512 4397/5056/3513 4156/4954/3100 4437/5057/3514
f 4689/5055/3207 5957/5054/3512 4437/5057/3514 4155/5058/3208
f 4165/4861/2869 4869/4969/3165 5958/5059/3515 4397/5056/3513
f 4869/4969/3165 4166/4810/2789 4640/4813/2792 5958/5059/3515
f 5958/5059/3515 4640/4813/2792 4157/4818/2797 4395/4955/3101
f 4397/5056/3513 5958/5059/3515 4395/4955/3101 4156/4954/3100
f 3928/4624/2886 4583/4625/3068 5959/4626/3516 4861/4627/2887
f 4583/4625/3068 3929/4624/3067 4908/4627/3517 5959/4626/3516
f 5959/4626/3516 4908/4627/3517 3920/4624/3467 4860/4625/3464
f 4861/4627/2887 5959/4626/3516 4860/4625/3464 3919/4624/2888
f 4351/4611/2225 5052/4625/2224 5960/4626/3518 5401/4634/3519
f 5052/4625/2224 4011/4624/2223 4692/4627/2899 5960/4626/3518
f 5960/4626/3518 4692/4627/2899 4002/4624/1952 4942/4625/1949
f 5401/4634/3519 5960/4626/3518 4942/4625/1949 4331/4611/1948
f 3950/4624/3029 4868/4625/3520 5961/4626/3521 4396/4627/3030
f 4868/4625/3520 3951/4624/2815 4439/4627/2818 5961/4626/3521
f 5961/4626/3521 4439/4627/2818 3941/4624/2230 4394/4625/3497
f 4396/4627/3030 5961/4626/3521 4394/4625/3497 3940/4624/3031
f 3845/4624/2079 4461/4625/2938 5962/4626/3522 4750/4627/3196
f 4461/4625/2938 3846/4624/2937 4795/4627/3202 5962/4626/3522
f 5962/4626/3522 4795/4627/3202 3838/4624/3204 4747/4625/3503
f 4750/4627/3196 5962/4626/3522 4747/4625/3503 3837/4624/2212
f 3952/4624/2364 4961/4625/2363 5963/4626/3523 4480/4627/2819
f 4961/4625/2363 3953/4624/2362 4529/4627/2827 5963/4626/3523
f 5963/4626/3523 4529/4627/2827 3943/4624/2829 4478/4625/3160
f 4480/4627/2819 5963/4626/3523 4478/4625/3160 3942/4624/2234
f 4014/4614/2245 5137/4613/3509 5964/4612/3524 4738/4612/3495
f 5137/4613/3509 3878/4613/2533 4424/4613/2532 5964/4612/3524
f 5964/4612/3524 4424/4613/2532 3877/4613/2529 5111/4613/3474
f 4738/4612/3495 5964/4612/3524 5111/4613/3474 4005/4614/2941
f 4101/4982/3210 5239/4981/3209 5965/5060/3525 5173/5061/3377
f 5239/4981/3209 4155/4980/3208 4686/5062/3526 5965/5060/3525
f 5965/5060/3525 4686/5062/3526 4147/5063/2952 4584/5064/2981
f 5173/5061/3377 5965/5060/3525 4584/5064/2981 4146/4923/2980
f 4155/5058/3208 4437/5057/3514 5966/5065/3527 4686/5066/3526
f 4437/5057/3514 4156/4954/3100 4675/4957/3103 5966/5065/3527
f 5966/5065/3527 4675/4957/3103 4148/4757/2689 4721/4909/2953
f 4686/5066/3526 5966/5065/3527 4721/4909/2953 4147/4908/2952
f 3918/4624/2890 4812/4625/2889 5967/4626/3528 5087/4627/3461
f 4812/4625/2889 3919/4624/2888 4392/4627/3466 5967/4626/3528
f 5967/4626/3528 4392/4627/3466 3910/4624/2384 5086/4625/2381
f 5087/4627/3461 5967/4626/3528 5086/4625/2381 3909/4624/2380
f 3956/4624/2717 4483/4625/2716 5968/4626/3529 4772/4627/3216
f 4483/4625/2716 3957/4624/2715 4821/4627/3530 5968/4626/3529
f 5968/4626/3529 4821/4627/3530 3949/4624/2810 4771/4625/2807
f 4772/4627/3216 5968/4626/3529 4771/4625/2807 3948/4624/2806
f 4335/4851/2853 4962/4850/2852 5969/5067/3531 5397/5068/3532
f 4962/4850/2852 4168/4849/2851 4631/4879/2892 5969/5067/3531
f 5969/5067/3531 4631/4879/2892 4159/4640/2155 4479/4637/2152
f 5397/5068/3532 5969/5067/3531 4479/4637/2152 4239/4636/2151
f 3958/4624/2996 4588/4625/3349 5970/4626/3533 4870/4627/3071
f 4588/4625/3349 3959/4624/2406 4916/4627/3534 5970/4626/3533
f 5970/4626/3533 4916/4627/3534 3951/4624/2815 4868/4625/3520
f 4870/4627/3071 5970/4626/3533 4868/4625/3520 3950/4624/3029
f 3959/4624/2406 4633/4625/2405 5971/4626/3535 4916/4627/3534
f 4633/4625/2405 3960/4624/2356 4963/4627/2359 5971/4626/3535
f 5971/4626/3535 4963/4627/2359 3952/4624/2364 4915/4625/2816
f 4916/4627/3534 5971/4626/3535 4915/4625/2816 3951/4624/2815
f 3854/4624/2174 4987/4625/2975 5972/4626/3536 4506/4627/2936
f 4987/4625/2975 3855/4624/2198 4552/4627/3212 5972/4626/3536
f 5972/4626/3536 4552/4627/3212 3847/4624/2777 4505/4625/3200
f 4506/4627/2936 5972/4626/3536 4505/4625/3200 3846/4624/2937
f 4041/4614/2040 4367/4613/3537 5973/4612/3538 4652/4612/2767
f 4367/4613/3537 4042/4613/2545 4701/4613/2544 5973/4612/3538
f 5973/4612/3538 4701/4613/2544 4032/4613/2541 4650/4613/3510
f 4652/4612/2767 5973/4612/3538 4650/4613/3510 4031/4614/2768
f 4154/4809/2776 5229/4808/2775 5974/5069/3539 4373/5070/3253
f 5229/4808/2775 3873/4807/2489 5190/5071/2488 5974/5069/3539
f 5974/5069/3539 5190/5071/2488 4145/5000/2485 4405/4998/3276
f 4373/5070/3253 5974/5069/3539 4405/4998/3276 4144/4619/1925
f 3838/4624/3204 4794/4625/3203 5975/4626/3540 5074/4627/3505
f 4794/4625/3203 3839/4624/2782 4369/4627/3158 5975/4626/3540
f 5975/4626/3540 4369/4627/3158 3831/4624/3152 5073/4625/3149
f 5074/4627/3505 5975/4626/3540 5073/4625/3149 3830/4624/3148
f 3964/4624/3006 4919/4625/3541 5976/4626/3542 4443/4627/3237
f 4919/4625/3541 3965/4624/2709 4486/4627/2712 5976/4626/3542
f 5976/4626/3542 4486/4627/2712 3956/4624/2717 4441/4625/3214
f 4443/4627/3237 5976/4626/3542 4441/4625/3214 3955/4624/2739
f 4151/4642/2157 4910/4790/2750 5977/5072/3543 5003/5073/3544
f 4910/4790/2750 4152/4766/2718 5091/4769/2721 5977/5072/3543
f 5977/5072/3543 5091/4769/2721 4142/4773/1966 4442/5074/3024
f 5003/5073/3544 5977/5072/3543 4442/5074/3024 4140/5075/2284
f 4295/4644/2159 4767/4643/2158 5978/5076/3545 5393/5077/3546
f 4767/4643/2158 4151/4642/2157 5003/5073/3544 5978/5076/3545
f 5978/5076/3545 5003/5073/3544 4140/5075/2284 4723/5078/2281
f 5393/5077/3546 5978/5076/3545 4723/5078/2281 4275/4646/2280
f 4202/5079/2631 4638/5080/2989 5979/5081/3547 4925/5082/3548
f 4638/5080/2989 4203/5083/2988 4877/5084/3549 5979/5081/3547
f 5979/5081/3547 4877/5084/3549 4194/5023/3419 4921/5021/3417
f 4925/5082/3548 5979/5081/3547 4921/5021/3417 4193/4888/2922
f 4201/4752/2633 5034/5085/2632 5980/5086/3550 4779/4753/2685
f 5034/5085/2632 4202/5079/2631 4925/5082/3548 5980/5086/3550
f 5980/5086/3550 4925/5082/3548 4193/4888/2922 4917/4885/2919
f 4779/4753/2685 5980/5086/3550 4917/4885/2919 4192/4754/2686
f 3994/4624/2659 5063/4625/2944 5981/4626/3551 4492/4627/2959
f 5063/4625/2944 3995/4624/2943 4597/4627/3256 5981/4626/3551
f 5981/4626/3551 4597/4627/3256 3984/4624/2908 4491/4625/2905
f 4492/4627/2959 5981/4626/3551 4491/4625/2905 3983/4624/2904
f 4051/4614/2038 5215/4613/3012 5982/4612/3552 4370/4612/2039
f 5215/4613/3012 3880/4613/2549 5179/4613/2548 5982/4612/3552
f 5982/4612/3552 5179/4613/2548 4042/4613/2545 4367/4613/3537
f 4370/4612/2039 5982/4612/3552 4367/4613/3537 4041/4614/2040
f 4119/4921/2978 5135/5087/2976 5983/5088/3553 5144/5089/3093
f 5135/5087/2976 4134/5090/2957 5114/5091/3554 5983/5088/3553
f 5983/5088/3553 5114/5091/3554 3866/5092/1916 4847/5093/1913
f 5144/5089/3093 5983/5088/3553 4847/5093/1913 3865/5094/1912
f 4135/5012/2467 5106/5095/2465 5984/5096/3555 4580/5097/3317
f 5106/5095/2465 3866/5092/1916 5114/5098/3554 5984/5096/3555
f 5984/5096/3555 5114/5098/3554 4134/4913/2957 4802/5099/2956
f 4580/5097/3317 5984/5096/3555 4802/5099/2956 4136/5100/2696
f 3790/4624/3004 4538/4625/3416 5985/4626/3556 4590/4627/3005
f 4538/4625/3416 3792/4624/3042 4682/4627/3426 5985/4626/3556
f 5985/4626/3556 4682/4627/3426 3965/4624/2709 4919/4625/3541
f 4590/4627/3005 5985/4626/3556 4919/4625/3541 3964/4624/3006
f 3796/4624/3110 4833/4625/3272 5986/4626/3557 4874/4627/3111
f 4833/4625/3272 3798/4624/3050 4967/4627/3558 5986/4626/3557
f 5986/4626/3557 4967/4627/3558 3968/4624/2399 5057/4625/3347
f 4874/4627/3111 5986/4626/3557 5057/4625/3347 3967/4624/2994
f 4096/4611/3123 4468/4613/3123 5987/4611/3123 4756/4613/3123
f 4468/4613/3123 4097/4612/3123 4899/4673/3123 5987/4611/3123
f 5987/4611/3123 4899/4673/3123 4087/4611/3123 4755/4673/3123
f 4756/4613/3123 5987/4611/3123 4755/4673/3123 4086/4613/3123
f 3900/4624/2705 4577/4625/3453 5988/4626/3559 4519/4627/2706
f 4577/4625/3453 3902/4624/3083 4624/4627/3429 5988/4626/3559
f 5988/4626/3559 4624/4627/3429 3901/4624/2431 4520/4625/2454
f 4519/4627/2706 5988/4626/3559 4520/4625/2454 3899/4624/2453
f 3798/4624/3050 4931/4625/3049 5989/4626/3560 4967/4627/3558
f 4931/4625/3049 3800/4624/2661 5058/4627/2664 5989/4626/3560
f 5989/4626/3560 5058/4627/2664 3969/4624/2403 5097/4625/2400
f 4967/4627/3558 5989/4626/3560 5097/4625/2400 3968/4624/2399
f 3904/4624/3081 4762/4625/3456 5990/4626/3561 4717/4627/3430
f 4762/4625/3456 3906/4624/3438 4811/4627/3562 5990/4626/3561
f 5990/4626/3561 4811/4627/3562 3905/4624/3008 4718/4625/3051
f 4717/4627/3430 5990/4626/3561 4718/4625/3051 3903/4624/2435
f 3906/4614/3438 4857/4613/3437 5991/4612/3563 4811/4612/3562
f 4857/4613/3437 3907/4613/2557 5197/4613/2556 5991/4612/3563
f 5991/4612/3563 5197/4613/2556 3881/4613/2553 5210/4613/3009
f 4811/4612/3562 5991/4612/3563 5210/4613/3009 3905/4614/3008
f 4323/4611/2648 4937/4625/2647 5992/4626/3564 5389/4634/3565
f 4937/4625/2647 3828/4624/2216 4502/4627/3189 5992/4626/3564
f 5992/4626/3564 4502/4627/3189 3819/4624/2340 4455/4625/3448
f 5389/4634/3565 5992/4626/3564 4455/4625/3448 4227/4611/3447
f 3827/4624/2164 5350/4625/3566 5993/4626/3567 4457/4627/2165
f 5350/4625/3566 4320/4624/3568 5386/4627/3569 5993/4626/3567
f 5993/4626/3567 5386/4627/3569 4224/4624/3570 5254/4625/3571
f 4457/4627/2165 5993/4626/3567 5254/4625/3571 3818/4624/2166
f 4320/4624/3568 5351/4625/3572 5994/4626/3573 5386/4627/3569
f 5351/4625/3572 4321/4624/3572 5387/4627/3573 5994/4626/3573
f 5994/4626/3573 5387/4627/3573 4225/4624/3574 5255/4625/3574
f 5386/4627/3569 5994/4626/3573 5255/4625/3574 4224/4624/3570
f 4321/4624/3572 5352/4673/3572 5995/4634/3573 5387/4627/3573
f 5352/4673/3572 4322/4611/3572 5388/4634/3573 5995/4634/3573
f 5995/4634/3573 5388/4634/3573 4226/4611/3574 5256/4673/3574
f 5387/4627/3573 5995/4634/3573 5256/4673/3574 4225/4624/3574
f 4322/4611/3572 5353/4673/3572 5996/4634/3573 5388/4634/3573
f 5353/4673/3572 4323/4611/2648 5389/4634/3565 5996/4634/3573
f 5996/4634/3573 5389/4634/3565 4227/4611/3447 5257/4673/3574
f 5388/4634/3573 5996/4634/3573 5257/4673/3574 4226/4611/3574
f 4150/4895/2929 5322/5101/3575 5997/5102/3576 4909/4990/3250
f 5322/5101/3575 4292/5103/3577 5390/5104/3578 5997/5102/3576
f 5997/5102/3576 5390/5104/3578 4272/5105/3579 5302/5106/3580
f 4909/4990/3250 5997/5102/3576 5302/5106/3580 4139/4991/2638
f 4292/5103/3577 5323/5107/3581 5998/5108/3582 5390/5104/3578
f 5323/5107/3581 4293/5109/3581 5391/5110/3582 5998/5108/3582
f 5998/5108/3582 5391/5110/3582 4273/5111/3583 5303/5112/3583
f 5390/5104/3578 5998/5108/3582 5303/5112/3583 4272/5105/3579
f 4293/5109/3581 5324/5113/3581 5999/5114/3582 5391/5110/3582
f 5324/5113/3581 4294/5115/3581 5392/5116/3582 5999/5114/3582
f 5999/5114/3582 5392/5116/3582 4274/5117/3583 5304/5118/3583
f 5391/5110/3582 5999/5114/3582 5304/5118/3583 4273/5111/3583
f 4294/5115/3581 5325/5119/3581 6000/5120/3582 5392/5116/3582
f 5325/5119/3581 4295/4644/2159 5393/5077/3546 6000/5120/3582
f 6000/5120/3582 5393/5077/3546 4275/4646/2280 5305/5121/3583
f 5392/5116/3582 6000/5120/3582 5305/5121/3583 4274/5117/3583
f 4167/4814/2793 5362/5122/3584 6001/5123/3585 4933/4815/2794
f 5362/5122/3584 4332/5124/3586 5394/5125/3587 6001/5123/3585
f 6001/5123/3585 5394/5125/3587 4236/5126/3588 5266/5127/3589
f 4933/4815/2794 6001/5123/3585 5266/5127/3589 4158/4816/2795
f 4332/5124/3586 5363/5128/3590 6002/5129/3591 5394/5125/3587
f 5363/5128/3590 4333/5130/3590 5395/5131/3591 6002/5129/3591
f 6002/5129/3591 5395/5131/3591 4237/5132/3592 5267/5133/3592
f 5394/5125/3587 6002/5129/3591 5267/5133/3592 4236/5126/3588
f 4333/5130/3590 5364/5134/3590 6003/5135/3591 5395/5131/3591
f 5364/5134/3590 4334/5136/3590 5396/5137/3591 6003/5135/3591
f 6003/5135/3591 5396/5137/3591 4238/5138/3592 5268/5139/3592
f 5395/5131/3591 6003/5135/3591 5268/5139/3592 4237/5132/3592
f 4334/5136/3590 5365/5140/3590 6004/5141/3593 5396/5137/3591
f 5365/5140/3590 4335/4851/2853 5397/5068/3532 6004/5141/3593
f 6004/5141/3593 5397/5068/3532 4239/4636/2151 5269/5142/3592
f 5396/5137/3591 6004/5141/3593 5269/5142/3592 4238/5138/3592
f 4010/4624/2147 5378/4625/3594 6005/4626/3595 4539/4627/2148
f 5378/4625/3594 4348/4624/3596 5398/4627/3597 6005/4626/3595
f 6005/4626/3595 5398/4627/3597 4328/4624/3598 5358/4625/3599
f 4539/4627/2148 6005/4626/3595 5358/4625/3599 4001/4624/2149
f 4348/4624/3596 5379/4625/3600 6006/4626/3601 5398/4627/3597
f 5379/4625/3600 4349/4624/3600 5399/4627/3601 6006/4626/3601
f 6006/4626/3601 5399/4627/3601 4329/4624/3602 5359/4625/3602
f 5398/4627/3597 6006/4626/3601 5359/4625/3602 4328/4624/3598
f 4349/4624/3600 5380/4673/3600 6007/4634/3601 5399/4627/3601
f 5380/4673/3600 4350/4611/3600 5400/4634/3601 6007/4634/3601
f 6007/4634/3601 5400/4634/3601 4330/4611/3602 5360/4673/3602
f 5399/4627/3601 6007/4634/3601 5360/4673/3602 4329/4624/3602
f 4350/4611/3600 5381/4673/3600 6008/4634/3601 5400/4634/3601
f 5381/4673/3600 4351/4611/2225 5401/4634/3519 6008/4634/3601
f 6008/4634/3601 5401/4634/3519 4331/4611/1948 5361/4673/3602
f 5400/4634/3601 6008/4634/3601 5361/4673/3602 4330/4611/3602
f 3929/4624/3067 5282/4625/3603 6009/4626/3604 4908/4627/3517
f 5282/4625/3603 4252/4624/3605 5402/4627/3606 6009/4626/3604
f 6009/4626/3604 5402/4627/3606 4308/4624/3607 5338/4625/3608
f 4908/4627/3517 6009/4626/3604 5338/4625/3608 3920/4624/3467
f 4252/4624/3605 5283/4625/3609 6010/4626/3610 5402/4627/3606
f 5283/4625/3609 4253/4624/3609 5403/4627/3610 6010/4626/3610
f 6010/4626/3610 5403/4627/3610 4309/4624/3611 5339/4625/3611
f 5402/4627/3606 6010/4626/3610 5339/4625/3611 4308/4624/3607
f 4253/4624/3609 5284/4673/3609 6011/4634/3610 5403/4627/3610
f 5284/4673/3609 4254/4611/3609 5404/4634/3610 6011/4634/3610
f 6011/4634/3610 5404/4634/3610 4310/4611/3611 5340/4673/3611
f 5403/4627/3610 6011/4634/3610 5340/4673/3611 4309/4624/3611
f 4254/4611/3609 5285/4673/3609 6012/4634/3610 5404/4634/3610
f 5285/4673/3609 4255/4611/3485 5405/4634/3500 6012/4634/3610
f 6012/4634/3610 5405/4634/3500 4311/4611/3244 5341/4673/3611
f 5404/4634/3610 6012/4634/3610 5341/4673/3611 4310/4611/3611
f 3939/4624/2812 5382/4625/3612 6013/4626/3613 4628/4627/3066
f 5382/4625/3612 4352/4624/3614 5406/4627/3615 6013/4626/3613
f 6013/4626/3613 5406/4627/3615 4252/4624/3605 5282/4625/3603
f 4628/4627/3066 6013/4626/3613 5282/4625/3603 3929/4624/3067
f 4352/4624/3614 5383/4625/3616 6014/4626/3617 5406/4627/3615
f 5383/4625/3616 4353/4624/3616 5407/4627/3617 6014/4626/3617
f 6014/4626/3617 5407/4627/3617 4253/4624/3609 5283/4625/3609
f 5406/4627/3615 6014/4626/3617 5283/4625/3609 4252/4624/3605
f 4353/4624/3616 5384/4673/3616 6015/4634/3617 5407/4627/3617
f 5384/4673/3616 4354/4611/3616 5408/4634/3617 6015/4634/3617
f 6015/4634/3617 5408/4634/3617 4254/4611/3609 5284/4673/3609
f 5407/4627/3617 6015/4634/3617 5284/4673/3609 4253/4624/3609
f 4354/4611/3616 5385/4673/3616 6016/4634/3617 5408/4634/3617
f 5385/4673/3616 4355/4611/3033 5409/4634/3482 6016/4634/3617
f 6016/4634/3617 5409/4634/3482 4255/4611/3485 5285/4673/3609
f 5408/4634/3617 6016/4634/3617 5285/4673/3609 4254/4611/3609
f 3976/4930/1945 5342/5143/3618 6017/5144/3619 5224/4931/2987
f 5342/5143/3618 4312/5145/3620 5410/5146/3621 6017/5144/3619
f 6017/5144/3619 5410/5146/3621 4288/5147/3622 5318/5148/3623
f 5224/4931/2987 6017/5144/3619 5318/5148/3623 4203/4932/2988
f 4312/5145/3620 5343/5149/3624 6018/5150/3625 5410/5146/3621
f 5343/5149/3624 4313/5151/3624 5411/5152/3625 6018/5150/3625
f 6018/5150/3625 5411/5152/3625 4289/5153/3626 5319/5154/3626
f 5410/5146/3621 6018/5150/3625 5319/5154/3626 4288/5147/3622
f 4313/5151/3624 5344/5155/3624 6019/5156/3625 5411/5152/3625
f 5344/5155/3624 4314/5157/3624 5412/5158/3625 6019/5156/3625
f 6019/5156/3625 5412/5158/3625 4290/5159/3626 5320/5160/3626
f 5411/5152/3625 6019/5156/3625 5320/5160/3626 4289/5153/3626
f 4314/5157/3624 5345/5161/3624 6020/5162/3625 5412/5158/3625
f 5345/5161/3624 4315/5041/2754 5413/5044/3470 6020/5162/3625
f 6020/5162/3625 5413/5044/3470 4291/5045/2444 5321/5163/3626
f 5412/5158/3625 6020/5162/3625 5321/5163/3626 4290/5159/3626
f 3818/4624/2166 5254/4625/3571 6021/4627/3627 4741/4627/3105
f 5254/4625/3571 4224/4624/3570 5414/4627/3628 6021/4627/3627
f 6021/4627/3627 5414/4627/3628 4280/5005/3629 5310/4965/3630
f 4741/4627/3105 6021/4627/3627 5310/4965/3630 3809/4624/3074
f 4224/4624/3570 5255/4625/3574 6022/4627/3631 5414/4627/3628
f 5255/4625/3574 4225/4624/3574 5415/4627/3631 6022/4627/3631
f 6022/4627/3631 5415/4627/3631 4281/5005/3632 5311/4965/3632
f 5414/4627/3628 6022/4627/3631 5311/4965/3632 4280/5005/3629
f 4225/4624/3574 5256/4673/3574 6023/4634/3631 5415/4627/3631
f 5256/4673/3574 4226/4611/3574 5416/4634/3631 6023/4634/3631
f 6023/4634/3631 5416/4634/3631 4282/4611/3632 5312/4965/3632
f 5415/4627/3631 6023/4634/3631 5312/4965/3632 4281/5005/3632
f 4226/4611/3574 5257/4673/3574 6024/4634/3631 5416/4634/3631
f 5257/4673/3574 4227/4611/3447 5417/4627/3450 6024/4634/3631
f 6024/4634/3631 5417/4627/3450 4283/4624/3267 5313/4965/3632
f 5416/4634/3631 6024/4634/3631 5313/4965/3632 4282/4611/3632
f 4047/4624/2294 5294/4965/3633 6025/4626/3634 4940/4625/2698
f 5294/4965/3633 4264/5005/3635 5418/4625/3636 6025/4626/3634
f 6025/4626/3634 5418/4625/3636 4324/4613/3637 5354/4625/3638
f 4940/4625/2698 6025/4626/3634 5354/4625/3638 4037/4624/2699
f 4264/4705/3635 5295/4705/3639 6026/4613/3640 5418/4612/3636
f 5295/4705/3639 4265/4705/3639 5419/4612/3640 6026/4613/3640
f 6026/4613/3640 5419/4612/3640 4325/4634/3641 5355/4614/3641
f 5418/4612/3636 6026/4613/3640 5355/4614/3641 4324/4614/3637
f 4265/4705/3639 5296/4614/3639 6027/4613/3640 5419/4612/3640
f 5296/4614/3639 4266/4614/3639 5420/4612/3640 6027/4613/3640
f 6027/4613/3640 5420/4612/3640 4326/5017/3641 5356/4612/3641
f 5419/4612/3640 6027/4613/3640 5356/4612/3641 4325/4634/3641
f 4266/4614/3639 5297/4614/3639 6028/4614/3640 5420/4612/3640
f 5297/4614/3639 4267/4705/3194 5421/4612/3424 6028/4614/3640
f 6028/4614/3640 5421/4612/3424 4327/4614/2082 5357/4635/3641
f 5420/4612/3640 6028/4614/3640 5357/4635/3641 4326/5017/3641
f 3860/4624/2026 5278/4965/3642 6029/4626/3643 4846/4625/2027
f 5278/4965/3642 4248/5005/3644 5422/4625/3645 6029/4626/3643
f 6029/4626/3643 5422/4625/3645 4304/4613/3646 5334/4625/3647
f 4846/4625/2027 6029/4626/3643 5334/4625/3647 3851/4624/2028
f 4248/4705/3644 5279/4705/3648 6030/4613/3649 5422/4612/3645
f 5279/4705/3648 4249/4705/3648 5423/4612/3649 6030/4613/3649
f 6030/4613/3649 5423/4612/3649 4305/4634/3650 5335/4614/3650
f 5422/4612/3645 6030/4613/3649 5335/4614/3650 4304/4614/3646
f 4249/4705/3648 5280/4614/3648 6031/4613/3649 5423/4612/3649
f 5280/4614/3648 4250/4614/3648 5424/4612/3649 6031/4613/3649
f 6031/4613/3649 5424/4612/3649 4306/5017/3650 5336/4612/3650
f 5423/4612/3649 6031/4613/3649 5336/4612/3650 4305/4634/3650
f 4250/4614/3648 5281/4614/3648 6032/4614/3649 5424/4612/3649
f 5281/4614/3648 4251/4705/2896 5425/4612/3369 6032/4614/3649
f 6032/4614/3649 5425/4612/3369 4307/4614/2963 5337/4635/3650
f 5424/4612/3649 6032/4614/3649 5337/4635/3650 4306/5017/3650
f 3809/4624/3074 5310/4965/3630 6033/4626/3651 4787/4625/3075
f 5310/4965/3630 4280/5005/3629 5426/4625/3652 6033/4626/3651
f 6033/4626/3651 5426/4625/3652 4296/4613/3653 5326/4625/3654
f 4787/4625/3075 6033/4626/3651 5326/4625/3654 3795/4624/3038
f 4280/4705/3629 5311/4705/3632 6034/4613/3655 5426/4612/3652
f 5311/4705/3632 4281/4705/3632 5427/4612/3655 6034/4613/3655
f 6034/4613/3655 5427/4612/3655 4297/4634/3656 5327/4614/3656
f 5426/4612/3652 6034/4613/3655 5327/4614/3656 4296/4614/3653
f 4281/4705/3632 5312/4614/3632 6035/4613/3655 5427/4612/3655
f 5312/4614/3632 4282/4614/3632 5428/4612/3655 6035/4613/3655
f 6035/4613/3655 5428/4612/3655 4298/5017/3656 5328/4612/3656
f 5427/4612/3655 6035/4613/3655 5328/4612/3656 4297/4634/3656
f 4282/4614/3632 5313/4614/3632 6036/4614/3655 5428/4612/3655
f 5313/4614/3632 4283/4705/3267 5429/4612/3270 6036/4614/3655
f 6036/4614/3655 5429/4612/3270 4299/4614/3167 5329/4635/3656
f 5428/4612/3655 6036/4614/3655 5329/4635/3656 4298/5017/3656
f 3920/4624/3467 5338/4625/3608 6037/4627/3657 4435/4627/3468
f 5338/4625/3608 4308/4624/3607 5430/4627/3658 6037/4627/3657
f 6037/4627/3657 5430/4627/3658 4220/5005/3659 5250/4965/3660
f 4435/4627/3468 6037/4627/3657 5250/4965/3660 3911/4624/3445
f 4308/4624/3607 5339/4625/3611 6038/4627/3661 5430/4627/3658
f 5339/4625/3611 4309/4624/3611 5431/4627/3661 6038/4627/3661
f 6038/4627/3661 5431/4627/3661 4221/5005/3662 5251/4965/3662
f 5430/4627/3658 6038/4627/3661 5251/4965/3662 4220/5005/3659
f 4309/4624/3611 5340/4673/3611 6039/4634/3661 5431/4627/3661
f 5340/4673/3611 4310/4611/3611 5432/4634/3661 6039/4634/3661
f 6039/4634/3661 5432/4634/3661 4222/4611/3662 5252/4965/3662
f 5431/4627/3661 6039/4634/3661 5252/4965/3662 4221/5005/3662
f 4310/4611/3611 5341/4673/3611 6040/4634/3661 5432/4634/3661
f 5341/4673/3611 4311/4611/3244 5433/4627/3247 6040/4634/3661
f 6040/4634/3661 5433/4627/3247 4223/4624/3220 5253/4965/3662
f 5432/4634/3661 6040/4634/3661 5253/4965/3662 4222/4611/3662
f 3911/4624/3445 5250/4965/3660 6041/4626/3663 4473/4625/3446
f 5250/4965/3660 4220/5005/3659 5434/4625/3664 6041/4626/3663
f 6041/4626/3663 5434/4625/3664 4232/4613/3665 5262/4625/3666
f 4473/4625/3446 6041/4626/3663 5262/4625/3666 3898/4624/2651
f 4220/4705/3659 5251/4705/3662 6042/4613/3667 5434/4612/3664
f 5251/4705/3662 4221/4705/3662 5435/4612/3667 6042/4613/3667
f 6042/4613/3667 5435/4612/3667 4233/4634/3668 5263/4614/3668
f 5434/4612/3664 6042/4613/3667 5263/4614/3668 4232/4614/3665
f 4221/4705/3662 5252/4614/3662 6043/4613/3667 5435/4612/3667
f 5252/4614/3662 4222/4614/3662 5436/4612/3667 6043/4613/3667
f 6043/4613/3667 5436/4612/3667 4234/5017/3668 5264/4612/3668
f 5435/4612/3667 6043/4613/3667 5264/4612/3668 4233/4634/3668
f 4222/4614/3662 5253/4614/3662 6044/4614/3667 5436/4612/3667
f 5253/4614/3662 4223/4705/3220 5437/4612/3223 6044/4614/3667
f 6044/4614/3667 5437/4612/3223 4235/4614/2701 5265/4635/3668
f 5436/4612/3667 6044/4614/3667 5265/4635/3668 4234/5017/3668
f 3897/4624/2292 5246/4625/3669 6045/4627/3670 4368/4627/2293
f 5246/4625/3669 4216/4624/3671 5438/4627/3672 6045/4627/3670
f 6045/4627/3670 5438/4627/3672 4264/5005/3635 5294/4965/3633
f 4368/4627/2293 6045/4627/3670 5294/4965/3633 4047/4624/2294
f 4216/4614/3671 5247/4613/3673 6046/4612/3674 5438/4612/3672
f 5247/4613/3673 4217/4611/3673 5439/4612/3674 6046/4612/3674
f 6046/4612/3674 5439/4612/3674 4265/4705/3639 5295/4705/3639
f 5438/4612/3672 6046/4612/3674 5295/4705/3639 4264/4705/3635
f 4217/4611/3673 5248/4612/3673 6047/4613/3674 5439/4612/3674
f 5248/4612/3673 4218/4966/3673 5440/4635/3674 6047/4613/3674
f 6047/4613/3674 5440/4635/3674 4266/4614/3639 5296/4614/3639
f 5439/4612/3674 6047/4613/3674 5296/4614/3639 4265/4705/3639
f 4218/4966/3673 5249/4635/3673 6048/4635/3674 5440/4635/3674
f 5249/4635/3673 4219/4614/2708 5441/4612/3192 6048/4635/3674
f 6048/4635/3674 5441/4612/3192 4267/4705/3194 5297/4614/3639
f 5440/4635/3674 6048/4635/3674 5297/4614/3639 4266/4614/3639
f 3795/4624/3038 5326/4625/3654 6049/4626/3675 4735/4627/3039
f 5326/4625/3654 4296/4613/3653 5442/4627/3676 6049/4626/3675
f 6049/4626/3675 5442/4627/3676 4276/4624/3677 5306/4625/3678
f 4735/4627/3039 6049/4626/3675 5306/4625/3678 3794/4624/3040
f 4296/4614/3653 5327/4614/3656 6050/4613/3679 5442/4612/3676
f 5327/4614/3656 4297/4634/3656 5443/4612/3679 6050/4613/3679
f 6050/4613/3679 5443/4612/3679 4277/4611/3680 5307/4624/3680
f 5442/4612/3676 6050/4613/3679 5307/4624/3680 4276/4614/3677
f 4297/4965/3656 5328/4612/3656 6051/4624/3679 5443/4612/3679
f 5328/4612/3656 4298/4612/3656 5444/4612/3679 6051/4624/3679
f 6051/4624/3679 5444/4612/3679 4278/4613/3680 5308/4612/3680
f 5443/4612/3679 6051/4624/3679 5308/4612/3680 4277/4625/3680
f 4298/5017/3656 5329/4635/3656 6052/4635/3679 5444/4612/3679
f 5329/4635/3656 4299/4614/3167 5445/4612/3170 6052/4635/3679
f 6052/4635/3679 5445/4612/3170 4279/4614/3106 5309/4635/3680
f 5444/4612/3679 6052/4635/3679 5309/4635/3680 4278/4966/3680
f 3843/4624/3141 5242/4625/3681 6053/4626/3682 4656/4627/3142
f 5242/4625/3681 4212/4624/3683 5446/4627/3684 6053/4626/3682
f 6053/4626/3682 5446/4627/3684 4260/4624/3685 5290/4625/3686
f 4656/4627/3142 6053/4626/3682 5290/4625/3686 3835/4624/3143
f 4212/4614/3683 5243/4613/3687 6054/4612/3688 5446/4612/3684
f 5243/4613/3687 4213/4611/3687 5447/4612/3688 6054/4612/3688
f 6054/4612/3688 5447/4612/3688 4261/4614/3689 5291/4612/3689
f 5446/4612/3684 6054/4612/3688 5291/4612/3689 4260/4614/3685
f 4213/4611/3687 5244/4612/3687 6055/4613/3688 5447/4612/3688
f 5244/4612/3687 4214/4966/3687 5448/4635/3688 6055/4613/3688
f 6055/4613/3688 5448/4635/3688 4262/5006/3689 5292/4612/3689
f 5447/4612/3688 6055/4613/3688 5292/4612/3689 4261/4614/3689
f 4214/4966/3687 5245/4635/3687 6056/4635/3688 5448/4635/3688
f 5245/4635/3687 4215/4614/2968 5449/4612/3137 6056/4635/3688
f 6056/4635/3688 5449/4612/3137 4263/4614/2643 5293/4635/3689
f 5448/4635/3688 6056/4635/3688 5293/4635/3689 4262/5006/3689
f 3794/4624/3040 5306/4625/3678 6057/4627/3690 4775/4627/3427
f 5306/4625/3678 4276/4624/3677 5450/4627/3691 6057/4627/3690
f 6057/4627/3690 5450/4627/3691 4340/5005/3692 5370/4625/3693
f 4775/4627/3427 6057/4627/3690 5370/4625/3693 3966/4624/2713
f 4276/4614/3677 5307/4624/3680 6058/4612/3694 5450/4612/3691
f 5307/4624/3680 4277/4611/3680 5451/4612/3694 6058/4612/3694
f 6058/4612/3694 5451/4612/3694 4341/4705/3695 5371/4965/3695
f 5450/4612/3691 6058/4612/3694 5371/4965/3695 4340/4705/3692
f 4277/4611/3680 5308/4612/3680 6059/4613/3694 5451/4612/3694
f 5308/4612/3680 4278/4966/3680 5452/4635/3694 6059/4613/3694
f 6059/4613/3694 5452/4635/3694 4342/4614/3695 5372/4612/3695
f 5451/4612/3694 6059/4613/3694 5372/4612/3695 4341/4705/3695
f 4278/4966/3680 5309/4635/3680 6060/4635/3694 5452/4635/3694
f 5309/4635/3680 4279/4614/3106 5453/4612/3109 6060/4635/3694
f 6060/4635/3694 5453/4612/3109 4343/4705/2990 5373/4612/3695
f 5452/4635/3694 6060/4635/3694 5373/4612/3695 4342/4614/3695
f 3957/4624/2715 5274/4625/3696 6061/4626/3697 4821/4627/3530
f 5274/4625/3696 4244/4624/3698 5454/4627/3699 6061/4626/3697
f 6061/4626/3697 5454/4627/3699 4300/4624/3700 5330/4625/3701
f 4821/4627/3530 6061/4626/3697 5330/4625/3701 3949/4624/2810
f 4244/4624/3698 5275/4625/3702 6062/4626/3703 5454/4627/3699
f 5275/4625/3702 4245/4624/3702 5455/4627/3703 6062/4626/3703
f 6062/4626/3703 5455/4627/3703 4301/4624/3704 5331/4625/3704
f 5454/4627/3699 6062/4626/3703 5331/4625/3704 4300/4624/3700
f 4245/4624/3702 5276/4625/3702 6063/4626/3703 5455/4627/3703
f 5276/4625/3702 4246/4624/3702 5456/4626/3703 6063/4626/3703
f 6063/4626/3703 5456/4626/3703 4302/4611/3704 5332/4613/3704
f 5455/4627/3703 6063/4626/3703 5332/4613/3704 4301/4624/3704
f 4246/4624/3702 5277/4625/3702 6064/4626/3703 5456/4626/3703
f 5277/4625/3702 4247/4624/2998 5457/4634/3070 6064/4626/3703
f 6064/4626/3703 5457/4634/3070 4303/4611/3025 5333/4673/3704
f 5456/4626/3703 6064/4626/3703 5333/4673/3704 4302/4611/3704
f 3949/4624/2810 5330/4625/3701 6065/4626/3705 5093/4627/2811
f 5330/4625/3701 4300/4624/3700 5458/4627/3706 6065/4626/3705
f 6065/4626/3705 5458/4627/3706 4352/4624/3614 5382/4625/3612
f 5093/4627/2811 6065/4626/3705 5382/4625/3612 3939/4624/2812
f 4300/4624/3700 5331/4625/3704 6066/4626/3707 5458/4627/3706
f 5331/4625/3704 4301/4624/3704 5459/4627/3707 6066/4626/3707
f 6066/4626/3707 5459/4627/3707 4353/4624/3616 5383/4625/3616
f 5458/4627/3706 6066/4626/3707 5383/4625/3616 4352/4624/3614
f 4301/4624/3704 5332/4613/3704 6067/4626/3707 5459/4627/3707
f 5332/4613/3704 4302/4611/3704 5460/4634/3707 6067/4626/3707
f 6067/4626/3707 5460/4634/3707 4354/4611/3616 5384/4673/3616
f 5459/4627/3707 6067/4626/3707 5384/4673/3616 4353/4624/3616
f 4302/4611/3704 5333/4673/3704 6068/4634/3707 5460/4634/3707
f 5333/4673/3704 4303/4611/3025 5461/4634/3028 6068/4634/3707
f 6068/4634/3707 5461/4634/3028 4355/4611/3033 5385/4673/3616
f 5460/4634/3707 6068/4634/3707 5385/4673/3616 4354/4611/3616
f 3966/4624/2713 5370/4625/3693 6069/4626/3708 4532/4627/2714
f 5370/4625/3693 4340/5005/3692 5462/4627/3709 6069/4626/3708
f 6069/4626/3708 5462/4627/3709 4244/4624/3698 5274/4625/3696
f 4532/4627/2714 6069/4626/3708 5274/4625/3696 3957/4624/2715
f 4340/5005/3692 5371/4625/3695 6070/4626/3710 5462/4627/3709
f 5371/4625/3695 4341/5005/3695 5463/4627/3710 6070/4626/3710
f 6070/4626/3710 5463/4627/3710 4245/4624/3702 5275/4625/3702
f 5462/4627/3709 6070/4626/3710 5275/4625/3702 4244/4624/3698
f 4341/5005/3695 5372/4625/3695 6071/4626/3710 5463/4627/3710
f 5372/4625/3695 4342/4611/3695 5464/4627/3710 6071/4626/3710
f 6071/4626/3710 5464/4627/3710 4246/4624/3702 5276/4625/3702
f 5463/4627/3710 6071/4626/3710 5276/4625/3702 4245/4624/3702
f 4342/4611/3695 5373/4625/3695 6072/4626/3710 5464/4627/3710
f 5373/4625/3695 4343/4624/2990 5465/4627/2993 6072/4626/3710
f 6072/4626/3710 5465/4627/2993 4247/4624/2998 5277/4625/3702
f 5464/4627/3710 6072/4626/3710 5277/4625/3702 4246/4624/3702
f 3851/4624/2028 5334/4625/3647 6073/4626/3711 4372/4627/3219
f 5334/4625/3647 4304/4613/3646 5466/4627/3712 6073/4626/3711
f 6073/4626/3711 5466/4627/3712 4212/4624/3683 5242/4625/3681
f 4372/4627/3219 6073/4626/3711 5242/4625/3681 3843/4624/3141
f 4304/4614/3646 5335/4614/3650 6074/4613/3713 5466/4612/3712
f 5335/4614/3650 4305/4634/3650 5467/4612/3713 6074/4613/3713
f 6074/4613/3713 5467/4612/3713 4213/4611/3687 5243/4613/3687
f 5466/4612/3712 6074/4613/3713 5243/4613/3687 4212/4614/3683
f 4305/4965/3650 5336/4612/3650 6075/4624/3713 5467/4612/3713
f 5336/4612/3650 4306/4612/3650 5468/4612/3713 6075/4624/3713
f 6075/4624/3713 5468/4612/3713 4214/4613/3687 5244/4612/3687
f 5467/4612/3713 6075/4624/3713 5244/4612/3687 4213/4625/3687
f 4306/5017/3650 5337/4635/3650 6076/4635/3713 5468/4612/3713
f 5337/4635/3650 4307/4614/2963 5469/4612/2966 6076/4635/3713
f 6076/4635/3713 5469/4612/2966 4215/4614/2968 5245/4635/3687
f 5468/4612/3713 6076/4635/3713 5245/4635/3687 4214/4966/3687
f 4194/5023/3419 5286/5164/3714 6077/5165/3715 4401/5024/3420
f 5286/5164/3714 4256/5166/3716 5470/5167/3717 6077/5165/3715
f 6077/5165/3715 5470/5167/3717 4240/5168/3718 5270/5169/3719
f 4401/5024/3420 6077/5165/3715 5270/5169/3719 4186/5025/3421
f 4256/5166/3716 5287/5170/3720 6078/5171/3721 5470/5167/3717
f 5287/5170/3720 4257/5172/3720 5471/5173/3721 6078/5171/3721
f 6078/5171/3721 5471/5173/3721 4241/5174/3722 5271/5175/3722
f 5470/5167/3717 6078/5171/3721 5271/5175/3722 4240/5168/3718
f 4257/5172/3720 5288/5176/3720 6079/5177/3721 5471/5173/3721
f 5288/5176/3720 4258/5178/3720 5472/5179/3721 6079/5177/3721
f 6079/5177/3721 5472/5179/3721 4242/5180/3722 5272/5181/3722
f 5471/5173/3721 6079/5177/3721 5272/5181/3722 4241/5174/3722
f 4258/5178/3720 5289/5182/3720 6080/5183/3721 5472/5179/3721
f 5289/5182/3720 4259/4682/2452 5473/4898/2932 6080/5183/3721
f 6080/5183/3721 5473/4898/2932 4243/4819/2798 5273/5184/3722
f 5472/5179/3721 6080/5183/3721 5273/5184/3722 4242/5180/3722
f 3867/4611/2640 5374/4612/3723 6081/4613/3724 4555/4612/3266
f 5374/4612/3723 4344/4611/3725 5474/4612/3726 6081/4613/3724
f 6081/4613/3724 5474/4612/3726 4248/4705/3644 5278/4612/3642
f 4555/4612/3266 6081/4613/3724 5278/4612/3642 3860/4614/2026
f 4344/4611/3725 5375/4612/3727 6082/4613/3728 5474/4612/3726
f 5375/4612/3727 4345/4611/3727 5475/4612/3728 6082/4613/3728
f 6082/4613/3728 5475/4612/3728 4249/4705/3648 5279/4705/3648
f 5474/4612/3726 6082/4613/3728 5279/4705/3648 4248/4705/3644
f 4345/4611/3727 5376/4612/3727 6083/4613/3728 5475/4612/3728
f 5376/4612/3727 4346/4966/3727 5476/4635/3728 6083/4613/3728
f 6083/4613/3728 5476/4635/3728 4250/4614/3648 5280/4614/3648
f 5475/4612/3728 6083/4613/3728 5280/4614/3648 4249/4705/3648
f 4346/4966/3727 5377/4612/3727 6084/4673/3728 5476/4635/3728
f 5377/4612/3727 4347/4611/2288 5477/4612/2894 6084/4673/3728
f 6084/4673/3728 5477/4612/2894 4251/4705/2896 5281/4614/3648
f 5476/4635/3728 6084/4673/3728 5281/4614/3648 4250/4614/3648
f 4176/4844/2846 5298/5185/3729 6085/5186/3730 4964/4845/2847
f 5298/5185/3729 4268/5187/3731 5478/5188/3732 6085/5186/3730
f 6085/5186/3730 5478/5188/3732 4332/5124/3586 5362/5122/3584
f 4964/4845/2847 6085/5186/3730 5362/5122/3584 4167/4814/2793
f 4268/5187/3731 5299/5189/3733 6086/5190/3734 5478/5188/3732
f 5299/5189/3733 4269/5191/3733 5479/5192/3734 6086/5190/3734
f 6086/5190/3734 5479/5192/3734 4333/5130/3590 5363/5128/3590
f 5478/5188/3732 6086/5190/3734 5363/5128/3590 4332/5124/3586
f 4269/5191/3733 5300/5193/3733 6087/5194/3734 5479/5192/3734
f 5300/5193/3733 4270/5195/3733 5480/5196/3734 6087/5194/3734
f 6087/5194/3734 5480/5196/3734 4334/5136/3590 5364/5134/3590
f 5479/5192/3734 6087/5194/3734 5364/5134/3590 4333/5130/3590
f 4270/5195/3733 5301/5197/3733 6088/5198/3734 5480/5196/3734
f 5301/5197/3733 4271/4826/2805 5481/4847/2849 6088/5198/3734
f 6088/5198/3734 5481/4847/2849 4335/4851/2853 5365/5140/3590
f 5480/5196/3734 6088/5198/3734 5365/5140/3590 4334/5136/3590
f 4186/5025/3421 5270/5169/3719 6089/5199/3735 4684/5050/3487
f 5270/5169/3719 4240/5168/3718 5482/5200/3736 6089/5199/3735
f 6089/5199/3735 5482/5200/3736 4268/5187/3731 5298/5185/3729
f 4684/5050/3487 6089/5199/3735 5298/5185/3729 4176/4844/2846
f 4240/5168/3718 5271/5175/3722 6090/5201/3737 5482/5200/3736
f 5271/5175/3722 4241/5174/3722 5483/5202/3737 6090/5201/3737
f 6090/5201/3737 5483/5202/3737 4269/5191/3733 5299/5189/3733
f 5482/5200/3736 6090/5201/3737 5299/5189/3733 4268/5187/3731
f 4241/5174/3722 5272/5181/3722 6091/5203/3737 5483/5202/3737
f 5272/5181/3722 4242/5180/3722 5484/5204/3737 6091/5203/3737
f 6091/5203/3737 5484/5204/3737 4270/5195/3733 5300/5193/3733
f 5483/5202/3737 6091/5203/3737 5300/5193/3733 4269/5191/3733
f 4242/5180/3722 5273/5184/3722 6092/5205/3738 5484/5204/3737
f 5273/5184/3722 4243/4819/2798 5485/4822/2801 6092/5205/3738
f 6092/5205/3738 5485/4822/2801 4271/4826/2805 5301/5197/3733
f 5484/5204/3737 6092/5205/3738 5301/5197/3733 4270/5195/3733
f 3977/4614/1943 5366/4612/3739 6093/4624/3740 4922/4624/1944
f 5366/4612/3739 4336/4614/3741 5486/4624/3742 6093/4624/3740
f 6093/4624/3740 5486/4624/3742 4312/4611/3620 5342/4612/3618
f 4922/4624/1944 6093/4624/3740 5342/4612/3618 3976/4611/1945
f 4336/4614/3741 5367/4612/3743 6094/4624/3744 5486/4624/3742
f 5367/4612/3743 4337/4614/3743 5487/4624/3744 6094/4624/3744
f 6094/4624/3744 5487/4624/3744 4313/4611/3624 5343/4612/3624
f 5486/4624/3742 6094/4624/3744 5343/4612/3624 4312/4611/3620
f 4337/4614/3743 5368/4612/3743 6095/4624/3744 5487/4624/3744
f 5368/4612/3743 4338/4614/3743 5488/4624/3744 6095/4624/3744
f 6095/4624/3744 5488/4624/3744 4314/4966/3624 5344/4612/3624
f 5487/4624/3744 6095/4624/3744 5344/4612/3624 4313/4611/3624
f 4338/4614/3743 5369/4612/3743 6096/4624/3744 5488/4624/3744
f 5369/4612/3743 4339/4614/2021 5489/4624/2752 6096/4624/3744
f 6096/4624/3744 5489/4624/2752 4315/4611/2754 5345/4612/3624
f 5488/4624/3744 6096/4624/3744 5345/4612/3624 4314/4966/3624
f 3898/4624/2651 5262/4625/3666 6097/4626/3745 4431/4627/2652
f 5262/4625/3666 4232/4613/3665 5490/4627/3746 6097/4626/3745
f 6097/4626/3745 5490/4627/3746 4216/4624/3671 5246/4625/3669
f 4431/4627/2652 6097/4626/3745 5246/4625/3669 3897/4624/2292
f 4232/4614/3665 5263/4614/3668 6098/4613/3747 5490/4612/3746
f 5263/4614/3668 4233/4634/3668 5491/4612/3747 6098/4613/3747
f 6098/4613/3747 5491/4612/3747 4217/4611/3673 5247/4613/3673
f 5490/4612/3746 6098/4613/3747 5247/4613/3673 4216/4614/3671
f 4233/4965/3668 5264/4612/3668 6099/4624/3747 5491/4612/3747
f 5264/4612/3668 4234/4612/3668 5492/4612/3747 6099/4624/3747
f 6099/4624/3747 5492/4612/3747 4218/4613/3673 5248/4612/3673
f 5491/4612/3747 6099/4624/3747 5248/4612/3673 4217/4625/3673
f 4234/5017/3668 5265/4635/3668 6100/4635/3747 5492/4612/3747
f 5265/4635/3668 4235/4614/2701 5493/4612/2704 6100/4635/3747
f 6100/4635/3747 5493/4612/2704 4219/4614/2708 5249/4635/3673
f 5492/4612/3747 6100/4635/3747 5249/4635/3673 4218/4966/3673
f 3835/4624/3143 5290/4625/3686 6101/4626/3748 4939/4627/3502
f 5290/4625/3686 4260/4624/3685 5494/4627/3749 6101/4626/3748
f 6101/4626/3748 5494/4627/3749 4320/4624/3568 5350/4625/3566
f 4939/4627/3502 6101/4626/3748 5350/4625/3566 3827/4624/2164
f 4260/4624/3685 5291/4625/3689 6102/4626/3750 5494/4627/3749
f 5291/4625/3689 4261/4624/3689 5495/4627/3750 6102/4626/3750
f 6102/4626/3750 5495/4627/3750 4321/4624/3572 5351/4625/3572
f 5494/4627/3749 6102/4626/3750 5351/4625/3572 4320/4624/3568
f 4261/4624/3689 5292/4673/3689 6103/4634/3750 5495/4627/3750
f 5292/4673/3689 4262/4611/3689 5496/4634/3750 6103/4634/3750
f 6103/4634/3750 5496/4634/3750 4322/4611/3572 5352/4673/3572
f 5495/4627/3750 6103/4634/3750 5352/4673/3572 4321/4624/3572
f 4262/4611/3689 5293/4673/3689 6104/4634/3750 5496/4634/3750
f 5293/4673/3689 4263/4611/2643 5497/4634/2646 6104/4634/3750
f 6104/4634/3750 5497/4634/2646 4323/4611/2648 5353/4673/3572
f 5496/4634/3750 6104/4634/3750 5353/4673/3572 4322/4611/3572
f 4203/5083/2988 5318/5206/3623 6105/5207/3751 4877/5084/3549
f 5318/5206/3623 4288/5147/3622 5498/5208/3752 6105/5207/3751
f 6105/5207/3751 5498/5208/3752 4256/5166/3716 5286/5164/3714
f 4877/5084/3549 6105/5207/3751 5286/5164/3714 4194/5023/3419
f 4288/5147/3622 5319/5209/3626 6106/5210/3753 5498/5208/3752
f 5319/5209/3626 4289/5211/3626 5499/5212/3753 6106/5210/3753
f 6106/5210/3753 5499/5212/3753 4257/5172/3720 5287/5170/3720
f 5498/5208/3752 6106/5210/3753 5287/5170/3720 4256/5166/3716
f 4289/5211/3626 5320/5160/3626 6107/5213/3753 5499/5212/3753
f 5320/5160/3626 4290/5214/3626 5500/5215/3753 6107/5213/3753
f 6107/5213/3753 5500/5215/3753 4258/5178/3720 5288/5176/3720
f 5499/5212/3753 6107/5213/3753 5288/5176/3720 4257/5172/3720
f 4290/5214/3626 5321/5216/3626 6108/5217/3753 5500/5215/3753
f 5321/5216/3626 4291/4674/2444 5501/4677/2447 6108/5217/3753
f 6108/5217/3753 5501/4677/2447 4259/4682/2452 5289/5182/3720
f 5500/5215/3753 6108/5217/3753 5289/5182/3720 4258/5178/3720
f 4027/4624/2278 5258/4625/3754 6109/4626/3755 4742/4627/2279
f 5258/4625/3754 4228/4624/3756 5502/4627/3757 6109/4626/3755
f 6109/4626/3755 5502/4627/3757 4284/4624/3758 5314/4625/3759
f 4742/4627/2279 6109/4626/3755 5314/4625/3759 4018/4624/2228
f 4228/4614/3756 5259/4613/3760 6110/4612/3761 5502/4612/3757
f 5259/4613/3760 4229/4611/3760 5503/4612/3761 6110/4612/3761
f 6110/4612/3761 5503/4612/3761 4285/4614/3762 5315/4612/3762
f 5502/4612/3757 6110/4612/3761 5315/4612/3762 4284/4614/3758
f 4229/4611/3760 5260/4612/3760 6111/4613/3761 5503/4612/3761
f 5260/4612/3760 4230/4966/3760 5504/4635/3761 6111/4613/3761
f 6111/4613/3761 5504/4635/3761 4286/5006/3762 5316/4612/3762
f 5503/4612/3761 6111/4613/3761 5316/4612/3762 4285/4614/3762
f 4230/4966/3760 5261/4635/3760 6112/4635/3761 5504/4635/3761
f 5261/4635/3760 4231/4614/2090 5505/4612/2391 6112/4635/3761
f 6112/4635/3761 5505/4612/2391 4287/4614/2217 5317/4635/3762
f 5504/4635/3761 6112/4635/3761 5317/4635/3762 4286/5006/3762
f 4139/4734/2638 5302/5218/3580 6113/5219/3763 5206/4735/2639
f 5302/5218/3580 4272/5220/3579 5506/5221/3764 6113/5219/3763
f 6113/5219/3763 5506/5221/3764 4344/5222/3725 5374/5223/3723
f 5206/4735/2639 6113/5219/3763 5374/5223/3723 3867/4736/2640
f 4272/5220/3579 5303/5224/3583 6114/5225/3765 5506/5221/3764
f 5303/5224/3583 4273/5226/3583 5507/5227/3765 6114/5225/3765
f 6114/5225/3765 5507/5227/3765 4345/5228/3727 5375/5229/3727
f 5506/5221/3764 6114/5225/3765 5375/5229/3727 4344/5222/3725
f 4273/5226/3583 5304/5230/3583 6115/5231/3765 5507/5227/3765
f 5304/5230/3583 4274/5232/3583 5508/5233/3765 6115/5231/3765
f 6115/5231/3765 5508/5233/3765 4346/5234/3727 5376/5235/3727
f 5507/5227/3765 6115/5231/3765 5376/5235/3727 4345/5228/3727
f 4274/5232/3583 5305/5121/3583 6116/5236/3765 5508/5233/3765
f 5305/5121/3583 4275/4646/2280 5509/4649/2283 6116/5236/3765
f 6116/5236/3765 5509/4649/2283 4347/4654/2288 5377/5237/3727
f 5508/5233/3765 6116/5236/3765 5377/5237/3727 4346/5234/3727
f 4018/4624/2228 5314/4625/3759 6117/4626/3766 5020/4627/2229
f 5314/4625/3759 4284/4624/3758 5510/4627/3767 6117/4626/3766
f 6117/4626/3766 5510/4627/3767 4348/4624/3596 5378/4625/3594
f 5020/4627/2229 6117/4626/3766 5378/4625/3594 4010/4624/2147
f 4284/4624/3758 5315/4625/3762 6118/4626/3768 5510/4627/3767
f 5315/4625/3762 4285/4624/3762 5511/4627/3768 6118/4626/3768
f 6118/4626/3768 5511/4627/3768 4349/4624/3600 5379/4625/3600
f 5510/4627/3767 6118/4626/3768 5379/4625/3600 4348/4624/3596
f 4285/4624/3762 5316/4673/3762 6119/4634/3768 5511/4627/3768
f 5316/4673/3762 4286/4611/3762 5512/4634/3768 6119/4634/3768
f 6119/4634/3768 5512/4634/3768 4350/4611/3600 5380/4673/3600
f 5511/4627/3768 6119/4634/3768 5380/4673/3600 4349/4624/3600
f 4286/4611/3762 5317/4673/3762 6120/4634/3768 5512/4634/3768
f 5317/4673/3762 4287/4611/2217 5513/4634/2220 6120/4634/3768
f 6120/4634/3768 5513/4634/2220 4351/4611/2225 5381/4673/3600
f 5512/4634/3768 6120/4634/3768 5381/4673/3600 4350/4611/3600
f 4158/4816/2795 5266/5127/3589 6121/5238/3769 4770/4894/2928
f 5266/5127/3589 4236/5126/3588 5514/5239/3770 6121/5238/3769
f 6121/5238/3769 5514/5239/3770 4292/5103/3577 5322/5101/3575
f 4770/4894/2928 6121/5238/3769 5322/5101/3575 4150/4895/2929
f 4236/5126/3588 5267/5133/3592 6122/5240/3771 5514/5239/3770
f 5267/5133/3592 4237/5132/3592 5515/5241/3771 6122/5240/3771
f 6122/5240/3771 5515/5241/3771 4293/5109/3581 5323/5107/3581
f 5514/5239/3770 6122/5240/3771 5323/5107/3581 4292/5103/3577
f 4237/5132/3592 5268/5139/3592 6123/5242/3771 5515/5241/3771
f 5268/5139/3592 4238/5138/3592 5516/5243/3771 6123/5242/3771
f 6123/5242/3771 5516/5243/3771 4294/5115/3581 5324/5113/3581
f 5515/5241/3771 6123/5242/3771 5324/5113/3581 4293/5109/3581
f 4238/5138/3592 5269/5142/3592 6124/5244/3771 5516/5243/3771
f 5269/5142/3592 4239/4636/2151 5517/4639/2154 6124/5244/3771
f 6124/5244/3771 5517/4639/2154 4295/4644/2159 5325/5119/3581
f 5516/5243/3771 6124/5244/3771 5325/5119/3581 4294/5115/3581
f 4037/4624/2699 5354/4625/3638 6125/4626/3772 4458/4627/2934
f 5354/4625/3638 4324/4613/3637 5518/4627/3773 6125/4626/3772
f 6125/4626/3772 5518/4627/3773 4228/4624/3756 5258/4625/3754
f 4458/4627/2934 6125/4626/3772 5258/4625/3754 4027/4624/2278
f 4324/4614/3637 5355/4614/3641 6126/4613/3774 5518/4612/3773
f 5355/4614/3641 4325/4634/3641 5519/4612/3774 6126/4613/3774
f 6126/4613/3774 5519/4612/3774 4229/4611/3760 5259/4613/3760
f 5518/4612/3773 6126/4613/3774 5259/4613/3760 4228/4614/3756
f 4325/4965/3641 5356/4612/3641 6127/4624/3774 5519/4612/3774
f 5356/4612/3641 4326/4612/3641 5520/4612/3774 6127/4624/3774
f 6127/4624/3774 5520/4612/3774 4230/4613/3760 5260/4612/3760
f 5519/4612/3774 6127/4624/3774 5260/4612/3760 4229/4625/3760
f 4326/5017/3641 5357/4635/3641 6128/4635/3774 5520/4612/3774
f 5357/4635/3641 4327/4614/2082 5521/4612/2085 6128/4635/3774
f 6128/4635/3774 5521/4612/2085 4231/4614/2090 5261/4635/3760
f 5520/4612/3774 6128/4635/3774 5261/4635/3760 4230/4966/3760
f 3991/4624/2015 5346/4625/3775 6129/4626/3776 4971/4627/2016
f 5346/4625/3775 4316/5005/3777 5522/4627/3778 6129/4626/3776
f 6129/4626/3776 5522/4627/3778 4336/4624/3741 5366/4625/3739
f 4971/4627/2016 6129/4626/3776 5366/4625/3739 3977/4624/1943
f 4316/5005/3777 5347/4625/3779 6130/4626/3780 5522/4627/3778
f 5347/4625/3779 4317/5005/3779 5523/4627/3780 6130/4626/3780
f 6130/4626/3780 5523/4627/3780 4337/4624/3743 5367/4625/3743
f 5522/4627/3778 6130/4626/3780 5367/4625/3743 4336/4624/3741
f 4317/5005/3779 5348/4625/3779 6131/4626/3780 5523/4627/3780
f 5348/4625/3779 4318/4611/3779 5524/4627/3780 6131/4626/3780
f 6131/4626/3780 5524/4627/3780 4338/4624/3743 5368/4625/3743
f 5523/4627/3780 6131/4626/3780 5368/4625/3743 4337/4624/3743
f 4318/4611/3779 5349/4625/3779 6132/4626/3780 5524/4627/3780
f 5349/4625/3779 4319/4624/1956 5525/4627/2018 6132/4626/3780
f 6132/4626/3780 5525/4627/2018 4339/4624/2021 5369/4625/3743
f 5524/4627/3780 6132/4626/3780 5369/4625/3743 4338/4624/3743
f 4001/4624/2149 5358/4625/3599 6133/4627/3781 4831/4627/2330
f 5358/4625/3599 4328/4624/3598 5526/4627/3782 6133/4627/3781
f 6133/4627/3781 5526/4627/3782 4316/5005/3777 5346/4625/3775
f 4831/4627/2330 6133/4627/3781 5346/4625/3775 3991/4624/2015
f 4328/4624/3598 5359/4625/3602 6134/4627/3783 5526/4627/3782
f 5359/4625/3602 4329/4624/3602 5527/4627/3783 6134/4627/3783
f 6134/4627/3783 5527/4627/3783 4317/5005/3779 5347/4625/3779
f 5526/4627/3782 6134/4627/3783 5347/4625/3779 4316/5005/3777
f 4329/4624/3602 5360/4673/3602 6135/4634/3783 5527/4627/3783
f 5360/4673/3602 4330/4611/3602 5528/4634/3783 6135/4634/3783
f 6135/4634/3783 5528/4634/3783 4318/4611/3779 5348/4625/3779
f 5527/4627/3783 6135/4634/3783 5348/4625/3779 4317/5005/3779
f 4330/4611/3602 5361/4673/3602 6136/4634/3783 5528/4634/3783
f 5361/4673/3602 4331/4611/1948 5529/4627/1951 6136/4634/3783
f 6136/4634/3783 5529/4627/1951 4319/4624/1956 5349/4625/3779
f 5528/4634/3783 6136/4634/3783 5349/4625/3779 4318/4611/3779
